script,cluster
01-BEST-SELLER_FEATURE_Matisse-Haddad,0
02-EQUITY-Ward-Kamel,1
03-RUSH-by-Cassidy-Alla-and-Read-Masino,0
08-LEVERAGE-Joe-Ferran,0
09-UNT-EROTIC-FAN-FICTION-MOVIE-Morgan-Lehmann,1
"1 30 Train_Ron Bass, Jen Smolka_Film______",1
"10 Cloverfield Lane_Josh Campbell, Matt Stuecken_Film____FKA -  The Cellar __",3
"10 Cloverfield Lane_Josh Campbell, Matt Stuecken_Film____FKA -  The Cellar __1",3
10 Things I Hate About Life_Gil Junger_Film_1 7 2013_____,3
"10 Things I Hate About You_Karen McCullah Lutz, Kirsten Smith_Film_11 12 1997_____",0
10-ALPHA-Halil-Ozsan,1
10-ANGELS-Final,0
100 Feet_Eric Red_Film______,3
1001-FEATS-Paul-Biery,2
10A-10B_Floyd Byars_Film______,1
11-WEST-COAST-LIVING-Sam-Lifshutz,3
12 and Holding_Anthony Cipriano_Film_4 6 2004_____,3
"12 Strong_Ted Tally, Peter Craig_Film_9 2 2016__Revised Draft_FKA -  Horse Soldiers __",3
12 YEARS A SLAVE (2013) - 2011.05.18 draft by John Ridley and Steve McQueen.Conflict,3
12 YEARS A SLAVE (2013) - undated final draft by John Ridley and Steve McQueen ,0
12 Years a Slave_John Ridley_Film___FYC___,0
12 Years a Slave_John Ridley_Film___FYC___1,0
12-ET-AL-Paul-Levitt,2
"127 Hours_Danny Boyle, Simon Beaufoy_Film_4 10 2010_____",0
"127 Hours_Danny Boyle, Simon Beaufoy_Film______",0
13 13 13_James Cullen Bressack_Film_5 15 2013_____,3
13 Years Later_Erica Schreiber_Film______,3
13-Ben-Magid,3
"13_Gela Babluani, Gregory Pruss_Film_5 1 2007_____",2
13_Gela Babluani_Film_11 19 2008_____,2
14-INCIDENTS_William-Gillies_2025,3
1440-MINS-Amitabh-Klemm,0
1492  Conquest of Paradise_Roselyn Bosch_Film_9 23 1991_____,1
15 Minutes_Unlisted_Film______,3
15-RIDING-HURT-Buck-Bloomingdale,1
17 Again_Jason Filardi_Film_10 5 2007_____,2
17 Bridges_Adam Mervis_Film_4 21 2016_____,2
17-WILD-PALMS-Ellis-Bahl-David-Helman,2
1760655322557_CapedWonder_PUZO_SUPERMAN_2nd_DRAFT_OCT_01_1975,2
1760656092697_A Watched Man,3
1760656093252_Besties,2
1760656093822_Buck Off,3
1760656096014_Couple Up,0
1760656096689_Dakar,0
1760656097304_Diaspora,2
1760656097917_Drum,0
1760656098531_Empire,3
1760656099097_Exposure,1
1760656099760_Embassy,0
1760656100334_Frankenstein With Benefits,0
1760656100990_It Has Us,0
"1760656101513_Kappa, The",0
1760656102043_Last One Alive,3
1760656102831_Medusa,0
1760656103754_Leverage,2
"1760656104328_Lost Boy, The ",3
1760656105061_Miami P.I.,3
1760656105587_Mobilized,3
1760656108322_Sparks,1
1760656108847_Wendy,1
1760656109456_Smoke on the Water,0
1760656110638_White Knight,3
1760656111331_Worthless Remains,3
1760656201623_Black Metallic,1
1760656203310_Death Trap,3
1760656204209_Dark Roast,0
"1760656204959_Endorsement, The",3
1760656205502_Fortress,3
"1760656206302_Hard Way Out, The",2
1760656206930_Haldane,0
1760656207547_High Speed Low Drag,3
1760656208408_Inconceivable,1
"1760656209036_Knot, The",0
"1760656209738_Last Executioner, The",2
"1760656210263_New Neighbors, The",0
1760656210783_PRINCESSES,3
1760656211480_Seventy Seven,2
1760656216021_Red Bay,2
"1760656216554_Resort, The",1
1760656217213_Slayer,3
1760656218369_The Terrorist Kind,2
1760656218946_Tommy and Frank,2
1760656219557_X-OVR,0
"1769_Bryan madole, Clayton Long_Film______",0
18-BLACKOUT-Kevin-Yang,0
187_Scott Yagemann_Film_11 4 1996__Revised Shooting Draft___,3
19-LETTERED-MEN-Cole-Maute,3
"1917_Sam Mendes, Krysty Wilson-Cairns_Film_4 26 2018__1st Draft___",3
"1917_Sam Mendes, Krysty Wilson-Cairns_Film______",3
1984_Michael Radford_Film___Continuity___,0
1MDB_Scott Conroy_Film______,1
"2 Days, 1 Night_Jean-Pierre Dardenne, Luc Dardenne_Film______",0
2-Face_Vince Gilligan_Film_5 2 2008_____,0
"20,000 Leagues Under the Sea_Craig Titley_Film_7 13 2007__2nd Draft___",2
"20,000 Leagues Under the Sea_Craig Titley_Film_7 13 2007_____",2
20-ALTER-SK-Dale,3
20000-Leagues-Under-The-Sea-(Scott-Z.-Burns)-06-06-2011-Unprod.-Digital,2
"2001  A Space Odyssey_Stanley Kubrick, Arthur C. Clark_Film______",1
2001 Maniacs_Unlisted_Film______,1
"2012_Roland Emmerich, Harold Kloser, Matt Charman_Film_2 19 2008__2nd Draft___",0
20th Century Women_Mike Mills_Film___FYC___,0
21 Jump Street_Joe Gazzam_Film_2 19 2008__1st Draft___,0
"21 Jump Street_Michael Bacall, Phil Lord, Christopher Miller, Jonah Hill, Seth Rogen, Evan Goldberg_Film_5 4 2011__Pink Production Draft___",3
21 Jump Street_Michael Bacall_Film_5 24 2009_____,3
21-EARLY-ACTION-Sophie-de-Bruijn,2
22 Jump Street_Oren Uziel_Film_4 23 2013_____,2
22-FLAMER-Greg-Levine,1
23-FROSTBITE-Michael-Jones,3
24-OUT-OF-THE-HOLLOW-Zak-Rizzo,3
25 8_Wes Craven_Film______,3
25-THE-PAROLE-OFFICER-Mike-McGrale,3
26-THE-WAFFLE-HOUSE-INDEX-Andrew-Nunnelly,0
262,3
"27 Dresses_Aline Brosh McKenna, Jon Lucas, Scott Moore, Liz Tuccillo_Film_2 22 2006__Revised Draft___",1
27-BAD-MEMORIES-Julian-Simpson,2
27-Dresses-(2008)-3.26.07,1
28 Days Later_Alex Garland_Film______,3
28 Weeks Later_Unlisted_Film_6 16 2006_____,3
28-DON-T-DO-72-Kryzz-Gautier,3
29-GEEZERS-Richard-Martin,3
29th Street_George Gallo_Film______,0
2_Barry L. Levy_Film_1 21 2011__1st Draft___,2
2_Barry L. Levy_Film_11 2 2012__1st Draft___,2
3 10 To Yuma_James Mangold_Film_1 23 2007__Shooting Script___,2
3 10 To Yuma_James Mangold_Film_8 3 2006_____,3
3 10 To Yuma_James Mangold_Film_8 3 2006_____1,3
"3 10 To Yuma_Michael Brandt, Derek Haas_Film_9 15 2004___FKA -  Contention __",2
"3 10 To Yuma_Michael Brandt, Derek Haas_Film_9 15 2004___FKA -  Contention __1",2
"3 10 To Yuma_Michael Brandt, Derek Haas_Film_9 15 2004___FKA -  Contention __2",2
"3 Musketeers_Andrew Davies, Alex Litvak_Film_2 25 2010_____",0
3-KNIGHTS-IN-CHICAGO-THE-HORSEMEN-Mitch-Rouse-Jay-Leggett-05-01-11,0
"30 Days of Night_Steve Niles, Stuart Beattie, Adi Hasak_Film_7 22 2006__Production Polish___",3
"30 Days of Night_Steve Niles, Stuart Beattie, Adi Hasak_Film_7 22 2006__Production Polish___1",3
"30 Minutes or Less_Michael Diliberti, Matthew Sullivan_Film_12 11 2009_____",3
"30 Minutes or Less_Michael Diliberti, Matthew Sullivan_Film_7 7 2009_____",3
"30 Minutes or Less_Michael Diliberti, Matthew Sullivan_Film_9 12 2009_____",3
30-LET-S-BE-FRIENDS-Mia-Karr,1
300 _Michael Gordon_Film_6 9 2005_____,3
3022,3
31-LIANA-Cesar-Vitale,1
32-PINFALL-Sean-O_Reilly,2
33-REVENGE-BODY-Devon-Kerr,0
34-MILKMAN-Lucas-Kavner-Dylan-Dawson,3
35-THE-TEXAN-Kevin-Arnovitz,1
36-ALEX-ALERT-Donald-Diego,1
37-AMERICAN-MIDNIGHT-Connor-McIntyre,3
38-CAPABLE-PEOPLE-Matthew-Stewart,0
39-CUT-OUTS-Isaac-Louis-Garcia,2
4-Sale-By-Jerks-Jay-Arnold,1
40-INFESTATION-Chris-Freyer,0
41-TRACE-Jackson-Kellard,3
42-HOUSE-OF-TIME-Tommy-White-Miles-Hubley,0
42.6 Years_Seth Reiss_Film_10 5 2021_____,1
42_Brian Helgeland_Film_7 9 2012_____,0
43-LORDS-OF-THE-DANCE-Greg-Wayne,1
"44 Inch Chest_Louis Mellis, David Scinto_Film______",3
44-MR.-BLACKBURN_CLEAN,0
45-NICK-OF-TIME-Patrick-Pittis,0
46-OH-YOKO!-Allison-Lee,0
47-CAPRICORN-Edwin-Cannistraci,1
478_Javier Gullon_Film_11 1 2014_____,2
"48 HOURS_Roger Spottiswoode, Walter Hill, Larry Gross, Steven E. De Souza_Film___Final Draft___",3
"48 HOURS_Roger Spottiswoode, Walter Hill, Larry Gross, Steven E. De Souza_Film______",3
48-RENEGOTIATE-Mark-Townend,0
49-SISTER-Lauren-Kilbride,1
5 Against a Bullet_Alex Litvak_Film______,3
5 Against a Bullet_Joe Carnahan_Film_1 15 2015_____,3
5 Before 5_Sultan Sharrief_Film_5 1 2012_____,1
5 to 7_Victor Levin_Film___Distribution Draft___,1
50 50_Will Reiser_Film_1 23 2009_____,0
50 50_Will Reiser_Film_1 6 2008_____,0
50 50_Will Reiser_Film_7 2 2008_____,0
50 50_Will Reiser_Film_7 2 2008_____1,0
50 50_Will Reiser_Film___Shooting Script___,0
50 First Dates_Unlisted_Film______,1
50-STANDBY-Derek-Steiner,3
51-THE-BLACK-ECHO-Peter-Haig,3
52-Percent-Zina-Zaflow,1
53-ALTS-Seth-Worley,2
"531_Thomas A. Brown, Rob Goodman_Film______",2
55-GUYS-WITH-NO-FRIENDS-Deborah-Kaplan-Harry-Elfont,3
56-HEARTLAND-EXPRESS-Trevor-James,1
57-LAST-STOP-IN-THE-DESERT-Noah-Sellman,1
58-OBJECT-PERMANENCE-Alessandra-DiMona,1
6 Balloons_Marja-Lewis Ryan_Film______,0
"6 Miranda Drive_Greg Mclean, Shayne Armstrong, Shane Krause_Film_6 15 2011__Revised Draft___",3
60-SERPENT-GIRL-Matthew-Carnahan,0
61-THE-LIGHT-FROM-THE-ARCADE-Derek-Pastuszek,0
62-THE-STAG-AND-THE-BULL-Kelly-Walker,0
63-AMPHORA-Greg-Jardin,0
65-ENTERTAINING-Hannah-Hafey-Kaitlin-Smith,1
66-HANDY-MAN-Teddy-Schenck,0
67-KAMPF-Kim-Sang-Kyu,1
68-PLACE-TO-BE-Aimee-Pham-Kai-Sampadian,1
69-SUGAR-FREE-Kirill-Baru,1
7 Days as a Kingpin_Paul Bunch_Film______,3
7 Days to Live_Unlisted_Film______,0
70-SUNLIGHT-Kit-Steinkellner,0
71-THE-SURVIVAL-LIST-Tom-Melia,0
72-THE-VALLEY-OF-HINNOM-Jacob-Marx-Rice,3
73-VIENNA_FEATURE_Lindsay-Michel,0
74-WITH-THE-8TH-PICK...-Alex-Sohn-Gavin-Johannsen,1
77-Blackout-01.01.21,3
"77_James Ellroy, David Matthews_Film_9 16 2009_____",3
"77_James Ellroy, David Matthews_Film_9 16 2009_____1",3
8 HABITS OF HIGHLY MUDEROUS PEOPLE_Michael Boyle_Film______,3
"8 Legged Freaks_Jesse Alexander, Ellory Elkayem_Film_7 1 2000_____",3
"8.5_Federic Fellini, Ennio Flaiano, Tullio Pinelli, Brunello Rondi_Film___Continuity Script___",1
88-MILES-Norm-Leonard-and-Eric-Johnson,0
88_Jimmy Loweree_Film______,3
8MM_A.K. Walker_Film_7 11 1997__First Draft___,2
8MM_A.K. Walker_Film______,3
8MM_A.K. Walker_Film______1,3
"99 Homes_Ramin Bahrani, Amir Naderi_Film______",2
999_Matt Cook_Film_6 22 2010__Original Draft___,2
9_Pamela Pettler_Film______,3
A Band of Wolves_Reynaldo Leal_Film______,0
A Beautiful Day in the Neighborhood_Alexis C. Jolly_Film______,1
"A Beautiful Day in the Neighborhood_Micah Fitzerman-Blue, Noah Harpster_Film______",1
A Better Life_Eric Eason_Film____FKA -  The Gardener __,2
A Better Place_Brad Ingelsby_Film_1 1 2014__1st Draft___,0
"A Big, Bold, Beautiful Journey_Seth Reiss_Film______",1
"A Bitch Named Death_Michael Kenny, Diane Burrell, Rhoades Rader_Film_1 1 2012_____",3
A Black Heart_Josh James_Film_4 1 2010_____,3
A Bout Portant_Unlisted_Film______,3
A Bronx Tale_Chazz Palminteri_Film______,0
A Brother's Love_Brian Sullivan_Film______,0
"A CIA Agent Fucked My Girlfriend_Clint Gage, Nick Mundy, Michael R. Truly_Film_6 12 2014_____",3
A Clockwork Orange_Stanley Kubrick_Film______,1
"A Complete Unknown_James Mangold, Jay Cocks_Film______",0
A Complete Unknown_Unlisted_Film______,0
A Confederacy Of Dunces_Steven Soderbergh_Film______,0
A Country of Strangers_Sean Armstrong_Film______1,2
A Crowded Room_James Cameron_Film______,3
A Crowded Room_James Cameron_Film______1,3
A Dangerous Method_Christopher Hampton_Film_9 20 2009__Revised Draft___,2
A Different Man _Aaron Schimberg_Film_6 28 22_____,0
A Dry White Season_Euzhan Palcy_Film_5 1 1987__Revised 1st Draft___,3
A Fair Marriage_Daniel Goldfarb_Film_6 5 2012_____,1
"A Fantastic Woman_Sebastian Lelio, Gonzalo Maza_Film______",0
A Few Good Men_Aaron Sorkin_Film_7 15 1991__Revised 3rd Draft___,0
A Few Good Men_Aaron Sorkin_Film_7 15 1991__Revised 3rd Draft___1,2
A Few Good Men_Aaron Sorkin_Film_7 15 1991__Revised 3rd Draft___2,0
A Film By Alan Stuart Eisner_Andrew Bergman_Film_3 1 2012_____,0
"A Fish Called Wanda_John Cleese, Charles Crichton_Film_7 13 1987__6th Draft___",2
"A Fistful of Quarters_Brian Hecker, Craig Sherman_Film___1st Draft___",1
A Glass Darkly_Mark H. Young_Film_9 27 2013__Revised Draft___,3
A Good Hunter_Micah Ranum_Film______,3
"A Good Old Fashioned Orgy_Alex Gregory, Peter Huyck_Film_11 1 2007_____",0
"A Good Old-Fashioned Orgy_Alex Gregory, Peter Huyck_Film_11 1 2007_____",0
A Goofy Movie_Jymn Magon_Film______,0
A Guy Called Michael Egan_John Montague_Film______,1
A Hard Day's Night_Alun Owen_Film______,0
A Haunting in Venice _Michael Green_Film______,3
A Hero_Massoumeh Lahidji_Film_10 1 2020_____,2
A Hidden Life_Terrence Malick_Film_7 6 2016__FYC___,0
A History of Fools_Eric Podell_Film______,0
A Hufflepuff Love Story_Sophia Lopez_Film______,0
A Killer Musical_Chris Hicks_Film______,3
"A Little Game Without Conseqeuence_Allan Loeb, Gabriele Muccino, Liz Tuccilo_Film_8 22 2006_____",1
A Little Something For Your Birthday_Susan Walter_Film_9 19 2008_____,1
A Long Way Down_Jack Thorne_Film_8 17 2012__Shooting Script___,1
"A Magnificent Death from a Shattered Hand_Jose Prendes, Thomas Jane_Film_1 28 2012_____",3
A Man Called Otto_David Magee_Film______,2
"A Many Splintered Thing_Chris Shafer, Paul Vicknair_Film______",1
"A Million Ways to Die in the West_Seth MacFarlane, Alec Sulkin, Wellesley Wild_Film_1 2 2012__1st Draft___",0
A Mind Forever Voyaging_Gary Whitta_Film______,0
A Monster Calls_Patrick Ness_Film_7 6 2012_____1,3
A Monster Calls_Patrick Ness_Film_9 25 2014_____,0
A Most Violent Year_J.C. Chandor_Film______,2
A Most Violent Year_J.C. Chandor_Film______1,2
A Most Wanted Man_Andrew Bovell_Film_6 3 2011__2nd Draft___,2
A New Leaf_Elaine May_Film______,2
A Nice Indian Boy_Eric Randall_Film_1 5 2021_____,1
"A Night at the Roxbury_Steve Koren, Will Ferrell, Chris Kattan_Film_6 2 1997_____",1
A Nightmare on Elm Street 6 - Freddy's Dead_Rachel Talalay_Film______,3
A Nightmare On Elm Street 7 - A New Nightmare_Wes Craven_Film______,3
A Nightmare On Elm Street II  Freddy's Revenge_David Chaskin_Film______,3
A Nightmare On Elm Street II  Freddy's Revenge_David Chaskin_Film______1,3
"A Nightmare On Elm Street III  Dream Warriors_Wes Craven, Bruce Wagner, Chuck Russell, Frank Darabont_Film_6 16 1986_____",0
"A Nightmare On Elm Street III  Dream Warriors_Wes Craven, Bruce Wagner, Chuck Russell, Frank Darabont_Film______",0
"A Nightmare On Elm Street IV  The Dream Master_Jim Wheat, Ken Wheat_Film_4 12 1988_____",2
"A Nightmare On Elm Street V  The Dream Child_John Skipp, Craig Spector_Film_1 7 1989_____",3
A Nightmare On Elm Street_Wes Craven_Film______,3
A Nightmare On Elm Street_Wes Craven_Film______1,3
A Noble Lie_A.J. Ferrara_Film______,0
A Payroll to Meet_Joseph Sloman_Film______,2
A Perfect Getaway_David Twohy_Film_6 12 2007_____,2
A Perfect World_John Lee Hancock_Film_12 1 1992_____,0
A Philosophical Investigation_Nicholas Meyer_Film_9 9 1995_____,2
A Prayer Before Dawn_Jonathan Hirschbein_Film_2 23 2016_____,3
A Problem of Providence_Michael Vukadinovich_Film______,3
"A Quiet Place_Bryan Woods, Scott Beck, John Krasinski_Film___FYC___",2
"A Quiet Place_Scott Beck, Bryan Woods_Film______",3
A Real Pain_Jesse Eisenberg_Film______,1
A Rose in the Darkness_Joe Marino_Film______,3
A Rose in the Darkness_Joe Marino_Film______1,3
A Scanner Darkly_Charlie Kaufman_Film_12 20 1997__1st Draft___,0
A Separation_Asghar Farhadi_Film_7 1 2010_____,2
"A Serious Man_Joel Coen, Ethan Coen_Film______",2
"A Short Happy Life_Craig Mazin, Greg Erb_Film_6 25 2001_____",0
"A Simple Favor_Jessica Sharzer, Peter Craig, Paul Feig_Film_7 10 2017__White Production Draft___",1
A Single Point of Failure_Terry Huang_Film______,0
A Single Shot_Matthew F. Jones_Film_4 19 2011__Blue Production Draft___,0
A Single Shot_Matthew F. Jones_Film_8 31 2009_____,3
A Slight Trick of the Hand_Jeffrey Hatcher_Film_3 15 2010_____,0
A Son Of The Circus_John Irving_Film_9 5 1995__Revised___,1
"A Star Is Born_Stephen J. Rivele, Christopher Wilkinson_Film_Thu Nov 19 2009 00 00 00 GMT-0600 (Central Standard Time)_____",1
A Tale of Love and Darkness_Natalie Portman_Film_1 30 2014_____,0
"A Thousand Clowns_Lowell Ganz, Babaloo Mandel_Film_7 1 2009_____",0
A Thousand Paper Cranes_Ben Coccio_Film_Wed Aug 15 2018 00 00 00 GMT-0500 (Central Daylight Time)_____,2
A Topiary_Shane Carruth_Film_7 5 2008_____,2
A Tree Grows in Brooklyn_Unlisted_Film______,1
"A Very Harold & Kumar Christmas_Jon Hurwitz, Hayden Schlossberg_Film_5 13 2010_____",0
A Walk to Remember_Karen Janszen_Film_6 27 2000_____,0
A Wilderness of Mirrors_David Scarpe_Film______,2
A Woman in the Shadows_Julia Fontana_Film______1,0
A Woman's Secret_Herman J. Mankiewicz_Film_1 22 1948__Revised Final Shooting script_FKA -  The Long Denial __,2
A Yacht In The Apache Junction_Avi Glick_Film______,2
A-Dangerous-Method-(2011)-White-Rev.-4-22-10,0
A-Few-Good-Men-1992-10-02-1991,1
A-Head-Full-of-Ghosts-10.26.18-Osgood-Perkins-Unprod.,1
A-House-of-Dynamite-(2025)-FYC,2
A-MAN-DIES,0
A-Really-Really-Difficult-Engagement,1
A-W-O-L-2012-Nicholl-Finalist,0
A-WEREWOLF-9-21-11-Keith-Fox,3
A.K.A._Doug Richardson_Film_4 21 2006_____,1
A.P.E.X._Kevin Elders_Film______,0
Abattoir_C. W. Monfette_Film_11 1 2012__6th Revisions___,3
Abbi and the Eighth Wonder_Matt Roller_Film______,0
Abduction_Shawn Christensen_Film______,2
Abduction_Shawn Christensen_Film______1,2
ABDUCTION_Shawn Christensen_Film______2,2
Abduction_Shawn Christensen_Film______3,2
Abomination_Bragi Schut_Film______,3
About Alex_Jesse Zwick_Film_6 30 2013_____,0
"About Schmidt_Alexander Payne, Jim Taylor_Film_5 8 2000__2nd Draft___",1
About Time_Richard Curtis_Film_3 8 2012__Revised___,1
About-Time-(2013)-09-26-2011,1
Above Kings_David Henry Gerson_Film_6 18 2017_____,0
"Above the Law_Steven Pressfield, Ronald Schusset, Andrew Davis_Film_4 29 1987__Final Revised Draft___",3
Abroad_Dan Lee West_Film_8 29 2011__Revised Draft___,3
Absence of Courage_Yaroslav Altunin_Film______,3
Absence of War_David Raymond_Film______,0
Absolute Power_William Goldman_Film_5 1 1996_____,3
"absolutely anything_Terry Jones, Gavin Scott_Film_10 22 2012_____",3
"Absolutely Anything_Terry Jones, Gavin Scott_Film_2 20 2012_____",3
Abstract-spec2,0
"Accidents Will Happen_George Bricker, Anthony Coldeway, Victor D. Rose_Film_8 24 1937_____",2
Ace in the Hole_David Mamet_Film_4 1 1990__2nd Revised Draft___,2
"Ace in the Hole_Erik Jendresen, Dylan Kussman, Trace Sheehan_Film_8 8 2011_____",0
"Ace Ventura  Pet Detective_Jack Bertstein, Tom Shadyac, Jim Carrey_Film______",0
"Ace Ventura_Jack Bernstein, Tom Shadyac, Jim Carrey_Film______",0
Achilles-X,3
Acolyte_Derek Kolstad_Film______,3
Acts of Vengeance_Matt Venne_Film_12 8 2014___FKA -  The Stoic __,3
"Ad Astra_James Gray, Ethan Gross_Film_8 11 2016_____",2
"Adaptation_Charlie Kaufman, Donald Kaufman_Film_11 21 2000__Revised___",0
"Adaptation_Charlie Kaufman, Donald Kaufman_Film_9 24 1999__2nd Draft___",0
"Addams Family_Larry Wilson, Caroline Thompson, Paul Rudnick_Film_4 11 1991__Shooting Script___",0
Admission_Karen Croner_Film_10 26 2010__1st Revised Draft___,1
Adventure Buddy_Jeremy Adams_Film______,1
Adventureland_Greg Mottola_Film_8 5 2007__Revised___,2
Aesop The Courageous_J.D. Dorsey_Film______,0
AESOP-AND-THE-MOUNTAIN-KING-Seth-Lochhead,2
Affairs of State_Pat Cunnane_Film______,0
Affliction_Paul Schrader_Film______,3
After Hailey_Scott Frank_Film_6 26 2008__Revised___,0
After Life_Agnieszka Wojtowicz-Vosloo_Film_10 7 2008_____,3
After School Special_David H. Steinberg_Film_12 21 2001__Final Shooting Script___,0
After the Hunt_Nora Garrett_Film______,2
After the Wedding_Bart Freundlich_Film_5 28 2018__Pink Draft___,1
After-the-Hunt-(2025)-2024.08.13-digital-FYC,0
After-Yang-(2022)-Kogonada-Undated,1
Aftermath-Draft4-NGDavis-1,3
"Afternoon On A Hill_Shannon Wilcox, Alessandra Cusani_Film_6 2 2012_____",2
Aftersun_Charlotte Wells_Film______,1
Agent  Century 21_Greg Brooker_Film_12 1 2011_____,0
"Agent 47_Skip Woods, Michael Finch_Film_11 1 2012_____",2
Agent Fabulous_Chip Hall_Film_3 15 2010__Polish Draft___,0
Agent Vinod_Unlisted_Film______,2
"Agent Zigzag_Mark Bomback, Rowan Joffe, James Bobin_Film_12 5 2012_____",1
agent-ox-03-03-11,2
Agnes of God_Unlisted_Film______,0
"Agora_Alejandro Amenabar, Mateo Gil_Film______",2
AIDa_Alexis Jacknow_Film______,0
Ain't Them Bodies Saints_David Lowery_Film_11 1 2011_____,2
Air Force One_Andrew W. Marlow_Film_6 30 1995_____,3
Air Force One_Andrew W. Marlow_Film______,3
Airplane II  The Sequel_Ken Finkleman_Film_2 18 1982__2nd Draft___,2
"Airplane!_Jim Abrahams, David Zucker, Jerry Zucker_Film_6 15 1979__Final revised draft___",0
"Airplane!_Jim Abrahams, David Zucker, Jerry Zucker_Film_6 15 1979__Final revised draft___1",0
Air_Alex Convery_Film______,2
Air_Jordan Trippeer_Film_Wed Aug 29 2018 00 00 00 GMT-0500 (Central Daylight Time)_____,0
aisha screenplay copy__Film______,2
Akira_Albert Torres_Film_11 18 2010_____,3
Akira_Albert Torres_Film_11 18 2010_____1,3
Aladdin  The Curse of the Jinn_Siavash Farahani_Film_6 16 2012__2nd Draft___,3
Alamo_James Edward Grant_Film__Dialogue list____,1
Alamo_James Edward Grant_Film__Dialogue list____1,1
Alan Wake __Film______,3
Alan Wake's American Nightmare_Unlisted_Film______,1
Alan Wake's American Nightmare_Unlisted_Film______1,2
Alan Wake's American Nightmare_Unlisted_Film______2,2
Alan Wake's American Nightmare_Unlisted_Film______3,2
"Alan Wake_Sam Lake, Mikko Rautalahti_Film______",3
Alan Wake__Film______,2
"Alex Cross_Kerry Williamson, Marc Moss_Film_1 31 2011__Revised_FKA -  I, Alex Cross __",3
Alex-Cross-(2012)-fka-I-Alex-Cross-3-5-11,0
Alexander_Peter Buchman_Film_12 17 1997_____,3
"Algiers_John Howard Lawson, James M. Cain_Film_4 12 1938__Revised___",0
Alibi Ike_William Wister Haines_Film_3 19 1935_____,0
"Alice Adams_Booth Tarkington, Dorothy Yost, Mortimor Offner_Film______",1
Alice In Wonderland_Linda Woolverton_Film_10 28 2008__Revised Shooting script___,0
Alice In Wonderland_Linda Woolverton_Film_2 23 2007__1st Draft_FKA -  Alice __,0
ALICE-OF-OZ,3
Alien  Covenant_John Logan_Film_11 20 2015_____,0
"Alien 3_David Giler, Walter Hill, Larry Ferguson_Film_4 10 1991__Pink Revised___",3
Alien 3_David Twohy_Film_10 1 1989__1st draft_FKA -  Alien III __1,3
Alien 3_Eric Red_Film____FKA -  Alien III __,2
Alien 3_Eric Red_Film______,2
Alien 3_John Fassano_Film_3 29 1990__1st draft_FKA -  Alien III __,3
Alien 3_John Fassano_Film_3 29 1990__1st draft_FKA -  Alien III __1,3
"Alien 3_Walter Hill, David Giler_Film______",3
Alien 3_William Gibson_Film___Revised 1st draft_FKA -  Alien III __,2
Alien 3_William Gibson_Film___Revised 1st draft_FKA -  Alien III __1,2
Alien 4 - Resurrection_Unlisted_Film______1,3
Alien Harvest_Jon Spaihts_Film______,2
"Alien III_Walter Hill, David Giler_Film_4 10 1991_____",3
"Alien Nation_Rockne S. O'Bannon, James Cameron_Film_10 1 1987_____",2
Alien Resurrection_Joss Whedon_Film_7 22 1996__Optional 2nd revision_FKA -  Alien IV __1,3
Alien Resurrection_Joss Whedon_Film______,3
Alien vs. Predator_Unlisted_Film_9 26 2003_____,2
ALIEN-PRISON-SHIP,3
Alien-Renaissance-Alien-Romulus-early-undated,3
Alien-Romulus-(2024)-Blue-Rev.-Fede-Alvarez-Rodo-Sayagues-10.18.22,0
Aliens-Are-Stealing-Our-Weed-The-4.20.20,0
Aliens_James Cameron_Film_5 28 1985__Revised 1st draft___,3
Aliens_James Cameron_Film______,3
"Alien_Walter Hill, David Giler_Film_6 1 1978__Revised Final draft___",0
Alive and Kicking_Audrey Wells_Film_12 14 2010_____,0
"Ali_Steven J. Rivele, Christopher Wilkinson, Eric Roth, Michael Mann_Film______",0
All About Eve_Joseph Mankiewicz_Film_5 1 1950__Shooting script___,1
All About Steve_Kim Barker_Film_11 1 2006_____,0
"All Dogs Go To Heaven 2_Kelly Ward, Mark Young_Film_6 6 1994_____",0
"All Good Things_Marcus Hinchey, Marc Smerling, Andrew Jarecki_Film_3 12 2008__Shooting Script___",0
All In - The Fight for Democracy_Unlisted_Film___Final Lock___,2
All Is Lost_J.C. Chandor_Film_2 28 2011_____,2
All Is True_Ben Elton_Film___Shooting Script___,1
"All Must Die_Patrick Casey, Worm Miller_Film_8 1 2011_____",3
All Of Us Strangers Read The Screenplay Redacted__Film______,0
"All Quiet on the Western Front_Ian Stokell, Lesley Paterson, Edward Berger_Film_4 22 2021__Goldenrod Draft___",3
All The Boys Love Mandy Lane_Jacob Forman_Film______,3
All The Kings Men_Robert Rossen_Film_1 1 1949__Shooting Script___,2
All the Old Knives_Olen Steinhauer_Film_3 22 2021__Goldenrod Revisions___,0
All The President's Men_William Goldman_Film_3 1 1975_____1,2
All The President's Men_William Goldman_Film_3 1 1975_____2,2
All the Pretty Dead Girls_Marvin K. Perkins_Film______,0
All the Pretty People_Brian Duffield_Film______,3
All We Imagine As Light_Payal Kapadia_Film______,2
All You Need Is Kill_D W Harper_Film_4 1 2010_____,3
All You Need Is Kill_D.W. Harper_Film_4 1 2010__1st Draft___,3
All-Dirt-Roads-Taste-of-Salt-(2023)-Draft-7-05.01.20-Raven-Jackson,2
All-or-Nothing,0
All-the-Old-Knives-(2022)-6-29-2014,3
Allegheny Uprising_P.J. Wolfson_Film_7 14 1939__Rev. Final draft_FKA -  The First Rebel __,2
Allegiance,2
Allied_Steven Knight_Film_10 31 2013__2nd Option___,0
Allied_Steven Knight_Film_10 31 2013__2nd Option___1,0
Allies with Benefits_Elizabeth Wright Shapiro_Film_3 2 2009_____,1
Allies With Benefits_Elizabeth Wright Shapiro_Film_3 2 2009_____1,1
Almost Famous_Cameron Crowe_Film_12 1 1998_____,1
Almost Famous_Cameron Crowe_Film_12 1 1998_____2,1
Alone-2016-Nicholl-Finalist,2
Along the Highways_Zac Stanford_Film_10 10 2012_____,0
Along-Came-Polly-(2004),2
ALPHA-MOMS-Kit-Steinkellner,1
"Altered Carbon_John Pogue, Albert Torres, Joshua Marston_Film_11 1 2007__Revised___",0
"Altered Carbon_John Pogue, Albert Torres, Joshua Marston_Film_11 1 2007_____",0
Altered States  30 Years Later_Fernley Phillips_Film______,2
Altered States_Paddy Chayefsky_Film_2 1 1979__Revised___,2
Altitude_Michael S. Palmer_Film______,0
Altitude_Michael S. Palmer_Film______1,0
ALVARADO-Sean-Armstrong,2
Amadeus_Peter Shaffer_Film_1 1 1984__Shooting script___,1
"Amaranth_Patrick Aison, Brad Kean_Film_4 28 2011___FKA -  Echo Station __",3
AMBER_Harlow,2
Ambulance-2022-Fedak-02-07-2014,3
Amelia_Ron Bass_Film_9 14 2007_____,1
"America's Most Hated Woman_Tommy O'Haver, Irene TUrner_Film_6 17 2013__Table Read Draft___",0
"American Assassin_Marshall Herskovitz, Edward Zwick, Michael Finch, Jeffrey Nachmanoff_Film_2 19 2013__Revised___",3
American Beauty_Alan Ball_Film___Early Draft___,1
American Beauty_Alan Ball_Film___Final Draft___,0
American Beauty_Alan Ball_Film______1,0
American Beauty_Alan Ball_Film______2,1
American Crime -  Pilot _John Ridley_Film_3 8 2014__Pink production draft___,3
AMERICAN DREAMS_Tricia Lee Corey Brown_Film______,0
American Drifter_Eric Bress_Film_2 11 2015__1st draft___,2
American Gangster_Steven Zaillian_Film_7 27 2006__Shooting Script___,2
American Gangster_Steven Zaillian_Film_9 16 2005_____,1
American Garbage Head_S.A. Griffin_Film_8 7 2011_____,3
American Gigolo_Paul Schrader_Film_1 1 1980__Shooting Script___,0
American Gigolo_Paul Schrader_Film_1 1 1980__Shooting Script___1,0
"American Graffiti_George Lucas, Gloria Katz, Willard Huyck, Richard Walter_Film______",1
"American Graffiti_George Lucas, Gloria Katz, Willard Huyck_Film_1 1 1973__Final Draft___",0
"American Graffiti_George Lucas, Gloria Katz, Willard Huyck_Film______",0
American History X_David McKenna_Film______,3
American History X_David McKenna_Film______1,3
American Hostage_Unlisted_Film______,2
"American Hustle_Eric Warren Singer, David O. Russell_Film______",0
"American Hustle_Eric Warren Singer, David O. Russell_Film______1",0
American Hustle_Eric Warren Singer_Film_1 6 2012__Untitled draft___,0
American Maniacs_Trent Haaga_Film_6 3 2005__1st draft_FKA -  Dog-raped Wife __,3
"American Milkshake_David Andalman, Mariko Munro_Film_9 28 2011___FKA -  Milkshake __",0
American Outlaws_Unlisted_Film______,0
american patriot__Film______,3
American Pie_Adam Herz_Film_7 7 1998__White Revision___,1
American Pie_Adam Herz_Film_7 7 1998__White Revision___1,1
American Pie_Adam Herz_Film_7 7 1998___FKA -  East Great Falls High __,1
"American Psycho_Mary Harron, Guinevere Turner_Film______",2
American Psycho_Noble Jones_Film_2 16 2012_____,1
American Reckoning_Wes Tooke_Film______,3
"American Refugee_Allison Buckmelter, Nicolas Buckmelter_Film______",2
American Shaolin_Keith W. Strandberg_Film______,0
American Sniper_Jason Dean Hall_Film_4 5 2013__1st draft___,3
American Sniper_Jason Hall_Film_3 18 2014_____,3
American Sniper_Jason Hall_Film_7 17 2013__2nd draft___,3
American Sniper_Jason Hall_Film______,3
"American Splendor_Robert Pulcini, Shari Springer Berman_Film___Shooting Script___",0
American Tabloid_Adam Morrison_Film_9 19 2017_____,0
American Terrorist_Matt Fruchtman_Film_7 30 2015_____,3
American Terrorist_Matt Fruchtman_Film_8 31 2015_____,3
American Ultra_Max Landis_Film_3 13 2013_____,3
American Ultra_Max Landis_Film_4 15 2013_____,3
American Witch_Joseph I. Martinez_Film______,3
American-Pirates,0
AmericanFiction__Film______,1
Amityville - The Awakening_Franck Khalfoun_Film_2 7 2014___FKA -  Locked In __,0
Amour_Michael Haneke_Film______,1
Amsterdam_David O. Russell_Film_3 16 2021_____,0
An Aftermath_Lauren Caris Cohan_Film______,0
An American Tail_Unlisted_Film______,2
"An American Tragedy_S.M. Eisenstein, G.V. Alexandrov, Ivor Montagu_Film_9 1 1930__1st draft___",0
An American Werewolf in London_John Landis_Film______,3
"An American Werewolf in Paris_Anthony Waller, Tim Burns, Tom Stern_Film______",3
"An Andalusian Dog_Luis Bunel, Salvador Dali_Film______",2
An Education - Writer's Statement_Nick Hornby_Film__Writer's Statement____,1
An Education_Nick Hornby_Film_4 4 2007_____,1
An Education_Nick Hornby_Film______,1
An Evening with Abraham Lincoln_Rob Lieber_Film______,1
An Ideal Woman_Laura Kosann_Film______,2
"An Oakland Holiday_Yudho Aditya, Emma Dudley_Film_8 31 2021_____",1
An Officer And A Gentleman_Douglas Day Stewart_Film_4 13 1981__Final Draft___,0
An Ordinary Man_Brad Silberling_Film_11 1 2010_____,3
An-American-Pickle-(2020)-Simon-Rich-11.14.2016,0
Anaconda-(2025)-5.2.24,0
Analog_Mike Million_Film_6 22 2004_____,0
"Analyze That_Peter Steinfeld, Harold Ramis, Peter Tolan_Film_6 1 2002_____",0
"Analyze This_Peter Tolan, Harold Ramis, Kenneth Lonergan_Film_7 1 1998_____",0
"Anastasia_Darnell Metayer, Josh Peters_Film______",3
Anatomy Of A Fall __Film______,2
ANDROID-9-12-11,3
Angel Eyes_Gerald DiPego_Film_10 1 1999__Polish 7th Draft___,2
Angel Face_unspecified_Film_7 12 1952__Final draft_FKA -  The Murder __,2
"Angel Has Fallen_Creighton Rothenberger, Katarin Benedikt_Film______",3
Angel On The Wall_unspecified_Film______,0
Angel(s) in Disguise_S.W. Bridgewater_Film_9 16 2011_____,0
"Angels & Demons_Akiva Goldsman, David Koepp_Film_4 9 2008__Draft White___",2
"Angry Video Game Nerd  The Movie_Kevin Finn, James Rolfe_Film______",3
"Angry Wives_Kristina Hagan, James E. Meyer_Film___1st Draft___",0
Animal Among Us_Jonathan Murphy_Film_6 1 2015__Shooting Draft___,3
Animal Kingdom_David Michod_Film______,2
Animus_Amanda Evans_Film_5 3 2013__8th Draft___,3
Anna Karenina_Tom Stoppard_Film______,1
Anna Karenina_Tom Stoppard_Film______1,1
Annabelle_Gary Dauberman_Film_10 7 2013_____,3
Annabelle_Gary Dauberman_Film_10 7 2013_____1,3
ANNABELLE_Goodman,0
Annalise & Song_SJ Inwards_Film_8 5 2020_____,0
"Annie Hall_Woody Allen, Marshall Brickman_Film_1 1 1977__Shooting Script___",1
"Annie Hall_Woody Allen, Marshall Brickman_Film______",1
"Annie Hall_Woody Allen, Marshall Brickman_Film______1",1
Annie_Unlisted_Film_5 24 2013_____,1
Annihilation_Alex Garland_Film___V.10___,2
Anomalisa_Charlie Kaufman_Film_10 14 2015__Final Shooting Script___,1
Anonymous_unspecified_Film_5 27 2011_____,0
Anora_Sean Baker_Film_4 22 2023_____,3
Another Year_Mike Leigh_Film______,1
Another Year_Mike Leigh_Film______1,1
Another-Earth-(2011),2
"Antebellum_Gerard Bush, Christopher Renz_Film______",3
"Anthropoid_Sean Ellis, Anthony Frewin_Film_6 24 2015__Shooting Script___",2
Anti-Christ_Lars von Trier_Film_7 1 2008__Final script___,3
Anti-Christ_Lars von Trier_Film_7 1 2008__Final script___1,3
Antitrust_Howard Franklin_Film_1 1 2001__Shooting draft___,2
Antitrust_Howard Franklin_Film_1 1 2001__Shooting draft___1,2
"Antlers_Henry Chaisson, Nick Antosca_Film_3 3 2017_____1",3
Antz_Unlisted_Film______,0
"ANY_GIVEN_SUNDAY_(1999)_1999.05.01_draft_by_J._Williams_R._Weiner,_J._Logan,_D._Pyne",0
An_Enemy_Javier_Gullon_Film_1_23_2012_,2
Apache Drums_unspecified_Film_12 5 1950__Continuity and Dialogue___,2
Apex-Dark-Alex-Parslow-amp_-Andre-Kovalov,3
Apex_Jeremy Robbins_Film______,2
Ape_Jon Johnstone_Film______,2
"Apocalypse Now_Francis Ford Coppola, John Milius_Film_1 1 1979__Final draft___",3
"Apocalypse Now_Francis Ford Coppola, John Milius_Film_12 3 1975_____1",3
Apollo 18_Brian Miller_Film_6 16 2010_____,2
Apostles of Infinite Love_Victoria Strouse_Film_9 25 2007_____,0
"Appaloosa_Robert Knott, Ed Harris_Film_10 30 2007__Green Revisions___",2
April Fools' Day_Danilo Bach_Film_7 30 1986__Revised 1st draft___1,3
April Fools_Brittany Ludwig Jonathan Smith_Film_2 17 2010_____,1
"Aquavamps_Keith Holland, Anthony Cohen_Film_6 3 2012_____",0
Arafat-2015-Nicholl-Finalist,0
Arbitrage_Nicholas Jarecki_Film_4 17 2011__Goldenrod revisions___,0
"Arc of Justice_Max Borenstein, Rodney Barnes_Film_1 23 2017_____",1
Arcade_David S. Goyer_Film_11 6 1990_____,2
"Arcadia_Robert Wolfe Dunn, Ryan Trevino_Film______",3
Arcadia_unspecified_Film______,3
Archangel_Jeff Wolfe_Film_1 1 2011_____,2
Architecht_Craig Stiles_Film______,0
Are We Officially Dating _Tom Gormican_Film_10 22 2010_____,1
Are You There God Its Me Margaret __Film______,1
Area 51_Oren Peli_Film_9 24 2009__Shooting Script___1,2
"Arena_Toby Wagstaff, Darren Howell_Film_7 21 2009__1st Revisions___",3
"Arena_Toby Wagstaff, Darren Howell_Film______",3
"Argentina, 1985_Santiago Mitre, Mariano Llinas_Film______",0
"Argentina, 1985_Santiago Mitre, Mariano Llinas_Film______1",0
Argo_Chris Terrio_Film______,2
Ariel_Stacy Langton_Film______,2
Arizona_Luke Del Tredici_Film_8 21 2010__5th Draft___,3
ARK-ONE-Jan2015,3
Arlington-Road-(1999)-Yellow-2-19-98,0
Armageddon Time_James Gray_Film_11 14 2021__Green Revised Draft___,0
"Armageddon_Jonathan Hensleigh, JJ Abrams_Film______",0
Armageddon_Robert Roy Pool_Film______,0
ARMINIUS-Frank-Moll,3
Armored_James V. Simpson_Film_9 29 2006_____,1
Armored_James V. Simpson_Film_9 29 2006_____1,0
Armored_Sean Dickson_Film_5 3 2006_____,2
"Army Of Darkness_Sam Raimi, Ivan Raimi_Film_1 3 1991__Shooting Script___",3
"Army Of Darkness_Sam Raimi, Ivan Raimi_Film_2 26 1991__Shooting Script___",3
Arrested Development -  Bringing Up Buster _unspecified_Film______,2
Arrested Development -  Top Banana _unspecified_Film_8 26 2003__Blue Revisions unofficial draft___,2
Arrival_Eric Heisserer_Film_9 19 2012___FKA -  Story Of Your Life __,2
Arrival_Eric Heisserer_Film_9 19 2012___FKA -  Story of Your Life __3,2
"Arsenic And Old Lace_Julius J. Epstein, Philip G. Epstein_Film______",1
Articles-of-Extinction,3
"As Above, So Below_John Eric Dowdle, Drew Dowdle_Film_2 15 2013_____",0
Ashes_Bobak Esfarjani_Film______,3
Ashley_Domenic Migliore_Film_10 11 2011___FKA -  Sprawl __,2
Ash_Jonni Remmler_Film______,0
ASK-FOR-MICHAEL-PLANTE-10-2-12,1
Assassination Nation_Sam Levinson_Film_11 21 2016__4th Draft___,3
"Assassination Of A High School President_Tim Calpin, Kevin Jakubowski_Film______",2
"Assassination of a High School President_Tim Calpin, Kevin Jakubowski_Film______1",2
Assassination-Nation-(2018)-White-2-17-2017,3
"Assassins_Andy Wachowski, Larry Wachowski_Film_8 12 1994_____",2
"Assassins_Andy Wachowski, Larry Wachowski_Film_8 12 1994_____1",2
"Assassins_Andy Wachowski, Larry Wachowski_Film_8 12 1994_____2",2
Assassins_Brian Helgeland_Film_3 30 1995_____,2
Assassins_Brian Helgeland_Film_3 30 1995_____1,2
Assassins_Brian Helgeland_Film_7 3 1995__Pink Revisions___,2
Assassins_Brian Helgeland_Film______,0
Assembly Required_Kevin Yang_Film______,3
"Asshole Ninja_Battle Dolphin Zero, Todd Karate_Film______",2
Asteroid City_Wes Anderson_Film______,2
Asylum_Jeremy Lambert_Film_8 23 2013__2nd Draft___,2
At First Sight_Steve Levitt_Film______,1
At Risk_Jenny Halper_Film_Mon Apr 16 2018 00 00 00 GMT-0500 (Central Daylight Time)_____,0
AT-ALL-COSTS-Paul-Solet,0
ATF_Adam Torchia_Film_5 21 2012_____,3
Atlanta on Fire_Adam Morrison_Film_1 15 2019_____,0
Atlantis_Michael France_Film_11 7 2005_____,1
Atlas Shrugged_James V. Hart_Film_9 22 2004__Revised 1st draft___,2
Atlas_Ben Magid_Film_2 19 2009_____,0
ATM_Chris Sparling_Film_1 26 2010_____,3
"Atom & Eve_Ethan Furman, Adam Farasati_Film_6 21 2000_____",1
"Atomic Blonde_Kurt Johnstad_Film_11 30 2012___FKA -  The Coldest City, __",0
Atomic Blonde_Unlisted_Film_7 30 2015__V1.5_FKA -  The Coldest City __,2
Atomic Submarine_Orville Hampton_Film______,0
Atonement_Christopher Hampton_Film___Shooting Script___,2
ATTACH_2950,0
Attack The Block_Joe Cornish_Film_10 11 2010__Final Shooting Script___,3
Attorneys At Raw_David Krumholtz_Film_4 3 2007__1st draft___,0
Audition_Richard Gray_Film_5 11 2014__3rd Revision___,0
Augmented_Mark Townend_Film______,0
"Aurora  A Hitchcockian Fairy Tale_Charlie Frazier, Chris Frazier_Film______",0
Aurora Rising_Christian Gudegast_Film_6 1 2012_____,0
Austin Powers  International Man of Mystery_Mike Myers_Film_7 17 1996__Yellow Revised Final Draft___,0
Authors Anonymous_David Congalton_Film_7 14 2012__Revised Draft___,1
Autobahn_Greg Russo_Film_7 1 2011__Revised 2nd draft___,0
Automata-X,0
Automaton_J.J. Braider_Film_10 11 2016_____,3
Avarice_Ashley Sanders_Film______,2
Avatar_James Cameron_Film_1 1 1998__1st Draft Scriptment___,0
Avatar_James Cameron_Film___Shooting Script___,0
Avatar_James Cameron_Film___Shooting Script___1,0
AVENGE-ME-BRO-Alec-Colantonio-Ray,3
"Average Mean_Tobin Auber, Robert Crombie_Film_1 1 2012_____",3
Avon Man_Kevin Bisch_Film______,1
Awakenings_Stephen Zaillian_Film_12 15 1989__Green Revisions___,2
Away From Her_Sarah Polley_Film_3 27 2006__Double Yellow Revisions___,1
"Away We Go_Dave Eggers, Vendela Vida_Film_11 1 2007_____",1
Away-We-Go-(2009)-Dave-Eggers-Vendela-Vida-Feb-2006,1
"AWOL-72_Cecil Chambers, Christian Sesma_Film_5 23 2012__7th Draft___",0
A_Thousand_Times_Good_Night_Harald_Rosenlow_Eeg_Kirsten_Sheridan_Film_10_22_2012_Pink_Shooting_Scrip,0
Baby Boom_Jack Waz_Film______,1
Baby Driver_Edgar Wright_Film_8 15 2014__1st Draft Revisions___,0
Baby-Driver-(2017)-08.28.15,0
Baby-Mama-(2008)-Michael-McCullers-2nd-2-27-07,1
Babygirl_Halina Reijn_Film______,1
Babylon_Damien Chazelle_Film_7 6 2021__Green Draft___,1
Back in the USSR_Todd Berger_Film___Draft A1_FKA -  Cold Warriors __,2
Back to the Future_E.J. Kalafarski_Film_8 2 2009_Beat Sheet____,2
"Back to the Future_Robert Zemeckis, Bob Gale_Film_10 21 1984__4th Draft Revised___",0
"Back to the Future_Robert Zemeckis, Bob Gale_Film_10 31 1984_____",0
BACKCOUNTRY_Kevin Sheridan_Film______,0
Backmask_Kirsten Elms_Film_4 4 2011_____,3
Bad Boys 3_David Guggenheim_Film_11 12 2014_____,3
Bad Boys_Doug Richardson_Film_6 24 1994__Blue - Cherry Revisions___,3
"Bad Cop, Bad Cop_Jim Freeman, Brian Jarvis, Fortune Feimster_Film_1 17 2017_____",3
Bad Country_Jonahtan Hirschbein_Film_5 1 2012_____,3
Bad Day at Black Rock_Unlisted_Film_8 18 1954__Shooting Script___,2
"Bad Dreams_Andrew Fleming, Steven E. de Souza_Film______",2
Bad Meat_Paul Gerstenberger_Film_1 16 2006_____,3
Bad Meat_Paul Gerstenberger_Film_1 16 2006_____1,3
"Bad Moms_Jon Lucas, Scott Moore_Film_6 9 2015_____",1
"Bad Moms_Jon Lucas, Scott Moore_Film_6 9 2015_____1",1
Bad Monday_Richard Taylor_Film_5 20 2011_____,0
Bad Moon_Eric Red_Film_4 23 1996__Shooting Script_FKA -  Thor __,3
"Bad Santa_Terry Zwigoff, Ethan Coen, Joel Coen, Glenn Ficarra, John Requa_Film_2 1 2002__Production Draft___",3
"Bad Santa_Terry Zwigoff, Ethan Coen, Joel Coen, Glenn Ficarra, John Requa_Film_2 1 2002__Production Draft___1",3
Bad Times At The El Royale_Drew Goddard_Film_1 1 2018__Shooting Script___,0
Bad Traveling_Andrew Kevin Walker_Film_4 15 2020_____,2
Bad Traveling__Film_9 1 2019__Beat Sheet___,2
Bad Words_Andrew C. Dodge_Film______1,0
Bad-Moon_Eric Red_Film_4 23 1996__Shooting Script_FKA -  Thor __,3
Badlands_Terrence Malick_Film______,2
Bagg_-_THE_SEMANTICIST_-_11-11,3
Baghdad-Bureau-aka-Trail-of-the-Cat,0
Bait_Bret Easton Ellis_Film_8 19 2011_____,2
Baldy_Unlisted_Film_4 5 2017_____,0
Ballast_Justin Piasecki_Film______,2
BALLBUSTER-Stacy-Chbosky,1
"Ballerina_Carol Noble, Laurent Zeitoun, Eric Summer_Film______",1
Ballerina_Shay Hatten_Film______1,3
"Balls Out - Gary the Tennis Coach_Andy Stock, Rick Stempson_Film______",0
Balls Out_The Robotard 8000_Film_1 1 2009__1st Draft___,3
Balls Out_The Robotard 8000_Film______1,3
"Bamboo Circle_Aubrey Singer, Luo Yan_Film______",2
Bamboozled_Spike Lee_Film______,0
Banshees of Inisherin_Martin McDonagh_Film_6 29 2021_____,0
Bar Crawl_Jordan Gershowtiz_Film______,1
"Barabbas_Parker Jamison, Paul Kimball_Film______",3
"Barb and Star Go to Del Mar_Kristen Wiig, Annie Mumolo_Film___FYC___",1
Barbarella and the Second World_John August_Film_9 5 2001__Revised Draft___,2
Barbarella_Joe Gazzam_Film_5 18 2010_____,0
"Barbarella_Neal Purvis, Robert Wade_Film_11 10 2007__Alternate Ending Draft with Revisions___",0
Barbarian_Zach Cregger_Film______,0
"Bareilly Ki Barfi_Nitesh Tiwari, Shreyas Jain_Film_9 5 2016__Final Draft___",2
Barney's Version_Michael Konyves_Film_10 23 2009__White Revisions___,0
Barracuda_John Patton FOrd_Film_2 3 2012__4th Draft___,2
Barron's Cove_Evan Ari Kelman_Film_7 29 2021_____,3
"Barton Fink_Ethan Coen, Joel Coen_Film_1 1 1991_____",0
Basic Instinct_Joe Eszterhas_Film______,0
Basic Instinct_Joe Eszterhas_Film______2,0
Basic_Jamie Vanderbilt_Film_3 27 2000__1st Draft___,0
Basquiat_Unlisted_Film______,0
Bastards_Justin Malen_Film_5 7 2011_____,1
Bat Out of Hell_Unlisted_Film______,3
Batman - Triumphant_Unlisted_Film______,3
Batman Begins_David Goyer_Film______,3
Batman Begins_David Goyer_Film______1,3
Batman Forever_Akiva Goldsman_Film_10 13 1994__Revised Draft  Lunar Blue pages___,0
Batman Returns_Daniel Waters_Film_5 20 1991___FKA -  Batman II __,0
Batman Returns_Unlisted_Film___1st Draft_FKA -  Batman II __,2
"Batman v Superman  Dawn of Justice_David S. Goyer, Chris Terrio_Film_1 19 2014__3rd Draft_FKA -  Batman vs Superman __",3
Batman Year One_Frank Miller_Film______,0
Batman Year One_Frank Miller_Film______1,0
Batman_Tom Mankiewicz_Film_6 20 1983__1st Draft - Revised_FKA -  The Batman __,3
Batman_Tom Mankiewicz_Film_6 20 1983__1st Draft - Revised_FKA -  The Batman __1,3
Bato Bato_Donn Kennedy_Film______,3
Battle  Los Angeles_Chris Bertolini_Film_3 25 2008_____,3
"Battleship_Peter Berg, Jon Hoeber, Erich Hoeber_Film_5 5 2010_____",0
"Battleship_Peter Berg, Jon Hoeber, Erich Hoeber_Film_5 5 2010_____1",0
Battlestar Galactica -  Saga of a Star World _Glen A. Larson_Film___Early Draft__1x01_,0
"Baywatch_Justin Malen, Damian Shannon, Mark Swift_Film_5 1 2015_____",1
Be Mine_Shane Allen Yount_Film_1 1 2013_____,3
Beacon_Nate Ruegger_Film______,0
"Beast of Bataan_Christopher Carlson, Mark Jean_Film______",3
Beasts of No Nation_Cary Fukunaga_Film_1 13 2007__1st Draft___,1
Beasts of No Nation_Cary Fukunaga_Film_1 13 2007__1st Draft___1,1
Beasts of No Nation_Cary Joji Fukunaga_Film_5 8 2014__Shooting Script___,3
"Beasts of the Southern Wild_Lucy Alibar, Benh Zeitlin_Film___Final Draft___",0
Beast_Zach Dean_Film_11 13 2013_____,0
"Beat Kip_Rob Kerkovich, Todd Waldman_Film______",3
Beau is Afraid_Ari Aster_Film_2 2 2014_____,0
"Beautiful Boy_Luke Davies, Felix van Groeningen_Film_1 11 2016_____",1
"Beautiful Boy_Luke Davies, Felix van Groeningen_Film_4 3 2017_____",1
Beautiful Creatures_Richard LaGravenese_Film_1 24 2012__Production Draft___,2
Beauty & the Beast_Gary Young_Film_2 1 2013_____,1
"Beauty and the Beast_Sandra Vo-Anh, Christophe Gans_Film_2 1 2012_____",0
"Beauty and the Beast_Stephen Chbosky, Evan Spiliotopoulos, Howard Ashman, Tim Rice_Film_8 10 2016_____",1
Beauty Queen_Annie Neal_Film______,1
Beauty-and-the-Beast-(2017)-Rev.-2-15-15,1
Beauty-the-Beasts-4-21-13,0
Because the Internet_Donald Glover_Film______,2
Becket_William Monahan_Film_4 7 2011__Revised Preliminary Draft___,0
BECKWOURTH-by-James-K-M-Watts,0
Bed of the Dead_Jeff Maher_Film______,2
Bed Rest_Lori Evans Taylor_Film_7 17 2015_____4,0
BEDFORD-d-07-29-2024,2
Bedlam_Unlisted_Film_1 1 1946__Shooting Script_FKA -  Chamber of Horrors - A Tale of Bedlam __,1
Bee Movie_Unlisted_Film_8 30 2007__Final Version___,0
Beef_Jeff Lock_Film_1 31 2014_____,0
Beef_Jeff Lock_Film_6 13 2014_____,3
Beef_Jeff Lock_Film______,3
Beetlejuice_Michael McDowell_Film_6 1 1985___FKA -  Beetle Juice __,3
"Beetlejuice_Warren Skaaren, Michael McDowell_Film_2 3 1987__2nd Draft_FKA -  Beetle Juice __",3
"Beetlejuice_Warren Skaaren, Michael McDowell_Film_2 3 1987__2nd Draft_FKA -  Beetle Juice __1",3
"Beetlejuice_Warren Skaaren, Michael McDowell_Film_8 4 1986__2nd Draft_FKA -  Beetle Juice __",3
Before and After_Ted Tally_Film_11 11 1993__2nd Draft Polish___,3
"Before Midnight_Richard Linklater, Ethan Hawke, Julie Delpy_Film_9 1 2012_____",1
"Before Sunrise_Richard Linklater, Kim Krizan_Film______",1
Before the Devil Knows You're Dead_Kelly Masterson_Film______,3
"Before the Devil Knows You're Dead_Sidney Lumet, Austin Chick, Kelly Masterson_Film_2 23 2006_____",3
Begin Again_John Carney_Film____FKA -  Can A Song Save Your Life  __,1
Begin Again_John Carney_Film____FKA -  Can A Song Save Your Life  __1,1
Beginners_Mike Mills_Film_10 29 2007_____,0
BEHEMOTH!-(2026)-(Tony-Gilroy)-10.19.2024,0
Behind The Mask  The Rise Of Leslie Vernon_David J. Stiewe_Film____FKA -  Behind the Mask  The Life of a Slasher Film Psycho-Killer __,0
Behind-the-Candelabra-(2013),1
Being Christian_Jesse Maiman_Film______,1
Being Human_Bill Forsyth_Film_1 1 1992__3rd Draft___,1
Being John Malkovich_Charlie Kaufman_Film_8 4 1995_____,1
Being John Malkovich_Charlie Kaufman_Film______,1
Being the Ricardos_Aaron Sorkin_Film______,0
"Being There_Jerzy Kosinski, Robert C. Jones_Film_1 10 1979__Shooting Script___",1
"Being There_Jerzy Kosinski, Robert C. Jones_Film_12 16 1978_____",1
Beirut_Tony Gilroy_Film_4 27 2015___FKA -  High Wire Act __,0
Belen-(2025)-English-FYC,0
Belen-(2025)-Spanish-FYC,2
Belfast_Kenneth Branagh_Film_8 1 2020__Shooting Draft___,0
Belfast_Kenneth Brannagh_Film_8 1 2020__Final Shooting Draft___,0
"Believe Me_Dreux Moreland, Hannah Mescon_Film______",1
Bella_Chris Grillot_Film_4 1 2021_____,3
BELLES-THE-02-01-13-Romigh-Tiffany,0
Belle_Amma Asante_Film_9 14 2012__Shooting Script___,0
Beloved_Richard LaGravenese_Film_10 11 1996_____,1
"Below_Darren Aronofsky, Lucas Sussman, David Twohy_Film_11 6 2000__Blue Revisions___",3
"Below_Darren Aronofsky, Lucas Sussman, David Twohy_Film_11 6 2000__Blue Revisions___1",3
"Below_Gregory Weidman, Geoff Tock_Film______",0
Ben-Hur_Keith Clarke_Film_7 4 2012___FKA -  Ben Hur __,1
Ben-Hur_Keith Clarke_Film_7 4 2012___FKA -  Ben Hur __1,1
Ben-is-Back-(2019),3
Bend_David Arata_Film_2 22 2012_____,0
Beneath the Surface_Michael K. Snyder_Film______,0
Beneath the Surface_Michael K. Snyder_Film______1,0
benediction screenplay blue revisions__Film______,0
"BEOWULF (Gaiman Avary, unspecified draft, 5-20-98)_Neil Gaiman, Roger Avary_Film_5 20 1998_____",3
"Beowulf_Neil Gaiman, Roger Avary_Film_5 20 1998_____",3
Bermuda-by-Nathan-Brookes-Bobby-Lee-Darby-12-12-2011,3
Bernie-(2011),2
BERTNERS-2-3-11,1
Beside Ourselves_Gabriel Mizrahi_Film______,0
Bessie_Dee Rees_Film_6 6 2014__White Shooting Script___,1
Best Enemies_Jeff Shakoor_Film______,3
"Best Man_Mike Alber, Gabe SNyder_Film______",1
Best Sellers_Anthony Grieco_Film______,0
Best-Funeral-Ever-2015-Nicholl-Finalist,1
BEST-MAN-Steve-Bloom-01-03-11,0
BETTER HALF_Gaelyn Golde_Film______,1
"Better Living Through Chemistry_David Posamentier, Geoff Moore_Film_2 18 2010_____2",1
"Better Man_Simon Gleeson, Oliver Cole, Michael Gracey_Film______",1
"Better Watch Out_Chris Peckover, Zack Kahn_Film____FKA -  Safe Neighborhood __",3
"Beverly Hills Cop 4_Michael Brandt, Derek Haas_Film_11 12 2008___FKA -  Beverly Hills Cop 2009 __",0
Beverly Hills Cop II_Larry Ferguson_Film_9 24 1986__1st Draft Revisions Blue-Pink___,2
Beverly Hills Cops_Eric Dickson_Film______,0
Beyond Apollo_Michael Grodner_Film_8 9 2011_____,0
Beyond Belief_Mark Cramer_Film______,2
BEYOND THE GRAVE_Maximiliano Hernandez_Film______,0
Beyond The Pale_Chad Feehan_Film_3 2 2011_____,3
"BFF_Jenni Konner, Ali Rushfield_Film_8 1 2007_____",1
"Bicentennial Man_Nicholas Kazan, Chris Columbus_Film_9 4 1998___FKA -  Bicentennial Man Andrew Martin __",1
Big Driver_Brandon Boyce_Film_11 1 2012_____,2
Big Driver_Richard Christian Matheson_Film_4 24 2014_____,3
"Big Eyes_Scott Alexander, Larry Karaszewski_Film_9 14 2007_____",0
"Big Eyes_Scott Alexander, Larry Karaszewski_Film______",0
"Big Eyes_Scott Alexander, Larry Karaszewski_Film______1",0
Big Fish - Sequence Outline_John August_Film__Sequence Outline____,2
Big Fish_John August_Film_1 1 2003__Final Production Draft___,0
Big-Baseball-Player-Alex-Drummond,1
Big-Iron-Blake-Anthony-Edwards-and-Ryan-Chaffee,0
BIG_FEELINGS,1
big_get_even__the,3
Bikram_Silpa Kovvali_Film_9 1 2020_____,1
"Bill and Ted Face the Music_Chris Matheson, Ed Solomon_Film_7 12 2012__1st Draft___",0
"Billy Lynn's Long Halftime Walk_Simon Beaufoy, Jean-Christophe Castelli_Film_11 20 2014__2nd Draft___",0
Bird Box_Eric Heisserer_Film_3 10 2014_____2,2
Bird Box_Eric Heisserer_Film_3 10 2014_____3,0
Birdies_Colin Bannon_Film______,1
"Birdman_or_(The_Unexpected_Virtue_of_Ignorance)_Alejandro_G_Inarritu,_Nicolas_Giacobone,_Alexander_Dinelaris_Jr.,_Armando_Bo_Film_1_1_2013_Final_Draft_",3
Birthday-Noah-Kreischer,0
"Bitter Sweet Symphony_Matthew Kic, Mike Sorce_Film______",0
Bizarro_Robert (Bob) Gordon_Film_8 11 2013_____,2
Black Box_David Guggenheim_Film______1,0
Black Box_David Guggenheim_Film______2,0
Black Box_Stephen Herman_Film______,0
Black Christmas_Glen Morgan_Film_10 19 2005_____,3
Black Christmas_Glen Morgan_Film_10 19 2005_____1,3
Black Christmas_Glen Morgan_Film_10 19 2005_____2,3
Black Dogs_Kieran Turner_Film______,3
Black Flies_Ryan King_Film______,0
Black Friday_Jason Tropiano_Film______,0
Black Friday_John Sullivan_Film______,3
Black Hawk Down_Ken Nolan_Film_1 1 2001__Shooting Script___,3
Black Hawk Down_Ken Nolan_Film_1 1 2001__Shooting Script___1,3
Black Hole_D.W. Harper_Film_6 26 2009__2nd Draft___,3
"Black Mass_Mark Mallouk, Jez Butterworth, Barry Levinson, Robert Edwards_Film_5 6 2013_____",0
Black Mass_Mark Mallouk_Film_10 5 2012__1st Draft___,3
Black Mitzvah_Lauren Tyler_Film_8 1 2019_____,0
"Black Panther  Wakanda Forever_Ryan Coogler, Joe Robert Cole_Film_7 11 2021__Green Revision Draft___",2
"Black Rain_Craig Bolotin, Warren Lewis_Film_11 1 1987_____",2
"Black Sorrow_Jordan Bayne, Jonathan Rosenbloom_Film______",1
Black Swan_John J. McLaughlin_Film_1 31 2007_____,0
"Black Swan_Mark Heyman, John McLaughlin, Andres Heinz_Film_1 11 2010__White Shooting Draft-Goldenrod Revisions___",0
Black-Bag-(2025)-FYC,2
Black-Eagle,0
Black-Jack-Michael-Starrbury-2-16-11-Pilot,2
BLACK-MAGIC,3
BLACK-ROCK-Dan-Kay,2
BLACK-WATER-BRIDGE-by-The-Borden-Sisters,2
"Blackbeard, the Pirate_Alan LeMay_Film_5 29 1952__Revised Final___",2
BlackBerry  2023__Film______,2
Blackbird_David Mamet_Film_10 1 2013_____,2
"BlacKkKlansman_Charlie Wachtel, David Rabinowitz, Kevin Willmott, Spike Lee_Film_7 17 2017_____",1
"BlacKkKlansman_Charlie Wachtel, David Rabinowitz, Kevin Willmott, Spike Lee_Film______",1
BLACKOUT-Peter-Craig-01-28-11,0
Blade II_David S. Goyer_Film______,3
Blade II_David S. Goyer_Film______1,3
"Blade Runner 2049_Hampton Fancher, Michael Green_Film___Final Shooting Script___",0
Blade Runner Down_Stuart Hazeldine_Film_11 1 1997__2nd Draft___,3
"Blade Runner_Hampton Fancher, David Webb Peoples_Film_2 23 1981_____",3
Blade Runner_Unlisted_Film_5 15 1981_____1,2
Blade_David S. Goyer_Film_9 19 1996__Production Draft___1,2
Blade_David S. Goyer_Film______,2
Blade_David S. Goyer_Film______1,3
Blair Witch II_Dick Bebbe_Film__Press Kit____,2
Blancanieves_Pablo Berger_Film_4 1 2011_Spanish_Final Draft Revised___,2
BLASPHEMOUS_Luke Piotrowski_Film______,3
Blast-Off-Inn-The-2016-Nicholl-Finalist,0
BLEACHED-by-Brandon-Violette,3
Bleed for This_Ben Younger_Film______,2
Bleed for This_Ben Younger_Film______1,2
"Bleed_Gregg Zehentner, Scott Barkan_Film_4 8 2015_____",3
"Bleed_Gregg Zehentner, Scott Barkan_Film_5 21 2016_____",0
"Blindspotting_Daveed Diggs, Rafael Casal_Film_4 28 2017_____",0
"Blink Twice_Zoe Kravitz, E.T. Feigenbaum_Film______",0
Blink_Hernany Perla_Film______,3
Blink_Larry Lasky_Film_1 12 2014_____,3
Blink_Stephen Gaghan_Film_9 19 2008_____,0
Blitz_Steve Mcqueen_Film_7 9 22_____,0
Blonde_Andrew Dominik_Film_1 14 2016_____,3
Blood and Wine_Nick Villiers_Film_12 12 1994__2nd Draft___,2
Blood Creek_David Kajganich_Film______,2
"Blood Diamond_Edward Zwick, Marshall Herskovitz_Film_7 27 2005__Draft___",2
"Blood Diamond_Edward Zwick, Marshall Herskovitz_Film_7 27 2005_____",2
Blood Drive_Christian Parkes_Film_11 25 2012_____,3
Blood Father_Peter Craig_Film_1 28 2014_____,3
Blood Meridian_Unlisted_Film______,3
Blood Mountain_Jonathan W. Stokes_Film______,3
Blood on the Moon_Lillie Hayward_Film_1 1 1947__Shooting Script___,2
BLOOD RUSH_Andrew Ferguson_Film______,0
Blood Shy_Scot Beidelman_Film______,3
"Blood Simple_Joen Coen, Ethan Coen_Film______",2
Blood Ties_Aaron Katz_Film_6 1 2020_____,2
"Blood Ties_Guillaume Canet, James Gray_Film___Shooting Script___",0
Blood Work_Brian Helgeland_Film_3 9 1998__1st Revision___,2
BLOOD-KARMA-FINAL,3
BLOODLINE-Will-Honley,0
bloodmoney10-16final1,3
Bloodmoon_Keith W. Strandberg_Film______,3
"Bloodshot_Jeff Wadlow, Eric Heisserer_Film_6 25 2015_____",3
Bloody Mingo_Jonathan Easley_Film______,3
BloodyMary2013,3
Blood_Marc Rosenbush_Film______,3
BLOW UP THE CHAT_Amos Vernon Nunzio Randazzo_Film______,1
Blown_Jesse Wheeler_Film______,3
"Blue Bloods -  Pilot _Robin Green, Mitchell Burgess_Film_12 23 2009___FKA -  Reagan's Law _1x01_",0
Blue Chips_Ron Shelton_Film_1 1 1989__1st Revised Draft___,1
Blue Eyed Day_Bianca Sams_Film______,0
Blue Falcons_Chad St. John_Film_4 10 2024_____,3
Blue Hotel_James Agee_Film_1 1 1949_____,0
Blue Jasmine_Woody Allen_Film______,1
Blue Jean_Georgia Oakley_Film______,0
Blue Ruin_Jeremy Saulnier_Film_6 1 2012_____,2
"Blue Thunder_Dan O'Bannon, Don Jakoby_Film_1 1 1979_____",2
"Blue Valentine_Derek Cianfrance, Joey Curtis, Cami Delavigne_Film_12 23 2010__Official White Script___",1
"Blue Valentine_Derek Cianfrance, Joey Curtis, Cami Delavigne_Film_12 23 2010__Official White Script___1",1
"Blue Valentine_Derek Cianfrance, Joey Curtis, Cami Delavigne_Film_2 11 2004__Version 4.6___",0
Blue Velvet_David Lynch_Film_7 24 1984__Revised 3rd Draft___,0
Blue Velvet_David Lynch_Film_8 24 1984__Revised 3rd Draft___,0
Blue Velvet_David Lynch_Film_8 24 1984__Revised 3rd Draft___1,0
Blue Velvet_David Lynch_Film_8 24 1984__Revised 3rd Draft___2,0
Blue-Moon-(2025)-FYC,1
Blunt-Instrument-Oct-20111221,3
Blur_Jacob Colman_Film______,2
Blu_Chris Borrelli_Film______,0
"Bob  The Musical_Matthew Fogel, Allan Loeb, Lloyd Taylor_Film_6 12 2004_____",1
"Bobbie Sue_Russell Leigh Sharman, Owen Egerton, Chris Mass_Film_10 19 2008_____",1
"Bobby Martinez_Ric Roman Waugh, Robert Munic_Film_8 21 2009_____",1
Bobism_Ben Wexler_Film_4 7 2008_____,0
Bodies Bodies Bodies_Kristen Roupenian_Film______,3
BODIES-AT-REST-David-Lesser,3
Body Cam_Richmond Riedel_Film______,3
Body Heat_Lawrence Kasdan_Film_10 6 1980__3rd Draft___,2
Body Heat_Lawrence Kasdan_Film_10 6 1980__3rd Draft___3,2
Body of Evidence_Brad Mirman_Film___2nd Draft___,0
Body of Lies_William Monahan_Film_9 21 2007__Pink Revisions_FKA -  Penetration __,2
Body of Lies_William Monahan_Film_9 21 2007__Pink Revisions_FKA -  Penetration __1,2
Bohemian Rhapsody_Anthony McCarten_Film_11 4 2015__3rd Draft___,1
Bolo_Dee Rees_Film_4 27 2012__4th Draft___,0
"Bolsa Negra_David Rabinowitz, Charlie Wachtel_Film_Wed Jun 20 2018 00 00 00 GMT-0500 (Central Daylight Time)_____",2
"bolsa negra_David Rabinowitz, Charlie Wachtel_Film______",2
Bomb Squad_Cerise Fukuji_Film_7 19 2010_____,0
Bombshell_Charles Randolph_Film___Working Draft___,3
Bon Jovi Sucks!_Eric Boyd_Film______,0
Bonded_Mohit Ramchandani_Film______,2
Bones and All_David Kajganich _Film_7 23 2021__Shooting Script___,2
BooBoo the Clown_Brian McHale-Boyd_Film______,1
Booby Trap_Michael A. Simpson_Film_5 26 2011_____,3
Book-of-Revelations-Jay-Eden,3
"Booksmart_Emily Halpern, Sarah Haskins, Susanna Fogel, Katie Silberman_Film___FYC___",1
"Booksmart_Emily Halpern, Sarah Haskins_Film_11 24 2008_____",1
Bookworm_Toby Harvard_Film_1 18 2023_____,0
"Boomerang_Barry Blaustein, David Sheffield_Film_8 22 1991__2nd Draft___",1
Boomerang_Lon Turner_Film______,2
Boondock Saints_Troy Duffy_Film_8 12 1998__Shooting Script Green___,3
"Booth_Christopher McQuarrie, Dylan Kussman_Film_3 18 2004_____",1
"Booty Call_Takashi Bufford, Bootsie_Film_2 21 1996__3rd Draft___",2
"Borat Subsequent Moviefilm_Sacha Baron Cohen, Anthony Hines, Dan Swimer, Peter Baynham, Erica Rivinoja, Dan Mazer, Jena Friedman, Lee Kern_Film______",1
Border Country_Jonathan W. Stokes_Film______,3
"Borderland_Eric Poppen, Zev Berman_Film_6 11 2005__Blue Shooting Script___",3
Borderline_Jimmy Warden_Film_9 14 2020_____,0
Born to Die_Unlisted_Film______,3
BORROWING-3-10-11-David-Schickler,3
Boss-Baby-2017-Final-04-06-2017,0
"Boss_Tony Lord, David Cohen_Film_4 20 2009_____",0
"Bottle Rocket_Wes Anderson, Owen Wilson_Film______",2
"Bottle Rocket_Wes Anderson, Owen Wilson_Film______1",2
Bottle Rocket_Wes Anderson_Film______,2
"Bottle Shock_Jody Savin, Randall Miller_Film_6 11 2007__Draft 1.4.1___",1
"Bottoms_Rachel Sennott, Emma Seligman_Film______",0
"Bound_Lana Wachowski, Lilly Wachowski_Film_9 28 1994__1st Draft___",0
"Bound_Lana Wachowski, Lilly Wachowski_Film_9 29 1994__1st Draft___",0
"Bound_Lana Wachowski, Lilly Wachowski_Film______",0
BOXMAN_Adam Yorke_Film______,3
Boy And His Tiger_Dan Dollar_Film______1,1
Boy Erased_Joel Edgerton_Film______,0
BOY FALLS FROM SKY_Hunter Toro_Film______,1
Boy With Kite_Renee Pillai_Film______,0
"Boy, Girl, Boy, Girl_Victoria Strouse_Film_8 5 2015_____",1
"Boy, Girl, Fig_Kayla Sun_Film______",0
Boy-Who-Harnessed-the-Wind-(2019),0
Boyfriend Material_Mackenzie Dohr_Film_5 20 2016_____1,1
Boyfriends-of-Christmas-Past-(2021)-Hallmark-Movie,1
Boyhood_Richard Linklater_Film___Final Draft___,1
Boyhood_Richard Linklater_Film______,1
Brad's Status_Mike White_Film_9 29 2016__Pink Revisions___,1
Bram Stoker's Dracula_James V. Hart_Film_4 16 1991__2nd Draft_FKA -  Dracula __,1
Bram Stoker's Dracula_James V. Hart_Film_4 16 1991__2nd Draft___,1
Bravado_BenDavid Grabinski_Film_2 22 2016_____,3
Braveheart_Randall Wallace_Film______,3
Braveheart_Randall Wallace_Film______1,3
Braven_Thomas Pa'a Sibbett_Film_9 14 2015_____,2
Brazil_Terry Gilliam_Film______,0
Breach and Clear_Kyle Long_Film_1 22 2009_____,0
"Breach_Adam Mazer, William Rotko, Billy Ray_Film_7 22 2016_____",2
Break Point_Zachary Joel Johnson_Film______,0
Breakdown_Jonathan Mostow_Film_3 1 1996__Revised 1st Draft___,3
"Breakfast of Champions_Paul Golding, Peter Bergman_Film______",0
"Breakfast of Champions_Paul Golding, Peter Bergman_Film______1",0
Breakfast on Pluto_Neil Jordan_Film_1 1 2005_Press Kit____,2
Breakheart Pass_Alistair MacLean_Film_11 26 1975__Continuity and Dialogue___,2
Breaking Irish_Steven Feder_Film_1 1 2009__Final Draft___,0
Breaking News In Yuba County_Amanda Idoko_Film______,3
Breaking the Chain_David Braga_Film______,1
"Breaking the Girl_Mark Anthony Distefano, Guinevere Turner_Film_2 7 2009_____",1
Breaking the Silence_T.C. De Witt_Film_11 17 2017__2nd Draft___,1
Breaking The Waves_Lars von Trier_Film______,1
Breakthrough-(How-to)-09.05.24-Zeke-Goodman,0
Break_Oliver Stone_Film_1 1 1969_____,3
Breathe_Mark E. Davidson_Film______,0
BREATHING_Teems_052812,0
Breyton Ave_J Daniel Shaffer_Film______,2
BRIAN-STOKES-STORY,2
Brick Mansions_Luc Besson_Film_2 28 2013_____,3
BRICK-vs-STONE,2
Brick_Rian Johnson_Film_1 1 2005__Shooting Script___,0
Brick_Rian Johnson_Film_1 1 2005__Shooting Script___1,0
"Bridesmaids_Annie Mumolo, Kristen Wiig_Film______",1
"Bridesmaids_Annie Mumolo, Kristen Wiig_Film______1",1
Bridesmaids_Annie Mumolo_Film_8 12 2009___FKA -  Untitled Bridesmaids Project __,1
"Bridge of Spies_Matt Charman, Ethan Coen, Joel Coen_Film_12 17 2014__Final Shooting Script___",0
Bridge of Spies_Matt Charman_Film_1 20 2014__1st Draft_FKA -  Untitled James Donovan Project __,2
Bridgehampton_Jeremy Leder_Film______,2
Bridges of Madison County_Rob Bass_Film_1 20 93_____,1
"Bridget Jones's Baby_Helen Fielding, Dan Mazer, Emma Thompson_Film_8 1 2016__Final Shooting Script___",1
Bright Star_Jane Campion_Film_4 4 2008__Shooting Script___,1
"Brightburn_Brian Gunn, Mark Gunn_Film_12 22 2017___FKA -  Benjamin Breyer __",3
Bright_Max Landis_Film_8 13 2015_____1,3
Bright_Max-Landis-David-Ayer_Film_2_29_2016,3
"Brigsby Bear_Kevin Costello, Kyle Mooney_Film______",1
Brilliance_David Koepp_Film_8 11 2013_____,2
Bring-Back-Girl-2017-Nicholl-Winner,2
Bringing Out the Dead_Paul Schrader_Film_11 7 1997__1st Draft___,3
Bringing Out the Dead_Paul Schrader_Film_11 8 1997__1st Draft___,3
Broad Street Bullies_R.W. Zombie_Film_4 12 2013__1st Draft___,0
Broadcast News_James L Brooks_Film______,1
Broadcast News_James L. Brooks_Film_1 24 1987__Pink Revised Second Draft___,1
Broken Amber_Oliver Butcher Stephen Cornwell_Film_3 9 2007_____,3
"Broken Arrow_Graham Yost, William Wisher_Film_8 14 1995__Final Draft___",0
Broken Arrow_Graham Yost_Film_11 2 1994__1st Revision___,2
Broken City_Brian Tucker_Film___Shooting Draft___,0
Broken Cove_Declan O'Dwyer_Film_3 3 2013_____,3
BROKEN FLOWERS__Film______,1
"Broken_Manu Boyer, Justin Guilbert, Jennifer Lynch_Film_5 17 2011_____",1
Broken_Mark O'Rowe_Film_10 12 2011__Shooting Script___,0
Brooklyn_Nick Hornby_Film_4 24 2014__Yellow Script___,1
Brosio_Mattson Tomlin_Film_10 15 2015_____,3
"Bros_Billy Eichner, Nicholas Stoller_Film______",1
Brother-In-Laws,1
"Bruce Almighty_Steve Koren, Mark O'Keefe, Steve Odekerk_Film_7 30 2002_____",1
Bruce Lee - A Warrior's Journey_Unlisted_Film_12 18 2000_Documentary Transcription____,3
Bruiser_Digital_Film_,3
Bubbles_Isaac Adamson_Film______2,1
Buccaneer-Jessica-Ellis,0
Bucket-List-The-(2007)-8.11.06,2
Buds,1
BUELL-HALL,3
BUFFALO-BILL-AND-THE-INVISIBLE-CITY-Michael-Stark-Terrell-T-Garrett-03-29-11,0
Buffy the Vampire Slayer_Joss Whdeon_Film______,2
Bugonia-(2025)-FYC,0
BUILDING-A-BETTER-BOY_Jason-Mayland,1
Bull Durham_Ron Shelton_Film______,3
Bull-Durham-(1988)-8-1-87-Scan,3
"Bullet to the Head_Alessandro Camon, Wayne Kramer_Film_3 9 2011_____",3
Bullet to the Head_Alessandro Camon_Film_1 19 2011_____,0
Bullet Train_Alan McElroy_Film_6 21 2012_____,0
"Bullitt_Alan R. Trustman, Harry Kleiner_Film_1 1 1968__Shooting Script___",2
"Bunny Lake is Missing_Doug Wright, Joe Carnahan_Film_1 5 2007_____",2
Buried_Chris Sparling_Film_7 25 2009_____,0
Buried_Chris Sparling_Film______,0
Buried_Chris Sparling_Film______1,2
Buried_Emily Brauer Rogers_Film______,2
"Burke and Hare_Piers Ashworth, Nick Moorcroft_Film_1 6 2010__Shooting Script___",0
"Burlesque_Steven Antin, Diablo Cody, Keith Merryman, David A. Newman_Film_11 26 2008_____",1
Burn Run_Mitchell LaFortune_Film______,2
Burn Site_Doug Smith_Film______1,3
Burning Annie_Zack Ordynans_Film_1 12 2002__Production Draft___,0
"Burnt by the Sun 2 - The Exodus_Nikita Mikhalkov, Vladimir Moisseenko, Alexandre Novototski, Gleb Panfilov_Film_1 1 2004_____",3
Burnt Offering_Tyler Marceca_Film_8 14 2015_____,2
Bury Your Dead_Rick McGovern_Film_Sat Jun 03 2017 00 00 00 GMT-0500 (Central Daylight Time)_____,3
Burying the Ex_Alan Trezza_Film______,0
BUS-757-S-C-SEPHER-Original_8901,0
Bush Baby Summer_David Scott Martin_Film______,0
Bust_Matt Ackels_Film______,3
Butcher-Holler-Dan-Shea,3
Butter_Jason Micallef_Film_8 1 2008_____,1
By Virtue Fall_Sheldon Turner_Film_8 25 2010_____,2
"BYO_Natalie Portman, Laura Moses_Film_6 23 2010_____",1
"BYO_Natalie Portman, Laura Moses_Film_6 24 2010_____",1
C'mon C'mon_Mike Mills_Film______,1
Cadillac Records_N A_Film______,2
Cadillac-One,3
Caliburn_Nicholas Horwood_Film______,3
California Dream_Caleb Yeaton_Film______,3
California Uber Allies_Matthew Hoge_Film______,3
Caligula_Gore Vidal_Film_10 20 1975__1st draft___,1
"Call Jane_Hayley Schore, Roshan Sethi_Film_5 26 2017_____",1
Call-Me-By-Your-Name-(2017)-database-link-is-rotted,2
Call-Me-By-Your-Name_James-Ivory_Film,1
Calvin Marshall_Gary Lundgren_Film_3 23 2007_____,0
Cam-Girl_Curt Wiser_Film______,2
Camp David_Megan Amram Joseph Carnegie_Film_4 7 2024__Writer's Draft___,0
CAMP-AMERICA-6-1-12-CLEAN-DRAFT,0
CAMP_BASTARD_Marx__McArdle,2
Can We Talk _Amelie Gillette_Film______,1
"Can You Ever Forgive Me _Nicole Holofcener, Jeff Whitty_Film_3 13 2017__FYC - shooting script___",0
Can You Tell Me How _Gregory Bonsignore_Film______,1
Canary in a Coal Mine_Steven D'Arcangelo_Film______,0
"Cancer, Inc._Marc Macaluso_Film_2 26 2017__7th Draft___",1
Candle to Water_Nick Green_Film_5 4 2012_____,3
Candlewood_Jessica Granger_Film______,0
"Candyappleblack_Regent St. Claire, Anthony C. Ferrante_Film_1 1 2006_____",3
"Candyman_Jordan Peele, Win Rosenfeld_Film_1 15 2018__Revised Draft___",3
Candy_Todd Farmer_Film______,3
"Canibal_Alejandro_Hernandez,_Manuel_Martin_Cuenca_Film_1_1_2013_Spanish_",2
Cape Fear_James R. Webb_Film_3 27 1961_____,2
"Capernaum (Chaos)_Nadine Labaki, Jihad Hojeily, Michelle Keserwani_Film______",3
Capone-(2020)-fka-Fonso,0
Capote_Dan Futterman_Film______,2
Capsule_Ian Shorr_Film_11 8 2012_____3,0
Capsule_Ian Shorr_Film______,2
"Captain America  The First Avenger_Christopher Markus, Stephen McFeely_Film___1st Shooting Draft___",0
"Captain America  The First Avenger_Christopher Markus, Stephen McFeely_Film___1st Shooting Draft___1",0
Captain Blood_Casey Robinson_Film_7 24 1935_____,2
Captain Fantastic_Matt Ross_Film_4 11 2014_____,3
Captain Fantastic_Matt Ross_Film_9 2 2014__Final Draft___,0
Captain Fantastic_Matt Ross_Film_Sun Feb 05 2012 00 00 00 GMT-0600 (Central Standard Time)_____,3
Captain Philips_Billy Ray_Film_3 15 2012___FKA -  Maersk Alabama __,2
"Captain Susan, Pirate Queen_Stephanie Jones_Film______",0
Captain-Phillips-(2013)-12.9.10,2
CAPTAIN-THUNDER-Jason-Benoit,3
Captain-Underpants-The-First-Epic-Movie-2017-Final-2017-04-19,1
"Captive State_Erica Beeney, Rupert Wyatt_Film_10 20 2016_____",3
Caravan_Lindsay Michel_Film______,3
CARDIAC_Jacobson,2
CAREWc1,1
Carlito's Way (Beat Sheet)_Nicholas Jarecki_Film_8 7 2007_Beat Sheet____,3
"Carnage_Yasmina Rez, Roman Polanski_Film______",0
"Carnivore_Larry Wachowski, Andy Wachowski_Film______",0
"Carnivore_Larry Wachowski, Andy Wachowski_Film______1",0
"Carnivore_Larry Wachowski, Andy Wachowski_Film______2",0
Carol_Phyllis Nagy_Film_2 26 2014_____,1
Carol_Phyllis Nagy_Film___FYC___,1
CAROUSEL_Rachel Lambert_Film______,1
"Carriage Hill_Emi Mochizuki, Carrie Wilson_Film______",3
Carrie (2013)_Roberto Aguirre-Sacasa_Film_10 31 2011_____,3
Carrie II_Rafael Moreu_Film_2 13 1998_____,0
Carrie II_Rafael Moreu_Film_2 13 1998_____1,0
Cars 2_Ben Queen_Film______,0
Cartoon-A,0
"Casablanca_Julius J. Epstein, Philip G. Epstein, Howard Koch_Film_1 1 1942_____",1
"Case 3756_Lenny A. Helton, Roderick Green_Film______",3
Case No. 39_Ray Wright_Film_2 6 2006_____1,3
Cash Money Dollars_Neveldine Taylor_Film_11 9 2009_____,0
Casino_Nicholas Pileggi_Film______,1
"Cassandro_David Teague, Roger Ross Williams_Film______",0
Cast Away_William Broyles Jr._Film_3 13 1998__3rd Draft___,0
Cast Away_William Broyles Jr._Film_3 13 1998__3rd Draft___1,0
Castle Wolfenstein_Roger Avary_Film_4 1 2013_____,2
Cat People_DeWitt Bodeen_Film_1 1 1942__Shooting Script___,1
Cat's Eyes_Benjamin Lundberg_Film______,2
Catch Me If You Can_Jeff Nathanson_Film______,2
Catch-22_Buck Henry_Film_6 19 1968__2nd Draft___,2
Catherine Called Birdy_Lena Dunham_Film_10 6 2022_____,1
"Catwoman_Daniel Waters, John Brancato, Michael Ferris, Laeta Kalogridis, Theresa Rebeck, Kate Kondell, John Rogers_Film_2 11 2003__2nd Draft Polish___",3
Catwoman_Daniel Waters_Film_6 16 1995_____,1
Catwoman_Daniel Waters_Film_6 16 1995_____1,0
Catwoman_Daniel Waters_Film_6 16 1995_____2,1
"Catwoman_Theresa Rebeck, Kate Kondell_Film_11 27 2000_____",2
Cauliflower_Daniel Jackson_Film______,0
Cecil B. Demented_John Waters_Film_6 1 1998__4th Draft___,3
"Celeste and Jesse Forever_Rashida Jones, Will McCormack_Film_5 1 2011__White Script___",1
"Cellular_Larry Cohen, Chris Morgan, J. Mackye Gruber, Eric Bress_Film_7 16 2003__Revised Draft___",3
Cellular_Larry Cohen_Film___Early Draft___,2
Cellular_Larry Cohen_Film______,2
"Cell_Stephen King, Adam Alleca_Film_8 8 2012__Revised Draft___",3
"Central Intelligence_Ike Barinholtz, David Stassen_Film_1 1 2011_____",0
Central-Park-Tale-Script-2013,0
Centurion_Neil Marshall_Film_1 18 2009_____,3
Ceremony_Max Winkler_Film_11 23 2008_____,1
Cha Cha Real Smooth_Cooper Raiff_Film_8 5 2021__Blue Shooting Script___,1
Cha Cha Real Smooth_Cooper Raiff_Film______,1
Chain Reaction_Michael Bortman_Film_11 30 1995___FKA -  Dead Drop __,2
Challengers_Justin Kuritzkes_Film______,0
Challengers_Justin Kuritzkes_Film______1,2
Chang Can Dunk_Jingyi Shao_Film______,1
Chang Can Dunk_Jingyi Shao_Film______1,1
Changeling_J. Michael Straczynski_Film_1 1 2006__News clippings in draft_FKA -  Changeling  A True Story __1,2
Changeling_J. Michael Straczynski_Film____FKA -  Changeling  A True Story __,2
Changeling_J. Michael Straczynski_Film____FKA -  Changeling  A True Story __1,2
Chaos Walking_Charlie Kaufman_Film_12 9 2012__Producer's Pass 2_FKA -  Chaos Walking  The Knife of Never Letting Go __,3
Chaos_Tony Giglio_Film_3 15 2004__Shooting Script___,3
Charade_Peter Stone_Film_10 1 1962_____,2
Charlie and the Chocolate Factory_John August_Film_3 11 2004__White Draft___,1
Charlie and the Chocolate Factory_John August_Film_6 16 2004__Blue Revision___,0
Charlie and the Chocolate Factory_John August_Film_7 8 2004__Pink Revision___,0
Charlie and the Chocolate Factory_John August_Film___Production Draft___,1
Charlie Countryman_Matt Drake_Film_6 4 2007___FKA -  The Necessary Death of Charlie Countryman __,0
Charlie Countryman_Matt Drake_Film_6 4 2007___FKA -  The Necessary Death of Charlie Countryman __2,0
Charlie St. Cloud_Unlisted_Film______,2
"Charlie's Angels_Ed Solomon, John August, Zal Penn_Film_8 11 1999__Early Draft___",0
Charlie's Angels_John August_Film_1 1 1999__Revised Beat Sheet___,3
Chase the Night_Thomas A. Schwenn_Film______,2
Chasing Amy_Kevin Smith_Film______1,0
"Chasing Blue Skies_Jennifer Barlow, Lee Grodsky_Film_10 1 2002_____",2
"Chasing Blue Skies_Jennifer Barlow, Lee Grodsky_Film_4 8 1999_____",2
Chasing Booth_Zack Ferleger_Film______,3
Chato's Land_Gerald Wilson_Film_10 14 1993_Dialogue Continuity____,2
Chatroom_Enda Walsh_Film_1 23 2009_____,1
Chatter_Chris Grillot_Film_4 19 2022_____,3
Che  Part One_Peter Buchman_Film_10 4 2006___FKA -  The Argentine __,3
Che  Part Two_Peter Buchman_Film_10 4 2006___FKA -  Guerilla __,2
Cheat Day_Emma Dudley_Film_7 15 2022_____,1
Cheating Season_Timothy Aaron_Film______,1
Chef_Jon Favreau_Film_1 31 2013_____,1
Cherry Falls_Ken Selden_Film_2 14 1998__1st Draft___,3
Cherry Falls_Ken Selden_Film_2 14 1998__1st Draft___1,3
"Cherry_Angela Russo-Otstot, Jessica Goldberg_Film______",3
Chet-Cunningham-Galactic-Investigator-Desmond-Sherman,0
Chicago For One_Madeleine Paul_Film______,1
Chick-Fight,0
Chicken Run_Karey Kirkpatrick_Film______,0
Chickin Lickin_Stephanie Jones_Film______,1
Child's Play 3_Don Mancini_Film_12 17 1990_____1,3
Child's Play_Tyler Burton Smith_Film______,3
Children Of The Corn_George Goldsmith_Film_8 5 1983__2nd Revision___,3
Chinatown_Robert Towne_Film_10 9 1973__3rd Draft___,2
Chinatown_Robert Towne_Film_8 3 1973_____,2
"Chinese Food & Porn_Jeff Howard, Travis Knox_Film_11 5 2009_____",0
"Chinese Food & Porn_Jeff Howard, Travis Knox_Film_11 5 2009_____1",0
CHINESE-GENERAL,0
Chinese_Puzzle_Cedric_Klapisch_Film_9_3_2012_8th_Draft_Blue_Revisions_FKA-CASSE-TeTE_CHINOIS_,0
Chip-n-Dale-Rescue-Rangers-(2022)-fka-Chip-Dale-Rescue-Rangers-Reboot-No-One-Asked-For,0
Chips_Dax Shepard_Film_8 7 2015__White Production Draft___,3
Chloe_Erin Cressida Wilson_Film_2 17 2009__Pink-Yellow Revisions___,2
Chosen,0
Christ Complex_Jeffrey Scott Richards_Film______,0
Christine_Bill Phillips_Film_2 16 1983__Shooting Script___1,3
Christine_Craig Shilowich_Film___Final Shooting Script___,1
Christmas Chronicles_Matt Lieberman_Film____FKA -  12 24 __,2
"Christmas Don't Be Late_Chris Hazzard, Michael Fontana_Film______",0
Christmas Under Wraps_Jennifer Notas_Film_8 21 2014__Blue Revisions___,1
Christmas-in-Harlem-(2021)-Hallmark-Movie,1
Christmas-Promise-The-(2021)-Hallmark,1
Christmas-Vs-Hanukkah-Final,1
Christopher Walken Wants Me Dead_Chris Paredes_Film_11 27 2007__3rd Revision___,0
Christy-(2025)-FYC,0
Chronicle_2_Martyr_Max_Landis_Film_9_24_2012,3
"Chronicle_Jay Alaimo, Matthew Fiorello_Film_5 16 2011__White Draft___",2
Chronicle_Max Landis_Film______2,0
Chronology-of-Water-The-(2025)-FYC,0
Chrononaut,3
Chunnel_John Scott Lewinski_Film_10 15 2008__Revised Draft___,3
CI 34_Sascha Penn_Film______,0
Cider House Rules_John Irving_Film___Final Shooting Production Draft___,1
Cinderella Secret_Vera Belmont_Film_5 1 2012_____,1
Cinderella_Unlisted_Film______,1
Cinema Paradiso_Giuseppe Tornatore_Film___Shooting Script___,2
Cities of Refuge_Brandon Willer_Film______,0
"Citizen Kane_Herman J. Mankiewicz, Orson Welles_Film_1 1 1941__Shooting Script___",2
"Citizen Kane_Herman J. Mankiewicz, Orson Welles_Film_1 1 1941__Shooting Script___1",2
"Citizen Kane_Herman J. Mankiewicz, Orson Welles_Film_1 1 1941__Shooting Script___2",1
"Citizen Kane_Herman J. Mankiewicz, Orson Welles_Film_6 18 1940__Final Draft___",2
"Citizen Kane_Herman J. Mankiewicz, Orson Welles_Film_6 18 1940__Final Draft___1",2
"Citizen Kane_Herman J. Mankiewicz, Orson Welles_Film_7 16 1940__3rd Revised Final Draft___2",2
"Citizen Kane_Herman J. Mankiewicz, Orson Welles_Film___Published Draft___",2
Citizen Kane_Unlisted_Film___1st Draft___,1
City 26_Michael Schatz_Film______,2
City Island_Raymond De Felitta_Film______,0
City of Hope_John Sayles_Film_2 26 1990_____,3
"City of Joy_Gerald Brach, Roland Joffe_Film_10 1 1990__Early Draft___",0
City-Of-Shadows-Script3-0-1,3
City_of_God_Braulio_Mantovani_Film_12_1_2001_FKA-Cidade_de_Deus_,2
Civil War_Alex Garland_Film______,3
Claire_Brad Ingelsby_Film_10 1 2015__1st Draft___,0
Clandestine-Marco-van-Belle-amp_-Kat-Wood,3
Clash of the Titans_Travis Beacham_Film_1 25 2007_____2,0
CLAUSE-13-Craig-Sabin,3
"Clean Break_Herbert G. Ratner III, Trevor Sands_Film_4 8 2005_____",1
Clean Break_Ryan Brennan_Film_9 12 2024_____,1
Clear and Present Danger_Donald Stewart_Film_11 11 1992__Revised___,2
Clear and Present Danger_John Milius_Film_4 16 1991__2nd Draft___,2
Clear Winter Noon_John Kolvenbach_Film_7 30 2008_____,2
Clear Winter Noon_John Kolvenbach_Film______,2
Clementine_David L. Williams_Film______,2
Clerks II_Kevin Smith_Film_1 1 2006_____,0
Clerks_Kevin Smith_Film_12 8 1991__1st Draft___,0
Clerks_Kevin Smith_Film______,3
"Cleveland Smith Bounty Hunter_Josh Becker, Scott Spiegel_Film_3 17 1984_____",0
Cliffhanger_Mike France_Film______,3
"Clifford-The-Big-Red-Dog-(Matt-Lopez-Lee-Eisenberg-Gene-Stupnitsky,-David-Bowers)-06-06-2014-Digital-Unprod.",0
CLOAKS-Patrick-VandenBussche-and-Doug-Wagner,0
Clock Tower_Eric Poppen_Film_6 1 2018__2nd Draft Revised___,3
Clock Tower_Eric Poppen_Film_6 1 2018__2nd Draft Revised___1,3
Clone Wife_Brett Martin_Film______,1
Close Encounters of the Third Kind_Paul Schrader_Film______,2
Closer_Patrick Marber_Film_5 9 2003__2nd Draft___,2
"Cloudy With a Chance of Meatballs_Phil Lord, Chris Miller_Film______",1
CLOWNFISH,0
Cobb_Ron Shelton_Film_7 1 1993_____,3
Cobra_Sylvester Stallone_Film_9 19 1985__1st Revised___,3
Cocaine Bear_Jimmy Warden_Film______,3
Cocaine-Bear-(2023)-10.12.20,3
Cockneys vs. Zombies_James Moran_Film_3 17 2011__Shooting Script___,3
"Coco_Adrian Molina, Matthew Aldrich_Film______",1
"Code Name  Dad_Jason Mittleman, Jeremy Mittleman_Film_Mon Sep 24 2018 00 00 00 GMT-0500 (Central Daylight Time)_____",3
Code Name Veil_Matthew Billingsly_Film______,3
"Code of Silence_Michael Butler, Dennis Shryack, Mike Gray, John Mason_Film_1 1 1985__Shooting Draft___",2
Cold Country_Micah Ranum_Film_4 28 2017_____,2
"Cold in July_Nick Damici, Jim Mickle_Film_1 24 2011_____",2
Cold Mountain_Anthony Minghella_Film______,3
Cold Mountain_Anthony Minghella_Film______1,3
COLD-WARRIORS-A1-by-Todd-Berger,2
"Colette_Richard Glatzer, Wash Westmoreland, Rebecca Lenkiewicz_Film_5 19 2017__Final Shooting Script___",1
Collateral Beauty_Allan Loeb_Film______1,0
"Collateral Damage_Ronald Roose, Channing Gibson, Nicholas Meyer, David Griffiths, Peter Griffiths, Terry George_Film_4 14 2000__Production Draft___",3
"Collateral_Stuart Beattie, Frank Darabont, Michael Mann_Film_10 12 2003__Buff___",0
"Collateral_Stuart Beattie, Frank Darabont, Michael Mann_Film_10 12 2003__Buff___1",0
Collateral_Stuart Beattie_Film_1 7 2003___FKA -  Vincent __,3
College Republicans_Wes Jones_Film_12 1 2009_____,0
College Republicans_Wes Jones_Film_12 1 2009_____3,0
COLLISION-Amanda-Gusack,3
COLLISION-Ethan-Solli,3
Collision_Scarlett Nelson_Film______,3
"Colombiana_Robert Mark Kamen, Luc Besson_Film_8 1 2009_____",0
"Color of Night_Billy Ray, Matthew Chapman_Film______",0
Color Purple The__Film______,1
Colors of Authority_Kevin Sheridan_Film______,3
COLOSSEUM,0
Come As You Are_Zach Baylin_Film______,0
Come to Daddy_Toby Harvard_Film______,3
Come-As-You-Are-HLV-_5574,0
Comfort-of-Strangers-The-(1990),1
"Comic Con_Michael Diliberti, Matthew Sullivan_Film_2 1 2009_____",0
Comic-Con-Marko-King-Mary-King-John-Watters,3
"Coming 2 America_Barry W. Blaustein, David Sheffield, Kenya Barris_Film_1 25 2019__3rd Revisions___",1
Command & Conquer  Red Alert 2_Unlisted_Film__Game Script____,0
Command & Conquer  Renegade_Unlisted_Film__Game Script____,3
Command-and-Control-3-27-15,3
Commander Alexander_Dallas Clayton_Film______,0
Common_Jimmy McGovern_Film_6 5 2013_____,3
Companion_Drew Hancock_Film______,0
Company Man_Nancy Duff_Film______,2
"Compartment No. 6_Andris Feldmanis, Livia Ulman_Film_1 21 2020_____",2
Con Men_Eric Lane_Film_12 1 2009_____,1
"Conan II  A Witch Shall Be Born_Dirk Blackman, Howard McCain_Film_7 16 2009__1st Draft___",3
"Conan_Thomas Dean Donnelly, Joshua Oppenheimer_Film_10 7 2009__Rewrite___",3
Conclave_Peter Straughan_Film______,2
Concrete Beach_Toy Styles_Film______,0
Concrete_Paul Chadwick_Film___Revision___,0
Confessions of a Dangerous Mind_Charlie Kaufman_Film_5 5 1998__Revised 3rd Draft___,0
Confidence_Doug Jung_Film_3 1 2000__1st Draft___,0
"Constantine_Kevin Brodbin, Mark Bomback, Frank Cappello_Film_11 14 2002__Early Production Draft___",3
Contact_Michael Goldenberg_Film_11 8 1995__Rewrite___,2
Contraband_Aaron Guzikowski_Film_3 5 2010_____,3
Control_Eric Koenig_Film______,3
Convenience_Vince Gilligan_Film_6 22 1996_____,2
Convenience_Vince Gilligan_Film_6 22 1996_____1,2
Conviction_Jonathan Herman_Film_7 13 2009_____,3
Conviction_Pamela Gray_Film_3 2 2009__Green Revised_FKA -  Betty Anne Water __,0
Conviction_Pamela Gray_Film_3 2 2009__Green Revised_FKA -  Betty Anne Water __1,0
"Cool Hand Luke_Donn Pearce, Frank R. Pierson_Film______",2
"Cool Runnings_Tommy Swerdlow, Michael Goldberg_Film_11 23 1992_____",0
"Cooties (2014)_Ian Brennan, Leigh Whannell_Film_4 15 2013__PRODUCTION NUMBERED DRAFT___",2
"Cop Car_C.D. Ford, Jon Watts_Film_4 12 2014_____",3
Copy-of-Copy-of-04-UNTOUCHABLE-J.-Silver-R.-Clauson-Wolf,0
Copy-of-Copy-of-05-MINNOW-Zach-Strauss-Chris-Silber,3
Copy-of-Copy-of-06-FIXATION-by-Erika-Vazquez-Siena-Butterfield,1
Copy-of-Copy-of-13-DO-IT-YOURSELF-Liv-Auerbach-Daisygreen-Stenhouse,3
"Copycat_Anne Biderman, David Madsen, Frank Pierson_Film______",3
"Copycat_Anne Biderman, David Madsen, Frank Pierson_Film______1",3
"Copycat_Anne Biderman, David Madsen, Frank Pierson_Film______2",3
Cop_Cam_062419,3
Coraline_Henry Selick_Film______,0
"Corpse Bride_Caroline Thompson, Pamela Pettler, John August_Film_2 18 2004_____",2
Correcting-Christmas-(2014)-Hallmark,1
corrosion4,3
Cosmic Sunday_MacMillan Hedges_Film______,0
Cosmonaut_Gary Patent_Film______,0
Cosmopolis_David Cronenberg_Film______,0
Counterpoint_Brian Michael Scully_Film______,0
Courage Under Fire_Patrick Sheane Duncan_Film___1st Draft___,3
COURAGEOUS-Craig-Fernandez,0
Courage_Karl Gajdusek_Film_8 24 2016_____,0
"Courier_Michael Brandt, Derek Hass_Film_9 1 2010_____",3
Court 17_Elad Ziv_Film______,1
Covenant_Noah Evslin_Film_1 30 2019_____,3
Cover Version_Jack Barth_Film_7 1 2016__10th Draft___,1
Covers_Flora Greeson_Film_Wed Jan 17 2018 00 00 00 GMT-0600 (Central Standard Time)_____,1
Covert People_Paul Schrader_Film______,3
"Cowboys and Aliens_Thomas Dean Donnelly, Joshua Oppenheimer_Film_1 5 2006__2nd Rewrite___",3
Coxblocker_Tim Dowling_Film_5 6 2007_____,1
COXBLOCKER_Tim Dowling_Film_5 6 2007_____1,1
Coxblocker_Unlisted_Film______,0
"Cradle 2 the Grave_John O'Brien, Channing Gibson_Film_5 1 2002_____",3
Craigshaven_Nicole Ramberg_Film______,0
CRANIOKLEPTY,3
"Crank 2 - High Voltage_Mark Neveldine, Brian Taylor_Film______",3
"Crank_Mark Neveldine, Brian Taylor_Film_2 20 2005_____",3
"Crash Course_Steve Altes, Diana Jellinek_Film______",0
CRASH-WEDNESDAY_Cootner-Price,0
Crashing -  Bill Burr _Pete Holmes_Film_8 12 2015_____,2
Crashing -  Hank Andrews _Pete Holmes_Film_9 21 2015_____,2
Crashland_07_2013,2
Crash_David Cronenberg_Film______,2
Crater Lake_Treaty_Film______,2
CRATER-Jan-21-1,0
Crawl-2011,0
"Crawl_Michael Rasmussen, Shawn Rasmussen_Film_9 16 2016_____",3
Crazy Love_Carol Watson_Film_3 10 2004__Revised Draft_FKA -  Committed __,0
"Crazy Rich Asians_Keith Bunin, Pete Chiarelli, Adele Lim_Film_9 22 2016__5th Rewrite___",1
Crazy Stupid Love_Dan Fogelman_Film_2 19 2010_____1,1
CRAZY-UNLUCKY,1
Creation_John Collee_Film_4 7 2008___FKA -  Nature __,0
Creature from the Black Lagoon_Bill Phillips_Film_5 8 1992__1st Draft___2,2
Creature from the Black Lagoon_Bill Phillips_Film_5 8 1992__1st Draft___3,2
Creature from the Black Lagoon_Harry Essex_Film_1 1 1954__Final screenplay___,2
"Creature from the Black Lagoon_Tedi Sarafian, Breck Eisner, Gary Ross, Paul Scheuring_Film_3 9 2007_____",1
Creed III __Film______,0
"Creed III_Keenan Coogler, Zach Baylin_Film_1 10 2022_____",0
"Creed II_Sylvester Stallone, Cheo Hodari Coker_Film_11 20 2017_____",3
"Creed_Ryan Coogler, Aaron Covington_Film_9 30 2014_____",0
Creepshow 2_George A. Romero_Film_7 8 1986__Polish___,2
"Crime After Crime_Dan Gurewitch, David Young_Film_Wed Sep 19 2018 00 00 00 GMT-0500 (Central Daylight Time)_____",0
Crime Spree_Brad Mirman_Film_3 1 1996__1st Draft___,2
Crimes of the Heart_Beth Henley_Film_4 15 1986__Revised Draft (Yellow)___,3
"Crimewave_Sam Raimi, Joel Coen, Ethan Coen_Film_8 25 1983__Final_FKA -  The XYZ Murders __",3
"Criminal_David Weisberg, Douglas Cook_Film______1",3
"Crimson Peak_Guillermo del Toro, Matthew Robbins_Film___v3.0___",0
"Crimson Peak_Guillermo del Toro, Matthew Robbins_Film___v4.0___",0
Cristo_Ian Shorr_Film______,3
Crocodile-Dundee-(1986)-4th-Draft-3-29-85,2
Crones_Axelle Carolyn_Film______,0
Cross of Iron_Julius J. Epstein_Film_4 7 1975___FKA -  Sergeant Steiner __,3
Crossfire_John Paxton_Film_2 12 1947__1st Draft Continuity_FKA -  Cradle of Fear __,2
Crosshair-Morgan-Foehl-Jan-2011,0
Crossing Over_Wayne Kramer_Film_4 8 2007_____,0
"Crouching Tiger, Hidden Dragon_John Schamus_Film_3 25 1999__Revised 1st Draft___",1
"Crouching Tiger, Hidden Dragon_Wang Hui-ling, James Schamus, Tsai Kuo Jung_Film______",0
Croupier_Paul Mayersberg_Film_1 1 1998__Shooting Script___,0
Crowbar Smile_Jamie Mayer_Film_4 1 2018_____,1
Crown_Max Hurwitz_Film_9 11 2013_____2,0
Cruel Intentions_Roger Kumble_Film_2 10 1998_____,1
"Cruel Summer_Leigh Cesiro, Erica Matlin_Film______",0
CRUISER,3
Crush On YOu_Shea Mayo_Film______,0
Crush_Michael Jones_Film______,3
Cry Macho_N. Richard Nash_Film_5 4 2011_____,0
CTRL-9-24-14,0
Cube 2  Hypercube_Sean Hood_Film______,2
Cuddle Bitches_Kathryn McNulty_Film______,1
CULT-OF-THIEVES-by-John-Petro,0
Cupid-Code-2013-Nicholl-Finalist,0
Curfew_Shawn Christensen_Film______,0
CURRENCY-Mark-DiStefano,0
Curveball_Steven Knight_Film_10 29 2007_____,0
Curve_Kimberly Lofstrom Johnson_Film______1,0
Cutter-2011-Nicholl-Winner,0
Cylinder_Jared Romero_Film______,3
Cynara-Matthew-Stone,1
Cypher-(2002)-fka-Company-Man,2
Cyrano_Erica Schmidt_Film___Revised Draft___,1
"Cyrus_Mark Duplass, Jay Duplass_Film_1 1 2010_____",1
D2 The Mighty Ducks_Steven Brill_Film_2 18 1993__Rev. 1st Draft_FKA -  The Mighty Ducks II __,0
"Da 5 Bloods_Kevin Willmott, Spike Lee, Matt Billingsly, Danny Bilson, Paul DeMeo_Film_9 17 2018_____",3
Da5id_Charles Peirce_Film_Sun Jan 01 2017 00 00 00 GMT-0600 (Central Standard Time)_____,0
Daddio_Christy Hall_Film______,0
Daddio_Christy Hall_Film______1,0
Daddio_Christy Hall_Film______2,0
Daddy Issues_Thom Harp_Film_7 1 2015_____,1
Daddy's Home_Brian Burns_Film_4 5 2007___FKA -  World's Greatest Brad __,1
Dagon_David_Michael_Quiroz_Jr._Film,3
Dahlia,0
"Dallas Buyers Club_Craig Borten, Melissa Wallack_Film_12 2 2012__Green Revision___",0
Damn Nation_Adam Wax_Film______,3
Damsels in Distress_Whit Stillman_Film_9 30 2010__Pink Revision___,1
"Damsel_David Zellner, Nathan Zellner_Film_9 4 2014_____",3
Dan in Real Life_Pierce Gardner (Rev. - Peter Hedges)_Film_1 14 2005_____,1
"Dan in Real Life_Pierce Gardner, Peter Hedges_Film_1 14 2005__Revised___",1
Dan Minter  Badass for Hire_Chad Kultgen_Film______3,3
"Dangal_Nitesh Tiwari, Piyush Gupta, Shreyas Jain, NIkhil Mehrotra_Film______",2
Danger Girl_Andy Hartnell_Film_11 18 1998_____,3
Danny Collins_Dan Fogelman_Film_8 1 2013__Cherry Pages___,1
"Daredevil  The Man Without Fear_Chris Columbus, Carlo Carlei_Film_9 18 1996__Revised 1st Draft___",1
"Daredevil_Mark Steven Johnson, Brian Helgeland,_Film_7 3 2001__Revised___",3
"Dark Blue_James Ellroy, David Ayer_Film_12 22 1998__Revised 2nd Draft_FKA -  Plague Season __",3
Dark City_Alex Proyas_Film_11 29 1992__Revised___,2
Dark City_Alex Proyas_Film_11 29 1992__Revised___1,2
Dark Horse_Doug Richardson_Film_2 1 1998_____,0
Dark Matter_R.L. Hollis_Film______,0
Dark Money_Matt Fruchtman_Film______2,0
Dark Moon_Olatunde Osunsanmi_Film_8 25 2010_____,0
Dark Moon_Olatunde Osunsanmi_Film_8 25 2010_____1,0
Dark Moon_Olatunde Osunsanmi_Film_8 25 2010_____2,0
Dark Places_Gilles Paquet-Brenner_Film_9 1 2012_____,3
Dark Shadows_Mark Verheiden_Film_1 19 2004_____,3
"Dark Star_John Carpenter, Dan O'Bannon_Film____FKA -  Dark Star  A Science Fiction Adventure __1",2
"Dark Star_John Carpenter, Dan O'Bannon_Film____FKA -  Dark Star  A Science Fiction Adventure __3",2
"Dark Tower  The Gunslinger_Akiva Goldsman, Jeff Pinkner_Film_8 8 2014_____",3
Dark Universe_Michael Gilio_Film_3 25 2015__2nd Draft_FKA - Justice League Dark__,3
DARK-SPACES-SCRIPT-2013,0
Darkest Hour_Anthony McCarten_Film______1,0
Darling-Companion-(2012),0
Darna Zaroori Hai  Murder by Proxy_Manish Gupta_Film______1,2
Darna Zaroori Hai_Manish Gupta_Film______1,2
"Das Chimp_Chris Grezo, Rupert Knowles_Film_Mon May 01 2017 00 00 00 GMT-0500 (Central Daylight Time)_____",1
Daughters-of-the-dust-shooting-script,2
Dave_Gary Ross_Film______,1
"Dawn of the Planet of the Apes_Mark Bomback, Rick Jaffa, Amanda Silver_Film_10 22 2013__Revised Final Draft___",3
DAWN-COTY-by-Derek-Connolly,0
"Day 38_Chris Rossi, Gabriel Scott_Film______1",3
Day Drinker_Zach Dean_Film______,0
Day of the Dead_George A. Romero_Film___Revised 2nd Draft___,3
Day of the Dead_George A. Romero_Film______1,3
Day of the Dead_Jeffrey Reddick_Film_4 14 2008__4th Draft___,3
Daylight_Leslie Bohem_Film_3 16 1995_____,0
Dazed and Confused_Richard Linklater_Film_2 20 1992_____,0
Dazed and Confused_Richard Linklater_Film_2 20 1992_____1,0
Dead Animals_Sawyer Perry_Film______2,0
Dead Birds_Simon Barrett_Film______1,3
Dead Calm_J. C. Khoury_Film_6 13 2009_Beat Sheet____,2
Dead Dads Club_Amanda Idoko_Film______,0
Dead Drunk & Naked_Scott Martin_Film______,3
Dead Heat_Terry Black_Film_10 9 1987__Revised___,3
"Dead Loss_Josh Baizer, Marshall Johnson_Film_5 26 2009_____",3
Dead Man Down_J. H. Wyman_Film_3 15 2011_____,3
Dead of Winter_Sarah Conradt-Kroehler_Film______1,3
Dead Poets Society_Tom Schulman_Film____FKA -  The Dead Poets Society __1,1
Dead Spy Running_Stephen Gaghan_Film_4 1 2011_____,2
Dead-End-by-Robert-Naturman,3
DEAD-GUY-RUNNING_3711,3
DEAD-LOAD,0
Dead-Poets-Society-(1989)-1988.12.20,0
Dead-Town-USA-9-14-12,1
"Deadfall_Zachary S. Dean_Film_2 17 2010__Revised_FKA -  Kin , FKA -  Blackbird __",0
Deadgirl_Trent Haaga_Film___1st Draft___1,3
Deadline at Dawn_Clifford Odets_Film_4 16 1945__Shooting Script___,0
Deadline_Soo Hugh_Film______,0
"Deadpool_Rhett Reese, Paul Wernick_Film_11 16 2015__FYC - Shooting Script___",0
"Deadpool_Rhett Reese, Paul Wernick_Film_4 12 2010_____",3
"Deadpool_Rhett Reese, Paul Wernick_Film_4 12 2010_____1",3
Dead_Space-Issue_#2_Antony_Johnston_Film_12_19_2007_Comic_Book_Script_,3
Dear Princess_Clayton Walter_Film______,1
Dear White People_Justin Simien_Film_8 21 2013__Revised___,0
"Death and Life of John F. Donovan_Xavier Dolan, Jacob Tierney_Film_9 11 2014_____",1
"Death at a Funeral_Chris Rock, Aeysha Carr_Film_1 8 2009__Revised___",3
Death Every Day_Dave Kajganich_Film_1 1 2007_____,0
"Death Note_Anthony Bagarozzi, Charles Mondry_Film_5 17 2012_____",3
"Death Note_Charley Parlapanides, Vlas Parlapanides, Anthony Bagarozzi, Charles Mondry, Jeremy Slater_Film_1 17 2015__Revised 2nd Draft___",3
"Death Note_Vias Parlapanides, Charley Parlapanides_Film_4 7 2009__1st Draft___",3
Death of an Ortolan_Unlisted_Film______,2
Death Race 3000_J. F. Lawton_Film______1,0
Death Sentence_Ian Mackenzie Jeffers_Film_2 13 2006_____,3
Death to Smoochy_Adam Resnick_Film_12 1 2000__Early Draft___,0
Death Wish_Joe Carnahan_Film_5 9 2015_____,3
Death Wish_Joe Carnahan_Film_9 9 2012_____,3
Death's Other Kingdom_Richard Stanley_Film_3 1 2005_____,0
DEATHpj,3
Deceptions_Richard Taylor_Film______,2
"Deception_Mark Bomback, Patrick Marber_Film_9 15 2005___FKA -  The Tourist __",0
Declaration-The-Marcos-Efron-Feb-2011,2
Decon_Max Landis_Film_6 27 2018_____,3
Decon_Max Landis_Film_Thu Jun 29 2017 00 00 00 GMT-0500 (Central Daylight Time)_____,3
Decoys_Jack Waz_Film______,0
"Deep Cover_Michael Tolkin, Henry Bean_Film___Shooting Draft___",3
"Deep Impact_Bruce Joel Rubin, Michael Tolkin_Film_10 17 1997_____",2
"Deep Rising_Steven Sommers, Robert Mark Kamen_Film_1 1 1996__Revised_FKA -  Tentacle __",3
"Deep Six_Shane Kuhn, Brendan Cowles_Film______",3
Deep Water_Tracee Beebe_Film______,0
Deep-Water-(2022)-08.23.13-Zach-Helm,1
Deeper_Max Landis_Film_8 21 2015_____,3
Deeper_Max Landis_Film_8 21 2015_____1,3
"DeepStar Six_Lewis Abernathy, Geof Miller_Film_2 8 1988__Blue Revisions 2nd Draft___",3
"Deepwater Horizon_Matthew Sand, Matthew Michael Carnahan_Film_12 1 2013_____",3
Deepwater Horizon_Matthew Sand_Film_10 16 2011_____,2
Defcon-One-Matthew-Dixon-5-18-11,3
"Defiance_Clayton Frohman, Edward Zwick_Film______1",3
"Deja Vu_Bill Marsilii, Terry Rossio_Film_5 17 2004__1st Draft___",2
Delete_Roland Zaleski_Film______,2
"Deliver Us from Evil_Paul Harris Boardman, Scott Derrickson, David Ayer, Bryan Bertino, Bruce McKenna_Film_3 28 2013__Revised_FKA -  Beware the Night __",3
Deliver-Me-From-Nowhere-(2025)-Cherry-Draft-12.15.24,1
Deliver-Me-From-Nowhere-(2025)-FYC,0
Delivery Man_Ken Scott_Film_2 1 2012__1st Draft_FKA -  Starbuck __,0
Demolition Man (1992.11.19),3
Demolition Man_Peter M. Lenkov_Film_8 1 1989__Revised 2nd Draft___,3
Demon-Team-by-Eric-Stolze,3
Den of Thieves_Christian Gudegast_Film_2 6 2016_____,3
Denial_David Hare_Film_12 4 2015__FYC - Blue Revisions Shooting Script___,1
Dennis Rodman's 48 Hours in Vegas_Jordan Van Dina_Film_1 15 2021_____,0
Depression_Steve Martin_Film______,2
Deprivation-6-13-13-clean,2
Derailed_Stuart Beattie_Film_9 28 2004__Shooting Script___,0
Derelict_Pete Cafaro_Film______,2
"Desperation_Stephen King, Mick Garris_Film_8 4 2004__2nd Revision 4th Draft___",3
"Despicable Me 2_Cinco Paul, Ken Daurio_Film______1",0
"Despicable Me_Cinco Paul, Ken Daurio_Film______1",1
"Despicable Me_Cinco Paul, Ken Daurio_Film______3",1
DESTINY-Smith-RJ,0
"Destroyer_Phil Hay, Matt Manfredi_Film_11 9 2016_____",3
"Destroyer_Phil Hay, Matt Manfredi_Film_11 9 2016_____1",3
Detention_Kristy Lowrey_Film______1,0
Detonation Wedding_Glen Lakin_Film______1,0
Detour_Will Wider_Film______,3
Detroit Rock City_Carl V Dupre_Film______,0
Devil in a Blue Dress_Carl Franklin_Film_3 9 1994__3rd Draft___,1
Devil In You_Ned Kilgannon_Film_6 1 2014_____,3
Devil's Flame_Robert Zappia_Film______,2
"Devil's Knot_Paul Harris Boardman, Scott Derrickson_Film_10 21 2011_____",3
Devil's Pass_Vikram Weet_Film_1 31 2012__White Production Draft_FKA -  The Dyatlov Pass Incident __,2
Devil-All-the-Time-The-(2020)-Campos-Campos-10.17.18,3
Devil-All-the-Time-The-(2020)-Campos-Campos-2.23.17,0
Devil-s-Backbone-The-(2001),3
Dhaka_Joe Russo_Film_3 25 2017_____,3
"Diablo Run_Shea Mirzai, Evan Mirzai_Film______1",3
"Diamond Dead_Brian Cooper, George A. Romero_Film______1",3
Diamond Dead_Brian Cooper_Film______1,3
Diamonds-are-a-Girl__s-Best-Friend-Gregg-Rossen-Brian-Sawyer,0
Diana Destroys a Wedding_Elizabeth Evans_Film_10 1 2024_____,0
"Diary of a Wimpy Kid_Jackie Filgo, Jeff Filgo_Film_1 22 2009__2nd Studio Draft___",0
Dibbuk Box_E. L. Katz_Film______1,3
Dibbuk Box_E. L. Katz_Film______3,3
"Dibbuk Box_Juliet Snowden, Stiles White_Film_9 30 2010__2nd Draft___",2
DICKENS VS ANDERSEN_Henry Oscar Thaler_Film______,0
Dictator-The-(2012),0
DIDIER_Jackson Kellard_Film______,1
DIE FAST_Julian Meiojas_Film______,3
"Die Hard 2_Doug Richardson, Steven E. de Souza_Film_11 16 1989__Shooting Script___",3
"Die Hard_Jeb Stuart, Steven E. DeSouza_Film_11 30 1987__Revised Final Draft___",3
Die Hard_Jeb Stuart_Film_10 2 1987__Revised 2nd Draft___,3
"Die in a Gunfight_Andrew Barrer, Gabriel Ferrari_Film_6 1 2010_____",0
"Die in a Gunfight_Andrew Barrer, Gabriel Ferrari_Film_6 1 2010_____1",0
Die Screaming_Tim Talbott_Film______1,3
Dig_Adam Taylor Barker_Film______2,0
Dig_Adam Taylor Barker_Film______4,0
Dinner-With-Friends-2016-Nicholl-Winner,0
DIRTY-PAIR-Daniel-Antoniazzi-Ben-Shiffrin,3
"Dish Dogs_Ashley Scott Meyers, Nathan Ives_Film_11 1 1996__Pre-production Draft___",2
"Disobedience_Sebastian Lelio, Rebecca Lenkiewicz_Film___Shooting Script___",0
"Disorderlies_Mark Feldberg, Mitchell Klebanoff_Film_6 30 1986__2nd Draft___",2
Disorientation_Distribution1,3
DISPLACEMENT_Chiara Atik_Film______,1
DISRUPTION-Todd-Serlin,0
Distant-2024-aka-Long-Distance,0
DISTORTION,2
Disturbia_Christopher Landon (Rev. - Carl Ellsworth)_Film_3 14 2006_____,2
"Disturbia_Christopher Landon, Carl Ellsworth_Film_3 3 2006__Revised___",2
Dive In_Filipe Domiano_Film______,1
Divergent_Evan Daugherty_Film_7 12 2012__1st Draft___,1
DIVERSION-by-Chris-Folkens-and-Kate-Gritmon,2
Divorce Party_Rebecca Webb_Film_10 1 2021_____,0
Divorce-Party-Mukilan-Thangamani_Ali-Millwala,1
Do Not Disturb_Ben Miller_Film______,0
Do Not Open_Nick Morris_Film______,3
"Doc Savage  The Man of Bronze_Shane Black, Chuck Mondry, Anthony Bagarozzi_Film_3 28 2014_____",3
Doctor Faustus_Tod Davies_Film_1 19 2005_____,1
Doctor Sleep_Mike Flanagan_Film_4 26 2018_____,3
"Doctor Strange_Jon Spaihts, Scott Derickson, C. Robert Cargill_Film______",3
"Doctor X_Robert Tasker, Earl Baldwin_Film_3 10 1932__Shooting Script___",0
Doctor-Sleep-(2019)-Akiva-Goldsman-9.28.15,0
DODGING_THE_DICKMANS_CoxCox,1
Does Anybody Here Remember When Hanz Gubenstein Invented Time Travel _Rick Carr_Film______,0
Dog Day Afternoon_Frank Pierson_Film_1 1 1975__Shooting Script___,0
Dog Day Afternoon_Frank Pierson_Film______1,2
dog-day-afternoon-1975-CLEAN-RETYPED,0
Dogfight_Nicole Riegel_Film______1,3
Dogma_Kevin Smith_Film______1,0
Dogs of Babel_Jamie Linden_Film______2,2
Dogs of War_Kristina M. Keefe_Film______,3
Dog_Lucy Campbell_Film_2 2 2024_____,3
"Doing Great Things_Christopher Bacon, Edward Hemming_Film______1",1
"Dolemite Is My Name_Larry Karaszewski, Scott Alexander_Film___FYC - Final___",0
Doll Wars_Matt Ritter_Film______,1
Dom Hemmingway_Richard Shepard_Film_11 2 2012__Pink Revisions___,0
DOMINION,2
Domino_Richard Kelly_Film_9 8 2004_____,0
Don Jon_Joseph Gordon-Levitt_Film_12 19 2011__3rd Draft_FKA -  Don Jon's Addiction __,1
Don Jon_Joseph Gordon-Levitt_Film_12 19 2011__3rd Draft_FKA -  Don Jon's Addiction __1,1
Don Jon_Joseph Gordon-Levitt_Film_12 19 2011__3rd Draft_FKA -  Don Jon's Addiction __2,1
"Don't Be Evil_Gabriel Diani, Etta Devine, Evan Bates_Film_6 1 2017_____",2
Don't Borrow Trouble_Caroline Glenn_Film______,0
"Don't Look Behind You_J.W. Wagner, Robert Lind_Film______",0
Don't Look Up_Adam McKay_Film_1 22 2020_____,2
Don't Look Up_Adam McKay_Film___FYC___,0
Don't Look Up_Adam McKay_Film______,1
Don't Think Twice_Mike Birbiglia_Film_8 3 2015_____,1
"Don't Worry Darling_Carey Van Dyke, Shane Van Dyke_Film______",0
"Don't Worry Darling_Katie Silberman, Carey Van Dyke, Shane Van Dyke_Film_2 13 2020_____",0
Donnie Brasco_Paul Attanasio_Film_7 27 1992__Revised___,0
Donnie Brasco_Paul Attanasio_Film_7 27 1992__Revised___1,0
Donnington_Daniel P. Calvisi_Film______1,3
Donnybrook_Tim Sutton_Film_9 20 2017__White Production Draft___,2
Donor-7277-2012,0
Dont Worry He Wont Get Far On Foot_Gus Van Sant_Film_12 3 2016_____,1
DONT-HANG-UP-Joe-Johnson,3
Doomsday_Neil Marshall_Film___2nd Draft___1,3
Doomsday_Neil Marshall_Film___2nd Draft___3,3
Dope_Rick Famuyiwa_Film_10 31 2013_____,0
DOPPELGANGER,1
"Doppelgangers_Shea Mirzai, Evan Mirzai_Film______1",1
Dorothy and Alice_Justin Merz_Film______,0
"Double Indemnity_Billy Wilder, Raymond Chandler_Film_1 1 1944__Shooting Script___",2
"Double Indemnity_Billy Wilder, Raymond Chandler_Film______1",2
Doubt_John Patrick Shanley_Film______6,1
Dove_Max Landis_Film______,2
"Down and Under_Steve Bing, Scott Rosenberg_Film_7 2 1998_____",0
DOWN CAME THE RAIN_Katie Found_Film______,0
"Down to the Wire_Byron Burton, Chris Mulligan Murray_Film______",3
"Downhill_Jesse Armstrong, Jim Rash, Nat Faxon_Film_10 5 2018__Revised Draft___",1
"Downsizing_Alexander Payne, Jim Taylor_Film______",1
Downton Abbey_Julian Fellowes_Film______,1
Down_Greg Russo_Film_2 28 2010__Revised___,3
Dr Jekyll and Mrs Hyde_Peter Cook_Film_1 19 1977_____,1
Dr. Jekyll and Mr. Hyde_John Lee Mahin_Film_1 1 1941__Shooting Script___,1
"Dracula Untold_Matt Sazama, Burk Sharpless_Film_4 28 2006___FKA -  Dracula Year Zero __1",3
"Draft Day_Rajiv Joseph, Scott Rothman_Film______2",0
"Draft Day_Rajiv Joseph, Scott Rothman_Film______3",0
"Dragonslayer_Hal Barwood, Matthew Robbins_Film______1",0
DREADNAUGHT_041512,3
Dream House_David Loucka_Film_7 18 2005_____3,3
Dream Scenario Read The Screenplay__Film______,1
DREAM-MAN-FINAL-SCRIPT-2010,0
"Drive Angry_Todd Farmer, Patrick Lussier_Film_11 8 2009_____",3
"Drive Angry_Todd Farmer, Patrick Lussier_Film_2 1 2010__Blue Production Draft___",3
"Drive Angry_Todd Farmer, Patrick Lussier_Film_3 28 2009_____",3
"Drive Away Dykes_Ethan Coen, Joel Coen_Film______1",0
"Drive-Thru_Shane Kuhn, Brendan Cowles_Film_5 14 2004_____",3
Drive_Hossein Amini_Film_1 15 2010_____,2
Drive_Hossein Amini_Film_7 23 2010__White Production Draft___,2
Drive_Hossein Amini_Film_7 23 2010__White Production Draft___1,2
Drive_Hossein Amini_Film_9 24 2010__Green Revisions___,2
Drop Dead Gorgeous_Unlisted_Film______,1
Drudge_Cody Brotter_Film_6 15 2018_____1,2
Drudge_Cody Brotter_Film_Fri Jun 15 2018 00 00 00 GMT-0500 (Central Daylight Time)_____,2
Drug-Tunnel_FINAL,3
Drunk-Dialing_Sebastian Davis_Film_3 1 2009_____,0
Dual-(2022),0
Dual-Jeff-Wadlow-amp_-Chris-Roach-5-5-14,3
"Duck Soup_Harry Ruby, Bert Kalmar, Grover Jones_Film______",2
Dude_Olivia Milch_Film_2 26 2013_____,0
Dude_Ranch_by_Kate_Wiswell_final,1
"Due Date_Alan R. Cohen, Alan Freedland_Film_3 6 2009__2nd Draft___",0
"Due Date_Alan R. Cohen, Alan Freedland_Film_3 6 2009__2nd Draft___1",0
Duff-The-(2015)-08.01.13,1
"Dumas_Safy Nebbou, Gilles Taurand_Film_4 1 2008_____",1
"Dumb and Dumber To_Sean Anders, John Morris, Peter Farrelly, Bennett Yellin, Mike Cerrone, Bobby Farrelly_Film_6 14 2013__5th Revision___",0
"Dumb and Dumberer  When Harry Met Lloyd_Robert Brener, Troy Miller_Film___Production Draft___",1
"Dumb Money_Rebecca Angelo, Lauren Schuker Blum_Film______",1
Dumplin'_Kristin Hahn_Film_10 7 2017__Double Pink Revisions___,1
dumpy-colahan-draves,0
Dune_Chase Palmer_Film_7 21 2010_____,3
Dune_David Lynch_Film_12 9 1982__6th Draft___,3
Dune_David Lynch_Film_12 9 1982__6th Draft___1,3
Dune_David Lynch_Film_12 9 1983__7th Draft___,0
Dune_David Lynch_Film_12 9 1983__7th Draft___1,3
Dune_David Lynch_Film_8 27 1982__Revised 5th Draft___,3
"Dune_Jon Spaihts, Denis Villeneuve, Eric Roth_Film_6 19 2020__Final Shooting Draft___",0
"Dungeons & Dragons  Dragonshard_Jesse Griffith, Haris Orkin_Film_6 23 2004_Video Game Sample____",2
Dungeons & Dragons  The Hand of Chaos_David Leslie Johnson_Film_9 5 2012__1st Draft_FKA -  Chainmail __,2
"Dungeons & Dragons_Topper Lilien, Carroll Cartwright, Courtney Solomon_Film_2 1 1999__Shooting Script___",3
Dunkirk_Christopher Nolan_Film______,3
Dunkirk_Christopher Nolan_Film______2,3
Dunkirk_Unlisted_Film_6 1 2012_____,0
Duplex-2003-1st,0
Duplex-2003-2nd,0
Duplex-2003-reshoots,0
"Duplex_Larry Doyle, Greg Mottola, Wally Wolodarsky, Maya Forbes_Film_1 15 2002_____",0
Duplicity_Tony Gilroy_Film_10 30 2007_____,0
Duplicity_Tony Gilroy_Film_10 30 2007_____1,0
Dust Devil_Richard Stanley_Film_12 1 1990__2nd Draft___,3
DUST-TO-DUST,0
Dust_Karrie Crouse_Film_6 9 2020_____,2
Dutch_Unlisted_Film_7 26 1990_____,0
Dyersville_Will Hettinger_Film_3 26 2024_____,3
Dying For You_Travis Braun_Film______,3
Dying of the Light_Paul Schrader_Film_7 21 2008__1st Draft_FKA -  The Dying of the Light __,0
"E._Bill Collage, Adam Cooper_Film______",1
Earth Prime_Justin Marks_Film______,3
Earth Prime_Justin Marks_Film______1,3
earthlight,0
Earthwalkers_Ben Jacoby_Film______,3
Earworm_Austin Everett_Film______,2
Eastern Promises II_Steven Knight_Film_1 11 2010_____,2
Eastern Promises_Steve Knight_Film_11 12 2006__Revised Draft___,0
"Easy A_Bert V. Royal, Will Gluck_Film_3 16 2009__Revised Draft___",1
Easy A_Bert V. Royal_Film_8 3 2008__1st Draft___,0
Easy A_Bert V. Royal_Film_8 3 2008__1st Draft___1,0
Easy Money_Timothy F. O'Brien_Film______,0
"Easy Rider_Peter Fonda, Dennis Hopper, Terry Southern_Film_1 1 1969_____",0
"Easy Rider_Peter Fonda, Dennis Hopper, Terry Southern_Film_1 1 1969_____1",3
Easy-s-Waltz-(2025)-Nic-Pizzolato,1
"Echo Station_Patrick Aison, Brad Kean_Film_11 11 2011_____",0
Echoes_F. Scott Frazier_Film______,3
"ED TV_Lowell Ganz, Babaloo Mandel_Film_7 16 1997__6th Rewrite___",1
Eddie the Eagle_Sean Macaulay_Film_10 22 2006_____,0
Eddie the Eagle_Sean Macaulay_Film_10 22 2006_____1,0
Eddie the Eagle_Sean Macaulay_Film_11 10 2010_____,0
Eddie the Eagle_Sean Macaulay_Film_8 29 2013__Revised Draft___,0
Eddie the Eagle_Sean Macaulay_Film_8 30 2014_____,0
Eddington-(2025)-FYC-1.21.25,3
Eddington_Ari Aster_Film______,3
Eden Lake_Unlisted_Film______,3
EDEN-PART-1-Olatunde_4302,3
EDEN,3
Eden__s-Gate-Patrick-Doody-Chris-Valenziano,0
Edge of Tomorrow_D W Harper_Film_4 1 2020_____,3
Edge of Tomorrow_Joby harold_Film_8 12 2011_____,3
Edward Ford_Lem Dobbs_Film______,2
Edward Ford_Lem Dobbs_Film______1,2
Edward Scissorhands_Caroline Thompson_Film_12 15 1989__Revised Draft___,0
"Eggplant Emoji_Kevin Burrows, Matt Mider_Film_11 4 2016_____",3
"Eight Legged Freaks_Jesse Alexander, Ellory Elkayem_Film_7 1 2000___FKA -  Arac Attack __",2
Eight Scenes From The Life Of Hank Williams_Paul Schrader_Film______,0
Eighth Grade_Bo Burnham_Film_1 1 2017___FKA -  The Coolest Girl in the World __,1
Eileen-Read-The-Screenplay__Film______,3
El Cantante_Leon Ichaso_Film_10 7 2005_____,1
El Desconocido_Alberto Marini_Film_9 16 2014__10th Draft___,2
El Fuego Caliente_Ben Schwartz_Film___1st Draft___,0
El Mariachi_Robert Rodriguez_Film______,2
El Tonto_Charlie Day_Film______,3
El-Dorado-Gary-Spinelli-02-10-11,2
El-Espinazo-del-Diablo-(2001),2
EL-GRINGO-87-ELEVEN,0
"Election_Alexander Payne, Jim Taylor_Film_7 22 1997_____",1
Elektra_Frank Miller_Film___1st Draft___,3
"ELEMENTAL_Peter Sohn, John Hoberg, Kat Likkel, Brenda Hseuh_Film______",1
Elevator Game_Unlisted_Film_5 25 2022__4th Production Draft Yellow___,2
Elf_unlisted_Film______,1
ELI WEBB_Thompson Evans_Film_9 26 2006_____,0
"Elizabeth  The Golden Age_William Nicholson, Michael Hirst_Film_7 25 2006_____",0
"Elizabeth Blue_Vincent Sabella, Alfred D. Huffington_Film_7 2 2016__Shooting Script___",1
Eli_David Chirchirillo_Film______1,3
Eli_David Chirchirillo_Film______3,3
Elle_David Birke_Film______,0
Elle_David Birke_Film______1,0
Elle_David Birke_Film______2,0
Elle_David Birke_Film______3,0
Elvis-Nixon-(2016),1
"Elvis_Baz Luhrmann, Sam Bromell, Baz Luhrmann, Craig Pearce, Jeremy Doner_Film_3 5 2021__Final Shooting Script___",0
Elysium_Neill Blomkamp_Film______,3
Emergency_K.D. Davila_Film_4 9 2021__Blue Revised Draft___,3
Emergency_K.D. Davila_Film_6 28 2020_____,3
Emilia Perez_Jacques Audiard_Film______,0
Emilia Perez_Jacques Audiard_Film______15,0
Emilia Perez_Jacques Audiard_Film______16,0
Emma._Eleanor Catton_Film______,1
Emma_Chris Rodgers_Film______,2
"Encanto_Charise Castro Smith, Jared Bush_Film______",1
"Enchanted Christmas_Rick Garman, Catherine Fridey_Film______",1
Encounters-Master,0
Encrypt_Richard Taylor_Film______,3
End of Days_Andrew W. Marlowe_Film_2 17 1998_____,3
End of Watch_David Ayer_Film______,0
"Endangered_Ryan Belenzon, Jeffrey Gelber_Film_11 26 2012_____",2
ENDEAVOUR-by-Jon-Schumacer,2
Endurance_Steven Zaillian_Film_4 28 2001__Revised Draft___,1
Enemies Within_Cat Vesko_Film_11 3 2020_____,0
"Enemy of the State_David Marconi, Aaron Sorkin_Film_2 10 1997__Draft___",2
"Enemy of the State_David Marconi, Aaron Sorkin_Film_2 10 1997_____",2
Enemy of the State_David Marconi_Film_2 10 1997_____,2
"Engagement Games_Rachel Specter, Audrey Wauchope_Film______",1
Enlightened_Mike White_Film_9 27 2009_____,1
Enter the Void (French)_Gaspar Noe_Film__French____,2
Entrapment_Ronald Bass_Film_12 2 1996_____,1
Entry-Level-Benjamin-Hurley,0
Envoy_Kat Wood_Film______,0
Epiphany-May-2011,0
Equity_Amy Fox_Film_7 15 2015_____,1
Equity_Amy Fox_Film_7 15 2015_____1,1
Erased-(2012)-fka-The-Expatriate,3
Eraserhead - Beat Sheet_David Lynch_Film__Beat Sheet____,2
Erin Brockovich_Susannah Grant_Film____FKA -  Raising Hell __,0
Erin's Voice_Greg Sullivan_Film______,0
Escape from L.A._Coleman Luck_Film_12 7 1987__1st Draft___,2
"Escape from L.A._John Carpenter, Debra Hill, Kurt Russell_Film_12 11 1995__Revised Draft___",2
"Escape from New York_Ken Nolan, David Kajganich, Allan Loeb_Film_2 3 2010_____",0
Escape from New York_Ken Nolan_Film_Sat Jun 16 2007 00 00 00 GMT-0500 (Central Daylight Time)_____,1
Escape from New York_Neil Cross_Film_Mon Oct 24 2016 00 00 00 GMT-0500 (Central Daylight Time)_____,3
"Escape from the North Pole_Paul Laudiero, Ben Baker_Film______",0
Escher_Jason Kessler_Film______,1
Escobar_Fernando_Leon_de_Aranoa_Film_10_26_2015_,0
Esther-Jonas-Mike-Demski,0
Eternal Lies_Unlisted_Film______,2
Eternal Sunshine of the Spotless Mind_Charlie Kaufman_Film_1 1 2003_____,1
Eternal Sunshine of the Spotless Mind_Charlie Kaufman_Film_2 4 2003__Revised Shooting Draft___,1
Eternal Sunshine of the Spotless Mind_Charlie Kaufman_Film___1st Draft___,1
ETERNAL-Victoria-Aveyard,0
Eternity's Gate_Stephen Beck_Film_5 1 2009_____,2
Eternity_Pat Cunnane_Film______,1
Eurovision-(2020),1
Even Cowgirls get the Blues_Gus Van Sant_Film_1 1 1993__Shooting Draft___,2
Event Horizon_Philip Eisner_Film_12 11 1996__Shooting Script___,3
Event Horizon_Philip Eisner_Film___Shooting Draft___,2
"Everbrook _Eric Vespe, Aaron Morgan_Film______",3
"Everest_Mark Medoff, Michael Cristofer, Lem Dobbs, William Nicholson, Justin isbell, Simon Beaufoy_Film_10 4 2013__Interim Draft___",3
Everly_Yale Hannon_Film_1 7 2010_____,3
Everly_Yale Hannon_Film_3 23 2010_____,3
"Everybody Wants Head_Peter Hoare, Chris Lilli_Film______",0
Everybody Wants Some_Richard Linklater_Film_9 12 2014__Production Script_FKA -  That's What I'm Talking About __,0
Everyone Is Having Fun But You_Brad Vassar_Film_4 30 2009_____,2
"Everything Everywhere All at Once_Daniel Kwan, Daniel Scheinert_Film_12 18 2017_____",0
Everything Happens to Leah Chen_Lauren Minnerath_Film______,1
Evidence_John Swetnam_Film_1 1 2013_____,3
"Evil Dead II_Sam Raimi, Scott Spiegel_Film_5 5 1986__7th Draft___1",3
Ex Machina_Alex Garland_Film_1 1 2013_____,2
Ex Machina_Alex Garland_Film_2 14 2013_____,2
Ex-Boyfriend of the Bride_Matthew Haufater_Film_7 8 2012__Revised Draft___,1
Ex-Cons_Michael Montemayor_Film______,0
EX05,2
"Excalibur_Rospo Pallenberg, John Boorman_Film_9 28 1979_____2",3
Excelsior!_Alex Convery_Film______,1
Excess Baggage_unlisted_Film______,2
"Exchange Students_Ron J. Freidman, Steve Bencich_Film_11 11 2011_____",0
Exchanged-Geoffrey-Haley,3
"Executive Decision_Jim Thomas, John Thomas_Film_4 1 1991__Draft___",3
Executive Search_unlisted_Film______,1
eXistenZ_David Cronenberg_Film_10 1 1996__4th Draft___1,3
EXIT-PLAN-aka-THE-TOMB-by-Miles-Chapman_-rev-by-Jason-Keller-Miles-Chapman-2009-01-06,3
Exodus - Gods And Kings_unlisted_Film_Sat Oct 30 2010 00 00 00 GMT-0500 (Central Daylight Time)_____,3
Expiration-Brian-Tucker,3
"Exposure_Jeffrey Addiss, Will Matthews_Film______",3
Expulsion_Gregg Hurwitz_Film______,3
Extraction-Distribution1,0
EXTRACTION,3
Extraction_Aleem,3
Extractors,0
Extreme Close-Up_Julie O'Hora_Film___2nd Draft___,1
"Extremely Wicked, Shockingly Evil, and Vile_Michael Werwie_Film_12 21 2017_____",3
"Extremely Wicked, Shockingly Evil, and Vile_Michael Werwie_Film______2",3
Eye in the Sky_Guy Hibbert_Film_9 12 2014_____,2
Eye-In-The-Sky-Richard-D_Ovidio-2-3-15,3
Eyes-of-Tammy-Faye-The-(2021),1
Eyewitness_Steve Tesich_Film_10 31 1979__4th Draft_FKA -  The Janitor __,0
F cking Jane Austen_Blake Bruns_Film______,1
F1-(2025)-FYC,0
"Face Off_Michael L. Werb, Michael Colleary_Film_9 10 1996__Revised___",3
"Face Off_Michael L. Werb, Michael Colleary_Film___1st Draft___",3
Face-x3a-Off-(1997)-Rev.-Final-10-22-1996,3
Faces in the Crowd_Julien Magnat_Film_2 6 2008_____,0
Faces in the Crowd_Julien Magnat_Film_2 6 2008_____1,0
Fade_Adam Prince_Film_3 26 2009_____,2
Fahrenheit 451_Terry Hayes_Film_7 16 1997__Revised 3rd Draft___,2
"Fair Game_Jez Butterworth, John Butterworth_Film______",0
Fair Play_Chloe Domont_Film______,3
Fairy Godmother_Chiara Atik_Film______2,1
"Falling Down_Piotr Ciuman, Bartlomiej Piotrowski_Film______",0
Falling-Man-The-Ian-Corson-1,0
Falling,0
False Flag_Jesse Maiman_Film_4 27 2017_____,0
"False Truth_Thomas Berry, Isaac Gabaeff, Nathan Gabaeff_Film_9 1 2021_____",3
"Family Getaway_Jeremiah Friedman, Nick Palmer_Film_9 20 2010__Revised Draft___",0
"Family Getaway_Jeremiah Friedman, Nick Palmer_Film_9 20 2010__Revised___",0
Family Vacation_Melissa K. Stack_Film_1 19 2017_____,3
Family_Unlisted_Film_3 30 2006__Pink Revisions___,0
Fanboys_Adam F. Goldberg_Film_7 10 2005_____,0
Fancy Dance_Erica Tremblay_Film______,2
Fangirls_Lara Khajetoorians Larkin_Film______,0
Fantastic Beasts and Where To Find Them_J.K. Rowling_Film_8 18 2015_____,0
Fantastic Beasts The Crimes of Grindelwald_J.K. Rowling_Film_11 16 2017_____,1
"Fantastic Beasts The Secrets of Dumbledore_J.K. Rowling, Steve Kloves_Film_3 21 2022_____",1
Fantastic Four_Sam Hamm_Film_12 15 1998__Second Draft___,3
"Fantastic Mr. Fox_Wes Anderson, Noah Baumbach_Film_6 1 2009_____",0
"Fantastic Voyage_Glen Morgan, James Wong_Film_6 12 1997__First Draft___",2
Far From Heaven_Todd Haynes_Film______,1
Far From the Madding Crowd_David Nicholls_Film_9 1 2013__Shooting Script___,1
"Fargo_Joel Coen, Ethan Coen_Film______",0
Fast & Furious_Chris Morgan_Film_11 4 2007___FKA -  The Fast and the Furious IV __,3
"Fast Color_Julia Hart, Jordan Horowitz_Film_1 2 2017_____",2
"Fast Color_Julia Hart, Jordan Horowitz_Film_1 2 2017_____1",2
Fast Flash to Bang Time_W. Peter Iliff_Film_3 3 2008_____,0
Fast Nein  The Fast & The Fuhrer_Jordan VanDina_Film______,0
Fast Times at Ridgemont High_Cameron Crowe_Film______,1
Fast_Taylor Sheridan_Film____FKA -  F. A. S. T. __,2
"Fate_Gary Whitta_Film_6 20 2006___FKA -  Reaper , FKA -  Undying __",3
Father Daughter Time_Matthew Aldrich_Film______,2
"Father of Invention_Jonathan D. Krane, Trent Cooper_Film_4 30 2009_____",1
Fathers & Daughters_Brad Desch_Film_4 24 2013_____,1
Fathers-and-Daughters-Brad-Desch-Black-List-2012,1
Fatman-(2020),2
Faults_Riley Stearns_Film_10 23 2013__Green Revisions White Production Draft___,2
FAUST-Cory-Byam-9-23-11,0
"Fear and Loathing in Las Vegas_Terry Gilliam, Tony Grisoni_Film______",3
Fear of Clowns_Kevin Kangas_Film______,0
Fear_City,3
"Feast_Patrick Melton, Marcus Dunston_Film___Early Draft___",1
"Feast_Patrick Melton, Marcus Dunston_Film___Early Draft___1",1
Fellowship_Cassie Keet_Film_11 21 2024_____,1
FERAL-Wil-Denson,2
FEROCIOUS_Marc Bloom_Film______,0
Ferrari Read The Screenplay R 1__Film______,0
Ferris Bueller's Day Off_John Hughes_Film_7 24 1985__Shooting Script___,0
Ferris Bueller's Day Off_John Hughes_Film_7 24 1985__Shooting Script___1,0
Ferris Bueller's Day Off_John Hughes_Film______,0
Fiasco Heights_Kyle Ward_Film______,0
Fiendish_Edgar Castillo_Film______,3
Fierce Invalids Home from Hot Climates_Eric Aronson_Film_8 8 2008__1st Rewrite___,0
Fierce Invalids Home From Hot Climates_Eric Aronson_Film_8 8 2008__1st Rewrite___1,0
FIFTEEN-MINUTES-WITH-YOU-by-Mark-Hammer,1
Fight Club - Beat Sheet_Unlisted_Film__Beat Sheet____,3
Fight Club_Jim Uhls_Film_4 18 1997__Revised___,2
Fight Club_Jim Uhls_Film______,2
Fighting with My Family_Stephen Merchant_Film_12 14 2016_____,0
Fighting_Dito Montiel_Film_8 23 2007__White Shooting Script___,0
Figure8,3
Film Stars Don't Die in Liverpool_Matt Greenhalgh_Film______,1
Filth_Jon S. Baird_Film_1 20 2012__Yellow Revisions Shooting Script___,0
"Final Destination 2_J. Mackye Gruber, Eric Bress_Film______",3
FINAL SCORE_Will Hettinger_Film______,0
Finally_Stephen Belber_Film_11 1 2008_____,1
"Finch_Craig Luck, Ivor Powell_Film___4th Draft_FKA -  Finch __",0
Find What You Love and Let It Kill You_Alessandro Pulisci_Film______,2
Finding Nemo 2_Laurie Craig_Film_10 26 2005_____,0
Fingernails __Film______,1
Fire Island_Brandon A. Cohen_Film_5 12 2016_____,0
Fire With Fire_Tom O'Connor_Film_5 12 2010_____,3
FIRE-TEDDY-Matthew-Kaplan-Jason-Leinwand,0
FIRELINE-Adam-Morrison-03-01-11,0
Fire_Brian De Palma_Film_4 14 1982__1st Draft___,3
"First Cow_Jon Raymond, Kelly Reichardt_Film______",2
First Lady Out_William Richert_Film___Shooting Script___,0
First Man_Josh Singer_Film_Wed May 11 2016 00 00 00 GMT-0500 (Central Daylight Time)__Revised_FKA -  Armstrong __,2
First Reformed_Paul Schrader_Film_Fri Mar 20 2015 00 00 00 GMT-0500 (Central Daylight Time)_____,0
First Reformed_Paul Schrader_Film______,0
"First They Killed My Father_Loung Ung, Angelina Jolie_Film______",2
FIRST YOU HEAR THEM_Sean Harrigan_Film______,2
Fish in a Tree_Jeff Stockwell_Film_10 14 2020__2nd Draft___,1
"Fist Fight_Van Robichaux, Evan Susser_Film_12 17 2014_____",0
FISTMAS_Jack Waz_Film______,0
Five Eyes 2022 Ivan Atkinson Marn Davies 08 14 2020__Film______,0
Five Feet and Rising_Peter Sollett_Film______,2
"Five Killers_Bob De Rosa, Michael Brandt, Derek Haas, Melissa K. Stack_Film_2 3 2009__Revised___",0
Flamin Hot __Film______,1
Flash Gordon_Jesse Alexander_Film_7 28 1997_____,3
Flash Gordon_Lorenzo Semple Jr._Film_3 15 1979__1st Draft___,0
Flat Pennies_Robert Ward_Film______,3
Flatliners_Ben Ripley_Film_10 9 2014_____,3
Flatliners_Ben Ripley_Film_6 1 2012_____,0
Flatwoods_J. Scott Goldberg_Film______,1
Fletch_Andrew Bergman_Film_5 4 1986__Final Draft___,2
Flicker_Jim Uhls_Film_4 26 2009_____,3
Flight Risk_Jared Rosenberg_Film______,0
Flight-7500-(2014),3
FLIGHT-RISK-Sean-Hennen-01-14-11,0
"Flightplan_Peter Dowling, Larry Cohen, Terry Hayes, Billy Ray_Film_4 30 2004_____",0
"Flightplan_Peter Dowling, Larry Cohen, Terry Hayes, Billy Ray_Film_4 30 2004_____1",2
Flight_John Gatins_Film_12 12 2011__Tan Revisions___,0
FLING-CHARLES-ROBERT-CARNER-DEBRA-SHARKEY,0
"Flipped_Nora Ephron, Delia Ephron_Film_6 8 2006_____",2
Flora & Son_John Carney_Film_1 7 2022_____,1
"Flow_Gints Zilbalodis, Matiss Kaza_Film______",2
"Focus_Glenn Ficarra, John Requa_Film_3 16 2012__1st Draft___",0
"Foe_Iain Reid, Garth Davis_Film_4 13 2022_____",0
Fog of War_Peter Haig_Film______,3
Follow Her_Kyle Tague_Film______,0
Following_Christopher Nolan_Film______,2
Follow_Michael Kujak_Film______,1
"Fool Me Twice_Jane Paulson, Marcy Kelly_Film_11 14 2011_____",0
Fool_Neil MacLennan_Film______,1
"For a Good Time, Call..._Katie Anne Naylon, Lauren Anne Miller_Film_2 18 2010_____",1
For Colored Girls_Tyler Perry_Film_8 3 2010__Goldenrod Revisions Shooting Script___,0
For Love of the Game_Dana Stevens_Film_3 9 1995_____,2
For the Love of Rose_Ryan C. Furlong_Film_1 31 2017__Revised___,3
FORAGERS_Sam Boyer_Film______,3
"FORBIDDEN FRUITS_Meredith Alloway, Lily Houghton_Film______",0
Forbidden Kingdom_John Fusco_Film_5 5 2007__Green Revision___,1
Forbidden Planet_Cyril Hume_Film_9 3 1954_____,2
Forbidden Planet_J. Michael Straczynski_Film______,3
Forbidden Steps_Iram Parveen Bilal_Film______,0
Forever Hold Your Peace_Emma Dudley_Film______,1
Forever Man_Jon Gianelli_Film_Sun Jan 01 2017 00 00 00 GMT-0600 (Central Standard Time)_____,3
Forget Me Not ... Again!_Bill Lundy_Film______,1
Forgetting Sarah Marshall_Jason Segal_Film_12 18 2006_____,1
Fort Apache_Frank Nugent_Film_7 10 1947__Shooting Script_FKA -  War Party __,2
Fortunate-Son,3
Forty Minutes in March_Michael Schatz_Film______,1
Four Assassins (And a Funeral)_Ryan Hooper_Film_4 11 2021_____,2
Four Kings of Ruin_Chad St. John_Film_7 27 2010_____,3
"Four Lions_Christopher Morris, Jesse Armstrong, Sam Bain, Simon Blackwell_Film_1 27 2010_____",3
"Four Rooms_Allison Anders, Alexandre Rockwell, Robert Rodriguez, Quentin Tarantino_Film__Book____",0
"Four Rooms_Allison Anders, Alexandre Rockwell, Robert Rodriguez, Quentin Tarantino_Film__Book____1",0
"Foxcatcher_E. Max Frye, Dan Futterman_Film______",0
"Fracture_Dan Pyne, Tom Pabst, Glenn Gers, E. Max Frye, Howard Franklin, Jeffrey Fiskin_Film_1 6 2005_____",2
Fracture_Danielle Iman_Film______,0
Fragments_Jake Moses_Film______,2
"Frances Ha_Noah Baumbach, Greta Gerwig_Film_5 14 2012_____",1
Frank or Francis_Charlie Kaufman_Film_5 17 2010_____,1
Frankenstein 90210_Kenneth L. Kleeman_Film_Tue Feb 01 2011 00 00 00 GMT-0600 (Central Standard Time)_____,0
Frankenstein's Army_Chris W. Mitchell_Film_12 22 2011__Revised___,3
Frankenstein-(2025)-FYC,0
"Frankenstein_Robert Florey, Garrett Fort_Film_5 23 1931_____",3
Frankenweenie_John August_Film_1 18 2012__Conformed Draft___,0
Frankenweenie_John August_Film_12 1 2010__Revised___,2
Frankie and Johnny_Terrence McNally_Film_12 21 1990__Revised 1st Draft___,1
"Frankie_Mauricio Zacharias, Ira Sachs_Film______",1
Franklyn_Gerald McMorrow_Film_4 3 2007_____,2
"Frank_Peter Straughan, Jon Ronson_Film_8 6 2009__Revised 1st Draft___",0
Frat Boy Genius_Elissa Karasik_Film______,0
Frat Boy Genius_Elissa Karasik_Film______1,0
"Freak Shift_Amy Jump, Ben Wheatley_Film_1 1 2012_____",3
"Freaks of the Heartland_Geoff Davey, Peter Sattler_Film_8 19 2009__2nd Draft___1",3
"Freaks of the Heartland_Geoff Davey, Peter Sattler_Film_8 19 2009__2nd Draft___2",3
"Freaks_Willis Goldbeck, Leon Gordon, Elliott Clawson, Edgar Allen Woolf, Al Boasberg, Charles MacArthur_Film_1 1 1932__Shooting Script___",1
"Freddy vs. Jason_Damian Shannon, Mark J. Swift_Film___Final Draft___",3
"Freddy vs. Jason_Jonathan Aibel, Glenn Berger_Film_12 1 1998__3rd Draft___",3
Freddy vs. Jason_Mark Protosevich_Film_1 1 2000_____,0
Freddy vs. Jason_Mark Protosevich_Film_1 1 2000_____1,0
Freddy vs. Jason_Peter Briggs_Film______,0
Freddy's Dead  The Final Nightmare_Michael De Luca_Film_12 19 1990__White Revisions___,2
"Freddy's Dead  The Final Nightmare_Rachel Talalay, Michael Almereyda_Film____FKA -  A Nightmare On Elm Street 6 __",3
Free Agent_Unlisted_Film______,1
"Free Fire_Amy Jump, Ben Wheatley_Film______",3
"Free Fire_Amy Jump, Ben Wheatley_Film______1",3
Free Guy_Matt Lieberman_Film______1,0
FREEFALL-by-Kraig-X-Wenman,0
Freeheld_Ron Nyswaner_Film_8 12 2014__Revised___,0
FREELANCE-Jake-Lentz-David-Weinstein,0
"Freelancers_L. Philippe Casseus, Jessy Terrero_Film_4 17 2011_____",0
FREERAYSHAWN_Marc_Maurino_Film_,3
Frenemy_Ariel Sayegh_Film______,2
Frequency_Toby Emmerich_Film___Shooting Script___,0
Freshly Popped_Megan J. Parsons_Film______,0
Freshly Popped_Megan J. Parsons_Film______1,0
Fresh_Lauryn Kahn_Film_6 17 2020_____,1
"Freud's Last Session_Mark St. Germain, Matthew Brown_Film______",3
Freuds Last Session __Film______,3
Friday the 13th  3-D_Nick Antosca_Film_6 4 2015_____,3
Friday the 13th  Part 13_Aaron Guzikowski_Film______,3
Friday the 13th Part 2_Ron Kurz_Film______,3
"Friday the 13th Part III_Martin Kitrosser, Carol Watson, Petru Popescu_Film______",2
Friday the 13th Part VI  Jason Lives_Tom McLoughlin_Film____FKA -  Jason Has Risen __,3
Friday the 13th Part VIII  Jason Takes Manhattan_Rob Hedden_Film______,3
"Friday the 13th_Damian Shannon, Mark Swift_Film_3 12 2008_____",2
"Friday the 13th_Victor Miller, Ron Kurz_Film______",2
Friend of Bill_Harper Dill_Film______,0
FRIENDLY,3
Friends with Benefits_Unlisted_Film_7 14 2010_____,1
Friends with Kids_Jennifer Westfeldt_Film_2 25 2010__1st Draft___,1
Friendship-(2025)-Final-1.10.24,1
"Fright Night Part 2_Tim Metcalfe, Miguel Tijada-Flores, Tommy Lee Wallace_Film_8 31 1987__Revised Shooting Script___",2
Frisco_Simon Stephenson_Film_1 20 2013_____1,0
From Beyond_Cynthia Curnan_Film_2 14 2007_____,3
From Dusk Till Dawn_Quentin Tarantino_Film______,3
From Hell_Terry Hayes_Film_8 1 1995__1st Draft___,0
From Hell_Terry Hayes_Film_8 1 1995__1st Draft___1,0
From Here to Eternity_Daniel Taradash_Film_8 29 1952__2nd Draft___,0
From Noon Till Three_Unlisted_Film_2 25 1976__Continuity Script___,0
"From Russia with Love_Richard Maibaum, Johanna Harwood_Film______",0
From the Convalescence of Christianne Zelman_Levres de Sang_Film_Tue Jul 25 2017 00 00 00 GMT-0500 (Central Daylight Time)_____,1
From-Mia-With-Love-David-Katzenberg-Seth-Graham-Smith-Kevin-Chesley-Bryan-Shukoff-4-23-11,0
Frontiersmen-Nicholas-Thomas-Final,0
Frozen River_Courtney Hunt_Film______,2
Frozen River_Courtney Hunt_Film______1,2
Frozen-Ground-(2013),2
Frozen-John-Travis,3
Frozen_Adam Green_Film_1 28 2009_____,3
Frozen_Adam Green_Film_1 28 2009_____1,3
Frozen_Jennifer Lee_Film_9 23 2013__Shooting Script___,0
Fuck Facebook_Zeke Farrow_Film______,0
Fucking Jane Austen_Blake Bruns_Film______,1
"Full Circle_John Regan, Ben Henderson_Film______",0
full-cognition,0
Funny Games_Michael Haneke_Film______,0
Funny People_Judd Apatow_Film______,1
Funny People_Judd Apatow_Film______1,1
Furious,1
Fury - Studio Synopsis_Unlisted_Film__Studio Synopsis____,3
G.I. Jane_David Twohy_Film_8 6 1995__1st Draft___,2
G.I. Joe  The Movie_Ron Friedman_Film_2 26 1986_____,3
Gabi Seems Different_Victoria Bata_Film______,0
Gagarin_Robert D Cain_Film_Sun Sep 14 2014 00 00 00 GMT-0500 (Central Daylight Time)_____,1
Gainsbourg  A Heroic Life_Joann Sfar_Film_7 15 2008__Shooting Script___,0
Galactic-Prospectors-Curt-Burdick-Scott-Burdick,0
Galahad_Ryan J. Condal_Film_2 5 2008_____1,3
Galveston_Nic Pizzolatto_Film_5 27 2011__Revised 2nd Draft___,2
Gambit_Joshua Zetumer_Film_8 28 2015__2nd Draft___,2
Game 6_Don DeLillo_Film_5 18 2004__Revised Draft___,2
"Game Night_Mark Perez, Dana Fox, Katherine Silberman, Jonathan Goldstein, John Francis Daley_Film_Tue Oct 25 2016 00 00 00 GMT-0500 (Central Daylight Time)__Revised___",3
Game of 72_Unlisted_Film______,3
"Gamer_Mark Neveldine, Brian Taylor_Film_9 19 2007__White 'Kable' Script_FKA -  Game __",3
Gangster Squad_Will Beall_Film_11 3 2011___FKA -  The Gangster Squad __,0
Gangster Squad_Will Beall_Film_9 16 2010___FKA -  The Gangster Squad __,0
Gangster Squad_Will Beall_Film_9 16 2010___FKA -  The Gangster Squad __1,0
Gangster-Squad-(2013)-6-18-10,0
"Garden District_Anthony Jaswinski, Luke Goltz_Film_3 19 2012_____",3
Gaslight_Ian Fried_Film_6 26 2011_____1,3
Gather the Ashes_Vikash Shankar_Film______,3
Gattaca_Andrew M. Niccol_Film____FKA -  Untitled __,2
Gattaca_Andrew Niccol_Film______,0
Gattaca_Andrew Niccol_Film______1,2
Gay-Chicken-Jeff-Marx-Gregory-Bonsignore-Jeff-Witzke-June-2011,0
Gaza_Frank Deasy_Film_12 2 2008__1st Draft___,3
Gemini Man_Darren Lemke_Film______,1
"Gemma Bovery_Pascal Bonitzer, Anne Fontaine_Film______",2
"Generational Leap_John Sonntag, Thomas Sonntag_Film______",3
Genesis_Andrew Baldwin_Film_6 2 2016_____,3
Genesis_Andrew Baldwin_Film______,3
Genius-The-Last-Samurai-Josh-Stolberg-Tom-Dey,0
Genneris_Nic Kelman_Film_6 6 2010_____,0
Gentleman's Agreement_Moss Hart_Film_6 3 1947__Revised Shooting Script___,1
Gentlemen Prefer Blondes_Charles Lederer_Film_11 13 1952__Revised Final Draft___,2
George Washington_David Franzoni_Film______,0
George Washington_David Franzoni_Film______1,0
George_Jeremy Michael Cohen_Film______,1
"Geostorm_Dean Devlin, Paul Guyot_Film_11 30 2012__1st Draft___",0
"Gernika_Barney Cohen, Carlos Clavijo_Film______",0
Get Carter_Mike Hodges_Film_1 1 1971__Revised___,2
Get Carter_Mike Hodges_Film_1 1 1971__Revised___1,2
"Get Hard_Jay Martel, Ian Roberts_Film_7 24 2013_____",3
Get Him to the Greek_Nicholas Stoller_Film_10 1 2008__Revised___1,1
"Get On Up_Jez Butterworth, John-Henry Butterworth_Film______",0
Get Out_Jordan Peele_Film______1,0
Get Shorty_Scott Frank_Film______,2
"Ghosbusters_Harold Ramis, Dan Aykroyd_Film_10 7 1983__Revised___",0
"Ghost in the Shell_Jamie Moss, Laeta Kalogridis, William Wheeler, Jay Rodan_Film_7 25 2015_____",3
Ghost in the Shell_William Wheeler_Film_1 22 2013_____,0
Ghost in the Shell_William Wheeler_Film_12 2 2014__Revised___,2
Ghost in the Shell_William Wheeler_Film_12 2 2014__Revised___1,3
"Ghost Rider  Spirit of Vengeance_Scott M. Gimple, Seth Hoffman_Film_5 14 2010_____",0
Ghost Rider_David S. Goyer_Film_4 11 2001__First Draft___1,3
Ghost Rider_David S. Goyer_Film_6 14 2001_____,3
Ghost Story_Sarmad Khan_Film_Sat Jun 25 2016 00 00 00 GMT-0500 (Central Daylight Time)__1st Draft___,3
"Ghost World_Daniel Clowes, Terry Zwigoff_Film______",0
Ghost-in-the-Machine-(1993)-08.07.92-Rev,3
GHOST-LIGHT-ROAD-Mark-Davidson,3
"Ghostbusters II_Harold Ramis, Dan Aykroyd_Film_11 27 1988_____",0
"Ghostbusters II_Harold Ramis, Dan Aykroyd_Film_2 27 1989_____",0
"Ghostbusters II_Harold Ramis, Dan Aykroyd_Film_2 27 1989_____1",0
"Ghostbusters II_Harold Ramis, Dan Aykroyd_Film_9 29 1988_____",0
"Ghostbusters II_Harold Ramis, Dan Aykroyd_Film______",0
"Ghostbusters, Inc._Lee Eisenberg, Gene Stupnitsky_Film_4 8 2009__2nd Draft_FKA -  Ghostbusters III __",2
Ghostwatch_Stephen Volk_Film_6 5 1992__4th Draft Revised_FKA -  Noddies __,2
Ghost_Bruce Joel Rubin_Film_7 21 1989_____,0
Ghost_Bruce Joel Rubin_Film___Shooting Script___,0
GHOUL-SCHOOL-John-Stancari,3
"Giallo_Jim Agnew, Sean Keller_Film______",3
Gideon's Law_Chris Billett_Film_3 13 2009_____,3
Ginger & Rosa_Sally Potter_Film______,0
Girl in a Box_Meg LeFauve_Film______,1
"Girl, Interrupted_James Mangold_Film_6 12 1998_____",0
"Girl, Interrupted_Lisa Loomer, Susan Shilliday_Film_3 22 1996__2nd Draft___",0
"Girl, Interrupted_Lisa Loomer_Film_12 14 1994__1st Draft___",0
Girlfriend Material_Ali Schouten_Film_4 12 2012_____,1
Girlfriend on Mars_Kaitlin Fontana_Film___First Draft___,1
Girlfriend on Mars_Kaitlin Fontana_Film______,1
Gladiator II_David Scarpa_Film_5 29 23_____,2
"Gladiator_David Franzoni, John Logan, Bill Nicholson_Film_5 28 1999__Revised Shooting Script___",0
"Gladiator_David Franzoni, John Logan_Film_10 22 1998__Revised 2nd Draft___",0
GlampfireGirls_2014,1
Glass Onion_Rian Johnson_Film______,3
Glass-Onion-A-Knives-Out-Mystery-(2022)-version-3.1,0
Glimmer_Carter Blanchard_Film______1,3
Glisten_Connor Smith_Film______,0
"Go Dark_Josh Marentette, Spencer Marentette_Film______",0
"Go To Hell, Tina Rhodes_Bayan Wolcott_Film_1 22 2018_____",3
"Goat_David Gordon Green, Jeff Nicholls_Film_8 28 2007__2nd Draft___",2
"Goat_Zack Akers, Skip Bronkie_Film_3 14 2022_____",2
GOBLIN,0
Godless_Scott Frank_Film_9 22 2006__Revised___,2
Godless_Scott Frank_Film_9 22 2006__Revised___1,3
Godless_Scott Frank_Film_9 22 2006__Revised___2,3
Godparents_Sadie Jones_Film_5 13 2011_____,1
Gods and Monsters_Bill Condon_Film_6 16 1997__Blue Revisions Shooting Script___,0
"Gods of Egypt_Matt Sazama, Burk Sharpless_Film_1 20 2012_____",3
"Godzilla_Dave Callaham, David S. Goyer, Max Borenstein_Film_6 20 2012_____",3
Godzilla_Dave Callaham_Film______,0
"Godzilla_David Callaham, David S. Goyer, Max Borenstein_Film_6 20 2012__Revised Draft___",3
"Godzilla_Ted Elliott, Terry Rossio_Film_11 1 1995__Final Draft___",2
"Godzilla_Ted Elliott, Terry Rossio_Film_12 9 1994__Final Draft___",3
"Godzilla_Ted Elliott, Terry Rossio_Film_12 9 1994__Final Draft___1",3
Godzilla_Unlisted_Film____FKA -  Godzilla 94 __,3
Going the Distance_Geoff LaTulippe_Film______,1
Going the Distance_Geoff LaTulippe_Film______1,1
Going-in-Style-(1979)-4.12.79-Digital,1
Going-Pro-9-16-11,1
Golden Boy_Connor Martin_Film______,0
"Goldfinger_Richard Maibaum, Paul Dehn_Film______",2
Goldie_Brett Martin_Film______1,0
"Gold_Patrick Massett, John Zinman_Film_6 11 2010_____",1
"Gold_Patrick Massett, John Zinman_Film_6 11 2010_____1",1
"Goliath_John D. Payne, Patrick McKay_Film______",2
"Gone Baby Gone_Ben Affleck, Aaron Stockard_Film______1",2
Gone in 60 Seconds_Scott Rosenberg_Film_1 22 1999_____,2
Gone in 60 Seconds_Scott Rosenberg_Film_4 6 1999_____,2
Gone in 60 Seconds_Scott Rosenberg_Film_4 6 1999_____1,2
Gone in 60 Seconds_Scott Rosenberg_Film_4 6 1999_____2,3
GONE-FISHING-Keith-Patrick-Dinielli,0
Gone-Girl-(2014)-12.14.2012,0
"Good Boys_Lee Eisenberg, Gene Stupnitsky_Film_4 4 2017_____",0
Good Chance_Tricia Lee_Film_10 30 2020_____,1
Good Kids_Chris McCoy_Film_10 24 2011_____,0
Good Kill_Andrew Niccol_Film______,3
Good Time Gang_Max Landis_Film____FKA -  The Goodtime Gang __,0
"Good Vibrations_Colin Carberry, Glen Patterson_Film_8 12 2011__Shooting Script___",0
"Good Will Hunting_Matt Damon, Ben Affleck_Film______",1
"Good Will Hunting_Matt Damon, Ben Affleck_Film______1",1
Good-Bad-The-Picknells-Jonathan-Keasey-Brant-Boivin,0
GOOD-COP-BOT-COP-by-Dave-Cowen,3
Good-Luck-Have-Fun-Don-t-Die-Matthew-Robinson-01.12.23,3
GOOD-SAMARITAN-JARROW,0
Good-Samaritan-The-Peter-Dowling,3
Goodbye Gene_Derek Williams_Film______,0
"Goodbye, Felix Chester_Max Taxe_Film______1",1
"Goodfellas_Nicholas Pileggi, Martin Scorsese_Film_9 8 1989__Pink Revisions_FKA -  Wiseguys __",3
"Goon_Jay Baruchel, Evan Goldberg_Film______",0
"Goosebumps_Darren Lemke, Mike White_Film_6 24 2013_____",0
Goosebumps_Darren Lemke_Film_12 18 2012_____,0
GORDO-Dana-Scanlon-02-15-11,0
"Gorgo_Eugene Lourie, Daniel Hyatt_Film_6 15 1959_____",3
Gotham-The-David-Levinson,0
Gothika_Sebastian Gutierrez_Film_12 8 2002__Revised 2nd Draft___,3
Go_John August_Film_4 15 1997_____1,2
Grabbers_Kevin Lehane_Film_10 13 2010_____,0
Grace of Monaco_Arash Amel_Film_1 4 2012__Director's Draft___,1
Grace of Monaco_Arash Amel_Film_8 1 2011_____1,1
Grace of Monaco_Arash Amel_Film_8 1 2011_____2,1
Grace_Paul Solet_Film_5 4 2008_____,0
Grace_Will Lowell_Film______,1
Graduates of the Grave_Kathryn Paulsen_Film______,0
Graffiti Bridge_Prince_Film_11 26 1989__2nd Draft___,0
Gran Torino_Nick Schenk_Film_5 5 2008_____,3
Grand Piano_Damien Chazelle_Film_2 21 2011_____,0
Grandma Wants to Die_Patrick Cadigan_Film______,0
Grandma_Paul Weitz_Film______,0
Grave Expectations_Sam Wright_Film______,3
Grave Hearts_Mke Van Waes_Film_3 24 2014_____,1
Gravity Falls -  Mad-Cap Capitalism _Ian Rickett_Film_2 26 2016_____,2
"Gravity_Alfonso_Cuaron,_Jonas_Cuaron,_Rodrigo_Garcia_Film_5_29_2012_",3
"Gravity_Alfonso_Cuaron,_Jonas_Cuaron,_Rodrigo_Garcia_Film_5_29_2012_1",0
"Gravity_Alfonso_Cuaron,_Jonas_Cuaron,_Rodrigo_Garcia_Film_5_29_2012_2",2
Gray Man_Adam Cozad_Film_9 22 2010_____,3
Gray Man_Adam Cozad_Film_9 22 2010_____1,3
Gray Man_Adam Cozad_Film_9 22 2010_____2,3
Grays-The-5.25.07,0
Grayskull  The Masters of the Universe_Justin Marks_Film_5 23 2008_____,3
Grayskull  The Masters of the Universe_Justin Marks_Film_5 23 2008_____1,3
Great Expectations_David Nicholls_Film______,1
Great Hope Springs_Vanessa Taylor_Film_4 28 2011__Revised___,1
"Green Book_Nick Vallelonga, Peter Farrelly, Brian Currie_Film_Sat May 20 2017 00 00 00 GMT-0500 (Central Daylight Time)_____",0
Green Room_Jeremy Saulnier_Film_9 7 2014__Shooting Script___,2
Green Rush_Matt Tente_Film______,0
Green-and-Gold-(2025)-Ver.-2.0-2021-05-10,1
Green-Book-(2018)-2-1-17,2
Greenberg_Noah Baumbach_Film______,2
Greenberg_Noah Baumbach_Film______1,1
Greenhorn_Ryan Lee_Film______,3
Greenland_Chris Sparling_Film_1 25 2017_____,3
Greetings from Jerry_John Killoran_Film_12 8 2008_____,0
Greetings From Jerry_John Killoran_Film_12 8 2008_____1,0
Greta_Ray Wright_Film_3 14 2013__Early Draft___,3
Grimwood-2015-Nicholl-Finalist,0
Gringos-Don-Michael-Paul-Kelly-Cabral,0
Gripper_Drew Bryan_Film______,3
"Griselda - 1x05 - Paradise Lost_Doug Miro, Giovanna Sarquis, Ingrid Escajeda_Film_6 21 2022_____",1
Grizz_Connor Barry_Film______,3
GROOMZILLA,1
"Grosse Pointe Blank_Tom Jankiewicz, D. V. DeVincentis, S. K. Boatman, John Cusack_Film_5 4 1994__Revised___",2
"Grosse Pointe Blank_Tom Jankiewicz, D. V. DeVincentis, S. K. Boatman, John Cusack_Film_5 4 1994__Revised___1",2
Ground Control to Major Tom_Jason Micallef_Film_3 17 2012_____2,1
Ground Zero_Richard Stanley_Film_1 25 2007_____,2
"Groundhog Day_Danny Rubin, Harold Ramis_Film_1 7 1992__2nd Revision___1",0
"Groundhog Day_Danny Rubin, Harold Ramis_Film_4 24 1992__Goldenrod Revisions___",1
Grown Man Business_Justin Britt-Gibson_Film_12 8 2007_____,3
Grunts-Shaink-Stanley-020711,0
Guardians of the Galaxy Vol. 2_James Gunn_Film______,0
Guardians-of-the-Mythic-Vault-Daniel-Persitz-03_11_11,0
GUEST_MatthewCruz,0
Gun Fever_Unlisted_Film_3 1 1994__Continuity Script___,2
Gunfight_Jake Disch_Film______,1
"Gunpowder Milkshake_Aharon Keshales, Navot Papsuahdo, Ehud Lavski_Film_1 1 2018_____",3
"Guns, Girls and Gambling_Michael Winnick_Film______",3
Guns-and-Saris-2011-Nicholl-Winner,2
Guttenberg_Kenny Neibart_Film_9 13 2018_____,0
Gutterballs-(2008),3
Guys Night_Christopher Baldi_Film_7 12 2011_____,0
Gypsy-12.22.14,1
"Hack Slash_Martin Schenk, Todd Lincoln, Ben Magid_Film_7 11 2008_____",1
Hackers_Rafael Moreu_Film______,0
"Hacksaw Ridge_Robert Schenkkan, Randall Wallace_Film_3 12 2013_____",0
Hack_Mike Schneider_Film______,2
Hag_Haley Z. Boston_Film_Sat Sep 22 2018 00 00 00 GMT-0500 (Central Daylight Time)_____,3
Hail Mary_Brandon McFall_Film______,3
"Hail, Caesar!_Joel Coen, Ethan Coen_Film_1 5 2015__Blue Revisions Shooting Script___",1
"Hairspray_Mark O'Donnel, Thomas Meehan, Leslie Dixon_Film_11 23 2005__Revised Draft___",2
Half Heard in the Stillness_David Weil_Film______2,0
"Half Nelson_Ryan Fleck, Anna Boden_Film_4 11 2005_____",1
Halloween  Asylum_Matt Venne_Film_10 24 2014_____,3
"Halloween  Asylum_Matt Verne, Josh Goldfinger, Peter Stolberg_Film______",3
"Halloween  Resurrection_Larry Brand, Shawn Hood_Film_1 1 2001__Shooting Script_FKA -  Halloween  The Homecoming __",2
Halloween  The Curse of Michael Myers_Daniel Farrands_Film______,3
"Halloween  The Resurrection_Daniel S. Duvall, Fernley Phillips_Film______",0
"Halloween 3D_Todd Farmer, Patrick Lussier_Film_9 26 2009__1st Draft___",3
Halloween 7  Two Faces of Evil_Robert Zappia_Film_7 11 1997_____,3
"Halloween 9  Retribution_Dudi Appleton, Jim Keeble_Film_2 20 2004__1st Draft___",3
"Halloween H20  20 Years Later_Robert Zappia, Matthew Greenberg_Film____FKA -  Halloween  The Revenge of Laurie Strode __",0
"Halloween H20  20 Years Later_Robert Zappia, Matthew Greenberg_Film____FKA -  Halloween  The Revenge of Laurie Strode __1",0
"Halloween Kills_Scott Teems, Danny McBride, David Gordon Green_Film______",3
"Halloween Returns_Patrick Melton, Marcus Dunstan_Film_4 13 2015_____",3
"Halloween Returns_Patrick Melton, Marcus Dunstan_Film_6 7 2015_____",3
"Halloween_David Gordon Green, Danny McBride, Jeff Fradley_Film______",3
"Halloween_John Carpenter, Debra Hill_Film___Shooting Script___",2
Halo 3  ODST_Joseph Staten_Film_12 5 2004_Video Game Script_Revised 4th Draft___,2
"Hamlet 2_Andy Fleming, Pam Brady_Film_6 30 2006_____",0
Hamlet_Kenneth Branagh_Film______,1
Hamnet-(2025)-FYC,0
"Hancock_Vincent Ngo, Vince Gilligan, John August_Film_5 3 2007__Shooting Script___",0
Handcarved Coffins_William Peter Blatty_Film_10 1 1985__1st draft___,1
Hands of Stone_Jonathan Jakubowicz_Film_1 21 2011_____,0
Handsome Stranger_Gregory Navarro_Film______,2
Hangin' Out With the Homeboys_Joe Vasquez_Film_3 21 1990_____,1
"Hangman_Michael Caissie, Charles Huttinger_Film______",3
Hannah and Her Sisters_Woody Allen_Film_1 1 1986__Shooting Script___,1
Hannah and Her Sisters_Woody Allen_Film______1,0
"Hanna_Seth Lochhead, David Farr_Film_3 3 2010__Pink Revisions___",2
"Hanna_Seth Lochhead, David Farr_Film_6 5 2009_____",3
Hannibal_David Mamet_Film_9 8 1999_____,2
Hannibal_Steven Zaillian_Film_12 10 1999__1st Draft___,0
Hannibal_Steven Zaillian_Film_2 9 2000__Revisions___,0
Hannibal_Steven Zaillian_Film_2 9 2000__Revisions___1,0
Hansel & Gretel  Witch Hunters_Tommy Wirkola_Film_8 19 2009_____,3
"Happy Birthday, Wanda June_Kurt Vonnegut_Film______",0
"Happy Death Day_Scott Lobdell, Christopher Landon_Film____FKA -  Half to Death __",3
"Happy Feet_George Miller, John Collee_Film___Early Draft___",0
Happy Halloween_Unlisted_Film______,2
Happy-Death-Day-2-U-(2019)-1.17.18,3
Happy-Go-Lucky_Mike Leigh_Film______,1
Hard Boiled II_John Jarrell_Film_5 3 2007__Revised 1st Draft___,3
"Hard to Kill_Steven Pressfield, Ronald Shusett, Steven Seagal_Film_2 17 1989__Final Draft___",3
Hard Truths_Mike Leigh_Film_12 5 2023_____,2
"Hardware_Richard Stanley, Michael Fallon_Film______",0
Hare_Jason A Rostovsky_Film_6 12 2018_____,3
Harlem Nights_Eddie Murphy_Film_6 16 1989__Revised Draft___,0
"Harlock  Space Pirate_Harutoshi Fukui, Kiyoto Takeuchi_Film_1 18 2013_____",3
Harold and Maude_Colin Higgins_Film_5 29 1970__Shooting Script___,1
"Harriet_Gregory Allen Howard, Kasi Lemmons_Film______",3
"Harrow Alley_Walter Brown Newman, Emma Thompson_Film_8 13 2007__Revised Final Draft___",0
"Harrow Alley_Walter Brown Newman, Emma Thompson_Film_8 13 2007__Revised Final Draft___1",0
Harrow Alley_Walter Brown Newman_Film______,0
Harry Potter and the Chamber of Secrets_Steve Kloves_Film_5 12 2002__2nd Gold___,0
Harry Potter and the Chamber of Secrets_Steve Kloves_Film_5 14 2002__2nd Gold Revision___,0
Harry Potter and the Chamber of Secrets_Steve Kloves_Film______,0
Harry Potter and the Deathly Hallows  Part 1_Steve Kloves_Film_6 11 2010__Cherry Revisions Havana Revisions Final Draft___,2
Harry Potter and the Deathly Hallows  Part 2_Steve Kloves_Film_12 14 2010__Interim Revisions___,3
Harry Potter and the Deathly Hallows  Part 2_Steve Kloves_Film_9 9 2009__Interim Revisions___,3
Harry Potter and the Half-Blood Prince_Steve Kloves_Film_11 6 2007_____,0
Harry Potter and the Prisoner of Azkaban_Steve Kloves_Film_2 24 2003__Full Tan Draft___,0
Harry Potter and the Prisoner of Azkaban_Steve Kloves_Film_2 24 2003__Full Tan Draft___1,0
HARRY-SCHMERLER-SEX-TAPE-07-01-2013-Lewis-Zach_3473,1
Harsh-09-10-101,3
Hart You_Zoe McCarthy_Film______2,1
Hart's Location_Ashley Reed_Film_5 15 2011__Purple Draft___,0
Harvey_Craig Mazin_Film_7 23 2002__3rd Draft___,1
Harvey_Mary Chase_Film__Play____,1
Hatched_Megan Woodward_Film_1 30 2012_____,0
"Hate Crime_James Cullen Bressack, Jarret Cohen_Film______",3
"Hate Mail_Ryan Fleck, Anna Boden_Film_8 11 2011_____",0
"Hate Night_V. J. Boyd, Justin Boyd_Film______",3
"Hate Night_V. J. Boyd, Justin Boyd_Film______1",3
Hattie-2011-TVM-Stephen-Russell,1
HAUNT,3
Haunted_Eric Kripke_Film_6 10 2011_____,0
Haunter-(2013)-02-12-12,3
Haverstock-Hill-Tish-Lampert-Alexa-Sau,0
Havoc_Stephen Gaghan_Film_2 25 1998_____,2
Hawaii Five-O_Roger Towne_Film_4 15 2002_____,0
"Hawk - 'The Slayer'_Terence Marcel, H Macleod Robertson_Film______",3
Haywire_Lem Dobbs_Film_1 10 2010__Blue Revisions_FKA -  Knockout __,0
Haywire_Lem Dobbs_Film_11 19 2009_____,0
He Got Game_Spike Lee_Film___2nd Draft___,1
He Loves Me_Zoe Kazan_Film_6 9 2011_____,1
He's Fuckin Perfect_Lauryn Kahn_Film_8 15 2011_____,1
HEAD GAMES_Colin Liddle_Film______,2
Headhunter_Sophie Dawson_Film______,1
HEADSHOT-Alessandro-Camon-01-19-11,0
Health & Wellness_Joe Epstein_Film_11 11 2016_____,0
Hearse_Benjamin Hickey_Film______,3
Heart of Darkness_Orson Welles_Film_11 30 1939__Revised Estimating Script___,2
Heart of Darkness_Orson Welles_Film_11 30 1939__Revised Estimating Script___2,2
Heart of the Beast_Cameron Alexander_Film______,0
Heart of the Beast_Cameron Alexander_Film______1,0
Heart-Eyes-2024,3
"Heartstopper_Daniel Antoniazzi, Ben Shiffrin_Film______",3
Heathen_Krystin Ver Linden_Film______,0
Heathers_Daniel Waters_Film_11 17 1987__Revised 2nd Draft___,0
Heathers_Daniel Waters_Film_11 17 1987__Revised 2nd Draft___1,0
Heathers_Daniel Waters_Film______,3
Heathers_Daniel Waters_Film______1,0
Heat_Michael Mann_Film_3 3 1994__Revised Draft___,3
Heat_Michael Mann_Film_3 3 1994__Revised Draft___1,3
Heat_Michael Mann_Film_8 18 1994_____,2
Heat_Nicholas Jarecki_Film_8 1 2007_Beat Sheet____,3
HEAVEN-SENT-by-PJ-McIlvaine-2013-07-30-Digital,0
"Heavenly Creatures_Frances Walsh, Peter Jackson_Film______",0
Heavy Metal Labyrinth_Jake Katalay_Film_9 12 2016_____,3
Heck_Chris Hicks_Film______,2
"Hector and the Search for Happiness_Maria von Heland, Peter Chelsom_Film_1 25 2013__White Production Draft___",1
Hedda-(2025)-2024.02-shooting-digital-FYC,1
Heist_David Mamet_Film_3 1 1999_____,0
Held-2015-Nicholl-Finalist,0
Hell Hath No Fury_Gigi Gaston_Film_6 10 2008_____,0
Hell of a Deal_Joe Giambrone_Film______,3
Hell or High Water_Taylor Sheridan_Film___FYC___,0
Hell or High Water_Taylor Sheridan_Film____FKA -  Comancheria __,0
"Hell, Incorporated_Chris Copeland_Film______",3
Hellbound  Hellraiser II_Peter Atkins_Film_11 1 1987__2nd Draft___,0
HELLBOUND-Blackman-2-2-12,3
Hellboy_Andrew Cosby_Film_11 16 2016___FKA -  Hellboy  Rise of the Blood Queen __,3
Hellboy_Guillermo del Toro_Film_3 1 1999__1st Draft___,0
Hellboy_Guillermo del Toro_Film_3 1 1999__1st Draft___1,2
Helldiver_Ben Imperato_Film______,3
Hello Darkness_Markus Bodnar_Film______,2
Hello Universe_Michael Golamco_Film_11 11 2021_____,0
Hellpig_Michael Harper_Film______,0
"Hellraiser  Deader_Neal Marshall Stevens, Tim Day_Film_8 29 2002_____",0
"Hellraiser  Deader_Neal Marshall Stevens, Tim Day_Film______1",3
"Hellraiser  Deader_Neal Marshall Stevens, Tim Day_Film______3",3
Hellraiser  Hellseeker_Carl Dupre_Film_10 27 2000_____,0
Hellraiser III  Hell on Earth_Peter Atkins_Film_5 8 1991_____,0
Hellraiser IV  Bloodline_Peter Atkins_Film______,3
Hellraiser_Clive Barker_Film_7 28 1986_____,3
Hellraiser_Clive Barker_Film_7 28 1986_____1,3
Hells Pass_David Parkin_Film_8 15 2010_____,3
Help Me Spread Goodness_Mark Friedman_Film_9 23 2008_____,0
Help-The-(2011)-2nd-11-9-09,0
HELPLESS-Matt-Lambert,3
"Hemingway and Fuentes_Hilary Hemingway, Andy Garcia_Film_4 1 2011_____",1
Hemingway-Boy,1
"Hemoglobin_Charles Adair, Ron Shusett, Dan O'Bannon, Gerald Sindell_Film_1 22 1986_____",2
Henchman_Max Landis_Film_12 10 2019_____,3
"Henchmen_Russell Leigh Sharman, Owen Egerton, Chris Mass_Film_4 24 2008_____",0
Henry Fool_Hal Hartley_Film___Shooting Script___,3
Henry V_Kenneth Branagh_Film______,0
Henry's Crime_Sacha Gervasi_Film______,0
Her Smell_Alex Ross Pery_Film_4 15 2018_____,0
"Hercules_Ryan J. Condal, Evan Spiliotopoulos_Film_12 1 2012_____",3
Here Comes the Bandits_Ethan Dawes_Film______,1
"Here Comes the Boom_Allan Loeb, Kevin James, Rock Reuben, Nick Bakay_Film_2 25 2011__White Draft___",0
Here Comes the Son_Nina Colman_Film______,1
Here There Be Monsters_Brian Helgeland_Film_1 12 2011_____,3
Here-Be-Dragons-Joshua-Roth,0
Here-Lies-Ezra-3-16-12,0
Hereafter_Peter Morgan_Film_5 1 2008_____,0
Hereditary-(2018)-2015-12-04,3
Hereditary_Ari Aster_Film_11 30 2016_____,3
"Heretic_Scott Beck, Bryan Woods_Film______",0
"Heretic_Scott Beck, Bryan Woods_Film______1",0
Here_Comes_The_Flood_Simon_Kinberg_05-04-201,0
Heroes & Villains_Larry Cohen_Film______,0
herself shooting script__Film______,0
"Herself_Clare Dunne, Malcolm Campbell_Film___Yellow Draft___",0
Her_Spike Jonze_Film_1 1 2011_____,1
Hexen_Alex Ross_Film______,3
Hey-Jude-2016-Nicholl-Finalist,0
"Hibernate_Geneva Robertson-Dworet, Will Frank_Film______",3
"Hidden Figures_Allison Schroeder, Theodore Melfi_Film_5 9 2016__Revisions Shooting Script___",0
Hidden-Ones-The,3
Hide-and-Seek-Final-Copy-4-17-12-Clean1-1,2
Hider in the House_Lem Dobbs_Film_9 9 1987_____,3
Hierro_Javier_Gullon_Film_1_1_2008_,0
HIGH CONCEPT_Alex Kavutskiy Perez_Film______,0
"High Fidelity_D. V. De Vincentis, Steve Pink, John Cusack_Film_9 11 1998_____",3
"High Fidelity_D.V. De Vincentis, Steve Pink, John Cusack_Film_9 11 1998_____",3
High Life - Project Package_Unlisted_Film__Project Package____,2
"High on Christmas_Dreux Moreland, Hannah Mescon_Film______",0
"High School High_David Zucker, Robert N. LoCash_Film_9 15 1995__Green Revisions Shooting Script___",0
"High Sierra_John Huston, W. R. Burnett_Film_1 1 1941__Shooting Script___",0
High Society_Noga Pnueli_Film_10 1 2019_____,1
HIGH-SCHOOL-SENIORS-McCollester-Hamish,2
Higher Learning_John Singleton_Film______,2
Higher_Karl Gajdusek_Film_5 4 2000_____,1
Higher_Max Landis_Film_3 29 2016_____,3
Highlander  The Final Dimension_Brad Mirman_Film____FKA -  Highlander III __,0
"Highlander II  The Quickening_Peter Bellwood, William Panzer, Brian Clemens_Film_1 1 1991___FKA -  Highlander II __",0
Highlander_Gregory Widen_Film______,2
"Highlander_Peter Bellwood, Larry Ferguson, Gregory Widen_Film______",0
"Highlander_Peter Bellwood, Larry Ferguson_Film_10 26 1983__Revised___",3
Hillsborough_Jimmy McGovern_Film______,3
Himbo_Jason Hellerman_Film_5 29 2022_____,0
"Hindenberg_Martin Kunert, Eric Manes_Film_7 22 1998__1st Draft___",3
Hire a Wife_E. A. Ives_Film_7 1 2009_____,1
His Girl Friday_Charles Lederer_Film_1 1 1940_____,0
His Three Daughters_Azael Jacobs_Film______,1
His Three Daughters_Azazel Jacobs_Film______,1
His-House-(2000)-2017.07.07-Master-Version,0
Hit List 2017_Hit List_Film______,1
"HIT ME, BABY_Kurt McLeod_Film______",0
Hit Yourself_Unlisted_Film_4 25 2015_Coverage____,2
Hit Yourself_Unlisted_Film______,3
Hit Yourself_Unlisted_Film______1,3
"Hitchcock_John J. McLaughlin, Stephen Rebello, Ryan Murphy, Sacha Gervasi_Film_10 19 2011__Revised_FKA -  Alfred Hitchcock and the Making of Psycho __",0
Hitchcock_John J. McLaughlin_Film_4 12 2007___FKA -  Alfred Hitchcock and the Making of Psycho __,0
Hitchcock_John J. McLaughlin_Film____FKA -  Alfred Hitchcock and the Making of Psycho __,0
"Hitchhiker's Guide to the Galaxy_Douglas Adams, Karey Kirkpatrick_Film_8 8 2003__3rd Revised Draft___",0
"Hitman_Richard Linklater, Glen Powell_Film______",0
Hobby_The_-_Matthew_Gayne,2
Hocus-Pocus-2-(2022),3
Hogan's Heroes_Keith Samples_Film______,2
Hold on to Me_Brad Ingelsby_Film_11 1 2011___FKA -  Nancy and Danny __,2
Hold the Dark_Macon Blair_Film_12 10 2015_____,2
Holiday_Spin-Leon-101911,1
"Holland, Michigan_Andrew Sodroski_Film_3 1 2013_____1",2
"Holland, Michigan_Andrew Sodroski_Film_3 1 2013_____4",2
Hollow Man_Andrew W. Marlowe_Film_6 26 1998__Revised Draft___,2
Holly Morales Invented Time Travel_Caitlin Schneiderhan_Film______,0
"Hollywood Legend (1943 unproduced draft script)_Leo McCarey, Charles MacArthur, Adela Rogers St. John, Morrie Ryskind_Film_11 16 1943_____",1
"Hollywood Legend_Leo McCarey, Charles MacArthur, Adela Rogers St. John, Morrie Ryskind_Film_11 16 1943_____",1
Holy-Shit-Christopher-Michael-Paradis,0
Home by Christmas_Ben Schwartz_Film_11 23 2010_____,1
"Home for the Holidays_Christopher Jones, Tom Albanese_Film______",1
HOME-INVASION-by-Joseph-Dembner,3
HOME-MOVIES,3
Home-Sweet-Home-Alone-(2021)-3rd,0
HOMECOMING-QUEENS,1
"Homecoming_Brandon Broussard, Hudson Obayuwana, Jana Savage_Film______",1
"Homefront_Joshua Zeman, Tom Ellis_Film_5 12 2012_____",0
Homefront_Sylvester Stallone_Film_7 14 2005__3rd Draft_FKA -  Rambo 4  Homefront __,3
Homeworld_Gary Whitta_Film_6 12 2014_____,0
Honey -  Pilot _Wallaine Sarao_Film_____1x01_,1
"Honey Boy_Otis Lort, Shia Labeouf_Film_1 19 2018_____",0
Honey Boy_Shia Labeouf_Film___Final Shooting Script___,0
Honey West_Elisa Bell_Film_5 27 2004_____,0
Honeydripper_John Sayles_Film_6 18 2006_____,0
Honor Among Thieves_George Nolfi_Film_1 30 2002__Revised Draft___,0
Hoof Harrington's Greatest Hits_Dutch Southern_Film______,3
Hoof Harrington's Greatest Hits_Dutch Southern_Film______1,3
Hooking Up_Jeff Siegel_Film_9 20 2007__Final Draft_FKA -  Cluster __,1
Hope and Glory_John Boorman_Film_1 1 1986__4th Draft___,1
Horns-(2013)-Keith-Bunin-11.1.11,3
Horns_Keith Bunin_Film_7 10 2012_____,3
"Horrible Bosses 2_Jonathan Goldstein, John Francis Daley_Film_4 20 2012_____",3
"Horrible Bosses_Michael Markowitz, Jonathan Goldstein, John Frances Daley_Film_4 14 2010__Revisions___",3
Horsegirl_Lauren Meyering_Film______,0
Horsehead Girls_Winona Wilms_Film______,3
Hostage-Joel-Thomas-amp_-B-P-Kelsey,0
Hostage_Robert Crais_Film_3 29 2002_____,3
HOSTILE-ENGAGEMENT-Campbell-Stuecken,2
Hostiles-(2017)-03.04.16,0
Hot Air_Will Reichel_Film______,1
"Hot Fuzz_Simon Pegg, Edgar Wright_Film______",0
Hot Girl Summer_Michelle Askew_Film______,0
Hot Mess_Jenni Ross_Film_12 16 2009__2nd Draft___,1
Hot Mess_Jenni Ross_Film_12 16 2009_____,1
HOT MESS_Shanrah Wakefield_Film______,3
"Hot Shots! Part Deux_Jim Abrahams, Pat Proft_Film_7 10 1992__Revised 1st Draft___",0
"Hot Shots!_Jim Abrahams, Pat Proft_Film_12 20 1990__Green Revisions 2nd Draft___",3
Hot Stuff_Michael Kane_Film_9 8 1978__Revised Final Draft___,0
Hot Summer Nights_Elijah Bynum_Film______,2
Hot Tub Time Machine 2_Josh Heald_Film_5 9 2013__Production Draft_FKA -  Hot Tub Time Machine 2  The Future __,1
"Hot Tub Time Machine_Josh Heald, Jarrad Paul, Andrew Mogel, Steve Pink_Film_4 28 2009__Revisions___",0
Hot Zone_Jim V. Hart_Film_10 9 1993_____,0
Hotel Hotel Hotel Hotel_Michael Shanks_Film_11 4 2021_____,3
HOTTEST-ASS-CONTEST,1
"Houdini_Stephen J. Rivele, Christopher Wilkinson_Film_4 25 1997__4th Draft___",3
Hound Dogs_Ron Shelton_Film_9 10 2010__2nd Draft___,0
Hour of the Gun_Unlisted_Film_7 28 1967__Combined Continuity Script___,2
House of 1000 Corpses_Rob Zombie_Film______,3
House of Flies_Shane Allen Yount_Film_1 1 2013_____,3
House of Games_David Mamet_Film_6 11 1986__White Revisions___,2
"House of Gucci_Becky Johnston, Roberto Bentivegna_Film______",1
House of Gucci_Roberto Bentivegna_Film_4 19 2019_____,0
House Of The Damned_Brendan Broderick_Film_10 18 1995__4th Draft___,3
House On Haunted Hill_Dick Beebe_Film_1 13 1999__Blue Revisions___,3
HOUSE-ARREST_Justin-Adler_022713-01,3
HOUSE-DAD_Yorks,0
House-on-the-Borderland-by-David-Benullo,0
How It Ends  All I See Is Darkness_Brooks McLaren_Film_8 1 2009_____1,0
How My Wedding Dress Got This Fucking Dirty_Emily Blake_Film_5 1 2012_____,0
How To Be Good_Cindy Chupack_Film_11 2 2007__Writer Draft___,1
"How to Be Single_Abby Kohn, Marc Silverstein, Dana Fox_Film_4 28 2015__Pink Revisions___",1
How to Build a Girl_Caitlin Moran_Film______,1
How To Eat Fried Worms_John August_Film_1 28 1997_____,0
How to Save a Marriage_Ross Evans_Film______,3
How To Train Your Dragon  The Hidden World_Dean DeBois_Film_12 5 2018__FYC - Final___,0
How to Train Your Dragon 2_Dean DeBlois_Film_5 5 2014__Final Draft___,3
"How to Train Your Dragon_Dean DeBlois, Chris Sanders, Will Davies_Film_2 13 2010__Final Draft___",3
HOW-TO-GET-OVER-THAT-BITCH,0
HOW-TO-ROB-A-BANK-2nd,0
Howl_Madison Vanderberg_Film______,3
Huck_Andy Burg_Film_1 29 2012_____,0
"Hudson Hawk_Steven E. de Souza, Dan Waters_Film_7 2 1990__Revised___",3
Hughes_Andrew Rothschild_Film_10 19 2017_____,0
Hugo_John Logan_Film_12 1 2010___FKA -  The Invention of Hugo Cabret __,0
Hugo_John Logan_Film_4 21 2010___FKA -  The Invention of Hugo Cabret __,0
"Hulk_James Schamus, Michael France, John Turman_Film___Shooting Script___",0
Hulk_John Turman_Film_6 14 1994__1st Draft___,3
Human Nature_Charlie Kaufman_Film_5 20 1995__1st Draft___,1
Human-Stain-The-2003-2002-02-25,2
"Hunger_Enda Walsh, Steve McQueen_Film_9 28 2007__Shooting Script_FKA -  The McQueen Project __1",3
"Hunger_Enda Walsh, Steve McQueen_Film_Fri Sep 28 2007 00 00 00 GMT-0500 (Central Daylight Time)__Shooting Script_FKA -  The McQueen Project __",3
Hunt-Capture-Kill-FDW1,3
Hunter's Moon_Alex Wright_Film______,3
"Hunter-Killer_Jamie Moss, Ed Arnett, John Kolvenbach, Peter Craig, Jeffrey Nachmanoff_Film_8 5 2014__Revised___",0
"Hunter-Killer_Jamie Moss, Ed Arnett, John Kolvenbach, Peter Craig, Jeffrey Nachmanoff_Film_8 5 2014__Revised___1",0
HUNTING-SEASON-2013,2
Hurts Like Hell_Joey Poach_Film______,1
Husband-Heist,3
Hush_Little-Baby,0
Husk_Brett Simmons_Film_1 30 2008_____,3
Hustle-The-(2019)-fka-Dirty-Rotten-Skanks,1
Hustlers-(2019)-4-14-17,1
Hustlers_Lorene Scafaria_Film_4 19 2019_____,2
Hyde Park on Hudson_Richard Nelson_Film______,1
Hyde Park on Hudson_Richard Nelson_Film______1,1
Hyde_Cole Haddon_Film_8 6 2010__1st Draft___,3
Hyde_Cole Haddon_Film_8 6 2010__1st Draft___1,3
HYDROPOLIS-FINAL,0
"Hysteria_Jonah Lisa Dyer, Stephen Dyer_Film_4 1 2008_____",1
I Am Legend 2  The Descent of Man_D. B. Weiss_Film_1 30 2009__1st Draft___,2
I Am Legend_John Logan_Film_9 8 1997_____,3
I Am Legend_John Logan_Film_9 8 1997_____1,3
I Am Legend_Mark Protosevich_Film_11 6 1996_____,3
I Am Legend_Mark Protosevich_Film______,3
"I Am Number 4_Alfred Gough, Miles Millar_Film_1 8 2010_____",0
"I Am Yours_Ryan Belenzon, Jeffrey Gelber_Film_5 10 2018__2nd Revised Draft___",1
I Can See You're Angry_Brandon Cohen_Film______,0
"I Carry You WIth Me_Heidi Ewing, Alan Page Arriaga_Film___Final Draft___",0
"I Confess_George Tabori, William Archibald_Film_1 1 1953__Shooting Script___",2
I Don't Feel at Home in This World Anymore._Macon Blair_Film_Mon Feb 08 2016 00 00 00 GMT-0600 (Central Standard Time)_____,0
"I Don't Know How She Does It_Kevin Wade, Aline Broth McKenna_Film_9 26 2008_____",1
I Dreamt I Woke Up_John Boorman_Film______,2
"I Feel Pretty_Abby Kohn, Marc Silverstein_Film_3 1 2016_____",1
"I Hate You Dad_David H. Caspe, Ken Marino, David Wain_Film_11 6 2009_____",0
I Hope I Do_Greg Shouse_Film______,0
I Hope I Do_Greg Shouse_Film______1,0
"I Hope They Serve Beer in Hell_Tucker Max, Nils Parker_Film_4 15 2008_____",3
I Hope We Can Still Be Friends_John Whittington_Film______,1
"I Killed Buddy Cloy_Chase Pletts, Nick Garrison_Film_8 26 2008_____",1
I Know Who Killed Me_Jeff Hammond_Film_1 9 2007_____,3
I Love You Now and Forever_Robert Machoian_Film_2 4 2022_____,0
"I Love You Philip Morris_Glenn Ficarra, John Requa_Film_4 1 2008_____",1
"I Love You Philip Morris_Glenn Ficarra, John Requa_Film_4 27 2008_____",1
"I Love You, Beth Cooper_Larry Doyle_Film_11 2 2007__2nd Draft___",1
"I Love You, Beth Cooper_Larry Doyle_Film_7 13 2007__1st Draft___",1
"I Love You, Beth Cooper_unlisted_Film______",1
"I Melt With You_Glenn Porter, Mark Pellington_Film_10 1 2009_____",1
I Origins_Mike Cahill_Film_1 28 2013_____,1
I Saw the Light_Marc Abraham_Film_12 15 2014__FYC___,1
I Saw the Light_Marc Abraham_Film______,1
I Saw The TV Glow_Jane Schoenbrun_Film_5 31 22_____,2
I See You_Devon Graye_Film_5 2 2018__White Shooting Draft___,3
"I Smile Back_Paige Dylan, Amy Koppelman_Film_3 2 2014__Pink Revisions___",1
I Spit On Your Grave_Stuart Morse_Film_11 1 2009___FKA -  Day of the Woman __,3
I Still Know What You Did Last Summer_Trey Callaway_Film______,3
I Still Know What You Did Last Summer_Trey Callaway_Film______1,3
"I Walked With a Zombie_Curt Siodmak, Ardel Wray_Film______",0
I'll Do Anything_James L. Brooks_Film___Shooting Draft___,1
"I'll See You in My Dreams_Brett Haley, Marc Basch_Film_3 16 2014__Pink Revisions___",1
I'm From the Future_Daniel Noah_Film_4 15 2011_____,2
"I'm Still Here_Murilo Hauser, Heitor Lorega_Film______",2
I'm Thinking of Ending Things_Charlie Kaufman_Film_3 12 2019__Yellow Revised Draft___,1
"I'm Your Woman_Julia Hart, Jordan Horowitz_Film______",0
"I, Lucifer_Dan Harris, Michael Dougherty_Film_11 7 2005_____",0
"I, Robot_Akiva Goldsman, Jeff Vintar_Film_8 1 2002_____",3
"I, Robot_Hillary Seitz_Film______",3
I-Care-A-Lot,0
I-DO-AGAIN-Jenna-Milly-and-Ann-Marie-Allison,1
I.C.U._Sidney King_Film_3 15 2010_____,3
I.T._Dan Kay_Film_2 16 2012__Revised Draft___,0
iBoy-2nd-draft-28-02-13-_6663,0
ICE,3
Iceman-Book-One-2023,2
ICM Coverage Guide_Unlisted_Film______,0
Idea in America_Cecilia Miniucchi_Film_9 1 2010_____,1
"Identity Thief_Jerry Eeten, Craig Mazin_Film_12 6 2011__Revised_FKA -  ID Theft __",0
Idol_Tricia Lee_Film___Draft 7.1___,1
If Beale Street Could Talk_Barry Jenkins_Film_2 3 2014_____,1
IF I HAD YOUR FACE_Ran Ran Wang_Film______,2
If I Stay_Shauna Cross_Film_7 17 2009__1st Draft___,0
If You Were the Last..._Angela Bourassa_Film______,1
If-I-Had-Legs-I-d-Kick-You-(2025)-FYC,2
IGNITION-POINT-3-6-13,0
"Ikiru_Shinobu Hashimoto, Akira Kurosawa, Hideo Oguni, Donald Richie_Film______",3
Il Ragazzo Invisible - Pitch_Gabriele Salvatores_Film______,2
Images-of-Fear,2
Imagination-FINAL,1
Imagine_Dan Fogelman_Film_11 2 2010_____,1
Imagine_Dan Fogelman_Film_11 2 2010_____1,1
Imagine_Dan Fogelman_Film_11 2 2010_____2,1
IMMIGRANT-IMORTAL-Jason-Bortz,0
"Immortals_Charley Parlapanides, Vlas Parlapanides_Film_2 25 2008_____",3
IMMUNE_Daniel Persitz_Film______,0
Impasse_Justin Marks_Film______,1
"In a Dirty Place_Joshua Marcus, Jeremy Jayne_Film______",2
In a Season of Soft Rains_Richard Stanley_Film______,2
In a World..._Paul J. Salamoff_Film______,2
"In America_Jim Sheridan, Naomi Sheridan, Kirsten Sheridan_Film______",1
In Case of Rapture_Ben Watts_Film______,1
"In Deep_Brian Lee, Brian Diamond_Film______",1
In Fabric_Peter Strickland_Film_10 16 2017__Pink Revisions___,2
"In Retrospect_Brett Treacy, Dan Woodward_Film______",0
In Tents_Mandy Fabian_Film______,1
In the Deep_Anthony Jaswinski_Film_9 17 2014__1st Draft___1,3
In The End_Brian T Arnold_Film______,1
In the Flesh_Ken Alston_Film_Sat Nov 30 2013 00 00 00 GMT-0600 (Central Standard Time)_____,0
In the Heart of the Sea_Charles Leavitt_Film______,0
In the Heights__Film______,0
"In the Loop_Armando Iannucci, Simon Blackwell, Tony Roche, Jesse Armstrong_Film_6 11 2008__Shooting Script___",0
"In the Loop_Armando Iannucci, Simon Blackwell, Tony Roche, Jesse Armstrong_Film_6 11 2008__Shooting Script___1",3
In the Morning Blood_Elijah Bynum_Film______,3
In the Mouth of Madness_Michael De Luca_Film_2 21 1992_____,3
In the Name of Love_Jennifer Maisel_Film_2 10 2012_____,1
IN THE TALL GRASS production draft__Film______,2
"In the Valley of Elah_Mark Boal, Paul Haggis_Film_11 30 2006__Final Shooting Script___",3
In-a-Dark-Place-Stacey-Menear,0
In-A-World...-(2013),1
IN-MY-CORNER-Oscar-Torres,2
In-the-Air-Tonight-04-22-13,0
IN-THE-FLESH,0
In-the-Shadow-of-the-Moon-(2019),3
Inauguration Day_Patrick McConville_Film______,0
Incarnate_Ronnie Christensen_Film______,0
Inception_Christopher Nolan_Film___Shooting Draft___,2
Inception_Christopher Nolan_Film___Shooting Draft___1,2
Inception_Christopher Nolan_Film___Shooting Script___,2
Incident-on-459-CHRIS-SPARLING,3
"Incredible Burt Wonderstone_Chad Kultgen, Jonathan Goldstein, John Francis Daley, Jake Kasdan_Film_3 17 2010_____",2
Indiana Jones and the City of Gods_Frank Darabont_Film_11 4 2003_____1,3
"Indiana Jones and the Kingdom of the Crystal Skull_David Koepp, Jeff Nathanson, Frank Darabont, George Lucas, Jeb Stuart_Film_10 1 2007__Revised Final Shooting Script___",2
"Indiana Jones and the Raiders of the Lost Ark - Story Development Discussion_George Lucas, Stephen Spielberg, Lawrence Kasdan_Film_1 27 1987_Story Development Session____",2
Indiana Jones and the Saucer Men from Mars_Jeb Stuart_Film_2 20 1995__Revised___,0
"Indiana Jones III_Chris Columbus_Film_2 10 1985__1st draft_FKA -  Indiana Jones and the Monkey King ,  Indiana Jones and the Garden of Life __",3
Indigo_Ola Shokunbi_Film______,0
Inferno  A Linda Lovelace Story_Matthew Wilder_Film______,0
Inferno_David Koepp_Film_9 20 2013_____,2
Infidels_Mark Bianculli_Film______,3
INFILTRATE-_2163,3
Infinitely Polar Bear_Maya Forbes_Film_4 21 2012_____,1
Infinitely Polar Bear_Maya Forbes_Film______,1
Infinitely Polar Bear_Maya Forbes_Film______1,1
Infinite_Ian-Shorr_Film_1,2
Infinite_Jacob Chase_Film______,2
Infinitum_Marc Guggenheim_Film______,2
Inglorious Basterds_Quentin Tarantino_Film______,1
Inglorious Basterds_Quentin Tarantino_Film______1,1
Inglorious Basterds_Quentin Tarantino_Film______2,1
"Ingred Goes West_David Branson Smith, Matt Spicer_Film_11 10 2015_____",1
Inherent Vice_Paul Thomas Anderson_Film_8 7 2013__Shooting Script___,2
Inherent Vice_Paul Thomas Anderson_Film_8 7 2013__Shooting Script___1,2
Inhuman Nature_Matt Fisch_Film_5 15 2018_____,0
Inhuman_Steffan Ralph DelPiano_Film_11 26 2014_____,2
Inhuman_Steffan Ralph DelPiano_Film_Sun Apr 21 2013 00 00 00 GMT-0500 (Central Daylight Time)_____,2
Ink and Bone_Zak Olkewicz_Film______4,2
Inner City_Dan Gilroy_Film_9 2 2016_____,2
Innerspace_Jeffrey Boam_Film_12 3 1985__Blue Revisions 1st Draft___,0
Innocent Monsters_Elaina Perpelitt_Film______,0
Inside Man_Russell Gewirtz_Film_1 17 2005___FKA -  The Inside Man __1,0
Inside Man_Russell Gewirtz_Film____FKA -  The Inside Man __,0
"Inside Out 2_Meg LeFauve, Dave Holstein_Film______",1
"Inside Out 2_Meg LeFauve, Dave Holstein_Film______1",1
"Inside Out_Pete Docter, Meg LeFauve, Josh Cooley_Film___FYC___",1
"Inside Out_Pete Docter, Meg LeFauve, Josh Cooley_Film______",1
INSIDE-THE-MACHINE-Marc-Maurino,3
Inside_Elise Salomon_Film______,2
Insidious  Chapter 2_Leigh Whannell_Film_11 1 2012_____,3
Insidious_Leigh Whannell_Film______,3
Insomnia_Hillary Seitz_Film_5 2 2000_____,2
Insomnia_Hillary Seitz_Film______,2
"Inspector Gadget_Dana Olsen, Jeff Berry, Kerry Ehrin, Zak Penn_Film_5 6 1998__Revised___",0
Instant-Family-(2018)-08.28.17,1
Intern-The-Stuart-Gibbs-Mike-Rosemont-4-26-10,0
Internal Affairs_Henry Bean_Film_3 24 1989__7th Revision Final Draft___,2
Interrogation-Adam-Rodin-4-5-12,0
"Interstellar_Jonathan Nolan, Christopher Nolan_Film___Final Draft___",2
Interstellar_Jonathan Nolan_Film_3 12 2008_____,2
Interstellar_Jonathan Nolan_Film_3 12 2008_____1,2
Interview with the Vampire_Anne Rice_Film_2 10 1993_____,3
Interview with the Vampire_Anne Rice_Film_4 1 1992__2nd Draft___,3
Interview with the Vampire_Anne Rice_Film_4 1 1992__2nd Draft___1,3
Interview with the Vampire_Anne Rice_Film______,3
Into the Woods_James Lapine_Film______,3
"Into the Woods_Lowell Ganz, Babaloo Mandel_Film_10 15 1996_____",3
INTO-THE-DARK-Travis-Baker-Richard-Tanne,0
"Intolerable Cruelty_Robert Ramsey, Matthew Stone, Ethan Coen, Joel Coen_Film_3 25 1997__1st Draft___",1
INTRUSION_by_L-D-_Goffigan,0
"Invaders from Mars_Dan O'Bannon, Don Jakoby_Film_12 1 1984__2nd Draft___1",0
Invaders From Mars_John Tucker Battle_Film_9 5 1950__Revised Draft___,2
Invaders_Jayson Rothwell_Film______,0
Invariant_David Marmor_Film______,2
Invasion_Ben Magrid_Film_8 11 2009_____,3
Inventing the Abbots_Ken Hixon_Film_3 21 1996_____,0
Inventor-The-(2023)-Illustrated-Script,1
Inventor-The-(2023)-Pitch-Bible,1
Inventor-The-(2023),1
INVERTIGO11-1-09-1,0
Invictus_Anthony Peckham_Film_5 22 2007__2nd Draft_FKA -  The Human Factor __,0
Invictus_Anthony Peckham_Film_5 22 2007__2nd Draft_FKA -  The Human Factor __1,0
Invictus_Anthony Peckham_Film_6 6 2007__Revised 2nd Draft_FKA -  The Human Factor __1,0
IN_Bess Wohl_Film_5 24 2007_____,1
"IO_Clay Jeter, Will Basanta, CHarles Spano_Film_6 23 2014_____",2
"Irma La Douce_Billy Wilder, I. A. L. Diamond_Film_1 1 1963__Shooting Script___",2
Iron Claw Read The Screenplay__Film______,1
Iron Jack_Johnny Rosenthal_Film_4 15 2008_____,1
"Iron Man_Matt Holloway, Art Marcum, Mark Fergus, Hawk Ostby, John August_Film_5 10 2007__Revised 2nd Salmon Draft___",3
"Iron Sky_Johanna Sinisalo, Michael Kalesniko_Film_8 17 2010_____",3
IRON-GIRL-Brandon-Boyce,3
Irreversible-John-Pile,3
Is This You_Kaitlin Fontana_Film______,0
Is-This-Thing-On-(2025)-FYC,1
"Isle of the Dead_Josef Mischel, Ardel Wray_Film______",3
Isleworth_Charlie Efron_Film______,0
Isleworth_Charlie Efron_Film______1,0
Isobar_Steven E. de Souza_Film_12 1 1990__2nd Draft___,2
ISS_Nick Shafir_Film_8 6 2020_____,0
ISS_Nick Shafir_Film_8 6 2020_____1,0
It Came From Outer Space_Harry Essex_Film______,2
It Follows_David Robert Mitchell_Film_5 28 2013_____,0
It Follows_David Robert Mitchell_Film_9 29 2013_____,0
It Follows_David Robert Mitchell_Film_9 29 2013_____1,0
It Happened One Night_Robert Riskin_Film_1 1 1934__Shooting Draft___,0
It Was You_William Yu_Film______,1
It'll Be Good For Us_Alix Lerner_Film______,0
"It's a Wonderful Life_Frances Goodrich, Albert Hackett, Frank Capra, Jo Swerling_Film______",1
It's a Wonderful Story_Alexandra Tran_Film______,0
It's Britney Bitch_Cerina Aragones_Film______,0
It's Complicated_Nancy Meyers_Film______,1
"It's Kind of a Funny Story_Ryan Fleck, Anna Boden_Film______",1
"It's Not You, It's Me_Shane Kennedy, Ant Simpson_Film______",1
It-Was-Just-An-Accident-(2025)-FYC,3
"It_Chase Palmer, Cary Joji Fukunaga, Gary Dauberman_Film_3 11 2016__Revised___",0
"It_Chase-Palmer-Cary-Joji-Fukunaga,-Gary-Dauberman_Film_3_18_2014_Studio-Draft",3
It_David Kajganich_Film_6 21 2010_____,3
Ivy_Unlisted_Film______,0
I_M-STALKING-YOU-byJessicaWood070614,0
J... Jon... Johnny!_Walter Hampton_Film_7 21 2010_____,1
Jab We Met_Imtiaz Ali_Film______1,2
Jack Goes Boating_Bob Glaudini_Film_1 28 2009_____,0
Jack Goes Boating_Bob Glaudini_Film_1 28 2009_____1,0
Jack Ryan  Shadow Recruit_Adam Cozad_Film_5 13 2010___FKA -  Jack Ryan __,2
"Jack the Giant Slayer_Darren Lemke, Mark Bomback, Tim Talbott_Film_1 28 2010___FKA -  Jack the Giant killer __",3
Jack-and-Jill-(2011)-1st-Shooting-Draft-8-17-10,1
Jackie Brown_Quentin Tarantino_Film_3 1 1997__Final Draft___,2
Jackie Brown_Quentin Tarantino_Film______,2
Jackie_Noah D. Oppenheim_Film_2 12 2010_____4,0
Jacob's ladder_Bruce Joel Rubin_Film______,3
JAILBIRDS,3
Jallianwala Bagh_Unlisted_Film______,0
Jambusters_Filipe F. Coutinho_Film______,0
Jane Eyre_Moira Buffini_Film______,0
Jane Eyre_Moira Buffini_Film______1,0
Jane got a gun_Brian Duffield_Film___1st draft___,3
Jane got a gun_Brian Duffield_Film___1st draft___1,3
Jane Got a Gun_Brian Duffield_Film______2,3
Jar City_Michael Ross_Film_10 29 2008_____,3
Jar city_Michael Ross_Film_10 29 2008_____1,3
Jarhead_William_Broyles_Jr._Film,3
"Jason goes to Hell   the final friday_Dean Lorey, Jay Huguely_Film______",2
"Jason vs. Freddy_Brannon Braga, Ronald D. Moore_Film______",3
"Jason X_Todd Farmer, Victor Miller_Film______",3
Jawbone_Allison Lee_Film______,1
Jaws   the revenge_Michael de Guzman_Film_1 23 1987__Revised Final Shooting Script___,0
"Jaws 2_Howard Sackler, Dorothy Tristan_Film_11 30 1976__Final Draft___",0
"Jaws 2_Howard Sackler, Dorothy Tristan_Film_11 30 1976__Final Draft___1",0
"Jaws 3-D_Michael Kane, Richard Matheson_Film_8 10 1982__Revised 1st draft___",0
Jaws of life_Unlisted_Film______,1
"Jaws_Peter Benchley, Carl Gottlieb_Film_1 1 1975__Revised Draft Shooting Script___",2
"Jaws_Peter Benchley, Carl Gottlieb_Film____FKA -  Stillness in the Water __",2
"Jaws_Peter Benchley, Carl Gottlieb_Film____FKA -  Stillness in the Water __1",2
Jaws_Peter Benchley_Film___Final Draft___,2
Jay and Silent Bob strike back_Kevin Smith_Film______,3
Jay-Kelly-(2025)-FYC,1
"Jealousy_Philippe Garrel, Marc Cholodenko, Caroline Deruas, Arlette Langmann_Film______",1
Jeepers Creepers 2_Victor Salva_Film_2 16 2002___FKA -  Like a bat out of Hell __,3
Jeepers Creepers 3_Victor Salva_Film_11 28 2008___FKA -  Jeepers Creepers 3 Cathedral __,3
Jeepers Creepers_Victor Salva_Film_8 21 1999_____,3
"Jellyfish Days_Matthew Kic, Mike Source_Film______",0
Jennifer 8_Bruce Robinson_Film_1 6 1991_____,3
Jennifer's body_Diablo Cody_Film_9 20 2007_____1,3
Jennifer's body_Diablo Cody_Film______,3
Jenny's Got a Cult_Allison Raskin_Film______,1
Jerk-The-(1979)-3-15-79,1
Jerry Maguire_Cameron Crowe_Film______,1
Jerry Maguire_Cameron Crowe_Film______2,1
Jerry!_Greg Roque_Film______,0
"Jersey Boys_Marshall Brickman, Rick Elice_Film_5 1 2013__Revised Draft___",1
Jessica-Amitabh-Klemm,1
Jessica_A.B. Steel_Film______,1
Jingle Bell Heist_Abby McDonald_Film______,2
Jitters!_Marc Haimes_Film_10 26 2009_____,0
Jitters!_Marc Haimes_Film_10 26 2009_____1,0
"Jockey_Clint Bentley, Greg Kwedar_Film______",0
JODY-by-Chris-Kyle-Jason-Wilborn,3
John Brown's Body_Goerge Gier_Film______,3
John Dies at the End_Dan Coscarelli_Film_4 20 2010__Partial Draft___,2
John Q._James Kearns_Film_1 1 2002_____,0
John Tucker Must Die_Jeff Lowell_Film_6 17 2004_____,1
John Wick Chapter 4 __Film______,0
John Wick_Derek Kolstad_Film_4 13 2013_____,2
John Wick_Derek Kolstad_Film______,0
John-Wayne-Slept-Here-2016-Nicholl-Finalist,0
Johnny Boogers_Hank Dumont_Film______,0
Johnny Diamond_Scott Rosenberg_Film_4 24 1998__1st Rewrite___,0
JoJo Rabbit,1
Jojo-Rabbit-(2019)-2017-Draft,1
"Joker_Todd Phillips, Scott Silver_Film_12 1 2018__Final Shooting Script___",0
"Joker_Todd Phillips, Scott Silver_Film_4 13 2018_____",0
Jolt_Scott_Wascha_Amazon,3
Jonah  A Veggietales Movie_Unlisted_Film_5 8 2002__4.1 Draft___,0
"Jonah Hex_Mark Neveldine, Brian Taylor_Film_10 31 2007_____",3
"Jonah Hex_Mark Neveldine, Brian Taylor_Film_10 31 2007_____1",3
Jonny Quest_Dan Mazeau_Film_10 31 2007__1st Draft___,0
Jonny Quest_Fred Dekker_Film_9 1 1995_____,0
Jonny Quest_Fred Dekker_Film_9 1 1995_____1,0
"Jornada Del Muerto (aka Journey Of Death)_Alan B. McElroy, John Milius_Film____FKA -  Journey Of Death __",3
"Joseph and the Girl_Gary McKendry, Matt Sherring_Film_3 1 2013_____",3
"Journey into Fear_Joseph Cotten, Orson Welles_Film_1 30 1943_____",2
"Journey to the Center of the Earth_Paul Chart, Michael Weiss, Christopher Markus, Stephen McFeely, D.V. de Vincentis_Film_2 8 2006__Revisions___",2
Journey-Into-Vengeance,3
"Joy Ride_Clay Tarver, J.J. Abrams_Film_4 23 1998___FKA -  Squelch __",3
Joy_Annie Mumolo_Film_5 17 2013__1st Studio Draft___,1
Joy_Annie Mumolo_Film_5 17 2013__1st Studio Draft___1,1
Joy_Jack Paglen_Film______2,0
"Judas and the Black Messiah_Will Berson, Shaka King_Film_11 24 2019__Tan Draft___",3
Jules_Gavin Steckler_Film______,0
Julieta_Pedro Almodovar_Film______,2
Julius Caesar_Joseph L. Mankiewicz_Film_7 7 1952_____,3
Jumanji-2-Welcome-to-the-Jungle-(2017),0
Jumanji_Jonathan Hensleigh_Film_7 12 1994__Shooting Draft___,0
JUMP-03-20-13-JohnScottShepherd,1
"Jungle Cruise_J.D. Payne, Patrick McKay_Film_2 23 2017_____",2
Juniper's Point_Amber Alexander_Film______,2
Juno_Diablo Cody_Film_2 6 2007__Revised Pink___,1
Juno_Diablo Cody_Film_2 6 2007__Revised Pink___1,1
Juno_Diablo Cody_Film_2 6 2007__Revised Pink___2,1
Juno_Diablo Cody_Film_2 6 2007__Revised Pink___3,1
"Jurassic Park III_Peter Buchman, Alexander Payne, Jim Taylor_Film_9 1 2000_____",0
"Jurassic Park III_Peter Buchman, Alexander Payne, Jim Taylor_Film_9 1 2000_____1",0
"Jurassic Park III_Peter Buchman, Alexander Payne, Jim Taylor_Film______",1
Jurassic Park_David Koepp_Film_12 11 1992_____1,1
Jurassic Park_David Koepp_Film_12 11 1992_____2,1
Jurassic Park_David Koepp_Film_6 30 1992_____1,0
Jurassic Park_Imran Zaidi_Film_1 1 2011__2nd Revision 3rd Draft___,2
Jurassic Park_Imran Zaidi_Film_2 1 2011_____,2
Jurassic Park_Michael Crichton_Film_1 19 1991__Revised 1st Draft___1,1
Juror-2-(2024)-5-26-08,0
Juror_#2_Jonathan_A._Abrams_Film_12_20_23_,1
Just a Girl_Bill Kennedy_Film_Mon Sep 10 2018 00 00 00 GMT-0500 (Central Daylight Time)_____,0
"Just Mercy_Destin Daniel Cretton, Andrew Lanham_Film_8 6 2017_____",3
"Just Mercy_Destin Daniel Cretton,, rew Lanham_Film_8 29 2019__FYC___",0
"Justice, Justice_Jack Zafran_Film______",2
K-Town Super Frog_Scott Coffey_Film_1 1 2006_____,0
Kajillionaire-(2020)-6-26-18-Canary,2
Kajillionaire_Miranda July_Film_3 7 2018_____,2
Kalifornia_Tim Metcalfe_Film___Shooting Draft___,2
"Kamikase Love_Chad Damiani, JP Lavin_Film_3 15 2007_____",1
Kane & Lynch_Kyle Ward_Film_9 13 2007_____,3
"Kate and Leopold_James Mangold, Steven Rogers_Film______",1
Kate_Umair Aleem_Film______,3
KAZAN_Chris Parizo_Film______,0
"Keanu_Jordan Peele, Alex Rubens_Film______",0
"Keeper of the Diary_Samuel Franco, Evan Kilgore_Film_1 1 2017_____3",0
Keeping Time_Nathan Zoebl_Film______,0
Keeping Up With The Joneses_Michael LeSieur_Film_1 12 2015_____,1
Keiko_Elizabeth Wright Shapiro_Film______,1
"Keith Moon Was Here_Tod Davies, Alex Cod_Film_1 1 2001__1st Draft___",1
"Key Largo_Richard Brooks, John Huston_Film_1 1 1948__Shooting Script___",0
"Key of Genius_Daniel Persitz, Devon Kliger_Film_10 11 2017_____",1
Kick-Ass 2_Jeff Wadlow_Film_4 18 2012_____,3
Kick-Ass 2_Jeff Wadlow_Film_4 18 2012_____1,3
"Kick-Ass_Jane Goldman, Matthew Vaughn_Film___2nd Draft___",3
"Kickass_Jane Goldman, Matthew Vaughn_Film___2nd Draft___",3
KIDNAPS-INC-Matthew-Benjamin-Logan-Brown,0
Kidnap_Knate Gwaltney Lee_Film_5 28 2007_____,3
Kids_Harmony Korine_Film______,1
Kill Bill_Quentin Tarantino_Film______,3
Kill Bill_Quentin Tarantino_Film______1,3
"Kill The Irishman_Jonathan Hensleigh, Jeremy Walters_Film_3 11 2009_____",2
Kill the Leopard_Mattson Tomlin_Film_3 30 2018_____,3
Kill The Messenger_Peter Landesman_Film_6 6 2013__Pink Pages___,3
Kill The Messenger_Peter Landesman_Film_8 19 2013__Ivory Pages___,3
Kill The Messenger_Peter Landesman_Film_8 19 2013__Ivory Pages___1,3
Kill The Messenger_Peter Landesman_Film______,3
"Kill Your Darlings_John Krokidas, Austin Bunn_Film______",3
"Kill Your Darlings_John Krokidas, Austin Bunn_Film______1",3
Killer App_Craig Rosenthal_Film______,1
Killer Instinct_Lillian Yu_Film______,0
Killer Joe_Tracy Letts_Film_1 1 2000_____,3
Killer Joe_Tracy Letts_Film_1 1 2000_____1,3
Killer The 2023 10 4 22 Final__Film______,3
Killer-The-(2023),3
"Killers and Diplomats_John Tyler McClain, Michael Nourse_Film______",3
Killers Of The Flower Moon __Film______,3
Killers-2012-Nicholl-Winner,2
"Killers_Bob DeRosa, Ted Griffin, Michael Brandt, Derek Haas, Melissa K. Stack_Film_2 3 2009___FKA -  Five Killers , FKA -  Friends & Neighbors __",0
Killer_Kenny Golde_Film_2 1 2010_____,0
Killing Charlie Kaufman_Rick Cunningham_Film_3 5 2002__1st Draft___,1
Killing on Carnival Row_Travis Beacham_Film_7 22 2005_____,0
Killing Pablo_Joe Carnahan_Film______,3
Killing Pablo_Joe Carnahan_Film______1,3
Killing Pablo_Joe Carnahan_Film______2,3
Killing Them Softly_Andrew Dominik_Film___1st Draft___,2
Killing Zoe_Roger Avery_Film______,3
Kill_Buddha_TMendillo,3
King Arthur - Legend Of The Sword_Unlisted_Film______,0
"King Kong_Fran Walsh, Peter Jackson_Film_1 1 1996__1st Draft___",3
"King Kong_Fran Walsh, Philippa Boyens, Peter Jackson_Film_1 1 2005_____",3
King Kong_Ronald Haver_Film______,2
"King Kong_Ruth Rose, James Creelman_Film_9 6 1932_____",2
"King Kong_Ruth Rose, James Creelman_Film_9 6 1932_____1",2
King of California_Mike Cahill_Film_4 18 2006_____,2
King Richard_Zach Baylin_Film___Final Draft___,1
King RIchard_Zach Baylin_Film______,1
King-Solomon__s-Mines,0
"Kingdom Come_Alex McAulay, Chris Sivertson_Film______",3
Kingdom of Heaven_William Monahan_Film_2 9 2004__Final Shooting Script___,0
"King_Conan,_Crown_of_Iron_John_Milius_Film_5_24_2001_3",3
King_Kong_Lorenzo_Semple_Jr._Film,2
Kin_Daniel Casey_Film______,3
Kiss Kiss Bang Bang_Shane Black_Film_1 26 2003_____,0
Kiss Of The Spider Woman_Leonard Schrader_Film_10 25 1982__1st Draft___,3
Kiss of the Spider Woman_Leonard Schrader_Film_11 22 1983_____,0
Kitchen Sink_Oren Uziel_Film______,0
Kitchen Sink_Oren Uziel_Film______1,0
Kitchen Sink_Oren Uziel_Film______2,0
Klein_Derek Elliott_Film______,1
Klikushi-Rob-Shouse-Gary-Stephens,2
Knight and Day_Patrick O'Neill_Film_9 14 2005___FKA -  Wichita __,3
Knight Moves_Brad Mirman_Film___3rd Draft___,0
"Knights of Badassdom_Kevin Dreyfuss, Matt Wall_Film_6 1 2010__Production Draft___",3
"Knights_Nick Canfalone, Neal Dusedau_Film_5 27 2008_____",3
Knives Out_Rian Johnson_Film___Shooting Script___,0
Knives Out_Rian Johnson_Film___Shooting Script___1,0
Knocked Up_Judd Apatow_Film______,1
Knocked Up_Judd Apatow_Film______1,1
"Knowing_Ryne Douglas Pearson, Alex Proyas, Stuart Hazeldine_Film_8 8 2007__Director's 5th Draft___",2
"Kosher Nostra_Jonathan Witz, Jeremy Spektor_Film_1 11 2017_____",3
KPop-Demon-Hunters-(2025)-FYC,0
Kramer vs. Kramer_Robert Benton_Film_7 14 1978__Revised 3rd Draft___,0
Kramer vs. Kramer_Robert Benton_Film_7 14 1978_____,0
"Krampus_Todd Casey, Michael Dougherty, Zach Shields_Film_10 17 2014_____",0
Kristy_Anthony Jaswinski_Film_4 1 2009__1st Draft___,3
Krull_Stanford Sherman_Film_11 1 1980__3rd Draft_FKA -  The Dragons Of Krull __,0
"Kubo and the Two Strings_Marc Haimes, Chris Butler_Film_1 5 2016_____",0
Kundun_Melissa Mathison_Film_10 16 1992_____,0
Kundun_Melissa Mathison_Film______,0
Kung Fu Hustle_Stephen Sing-chi Chiau_Film_3 3 2003__3rd draft_FKA -  Kung Fu __,3
"Kung Fu Panda_Jonathan Aibel, Glenn Berger_Film_6 3 2008__Final Draft___",3
"L'avventura_Michelangelo Antonioni, Elio Bartolini, Tonino Guerra_Film____FKA -  The Adventure __1",2
L.A. Confidential_Brian Helgeland_Film_11 16 1995__Revised___,0
L.A. Fed_Shane Salerno_Film______,0
L.A. Rex_Will Beall_Film______,3
L.A. Rex_Will Beall_Film______2,3
La La Land_Damien Chazelle_Film_4 1 2013_____,0
La La Land_Damien Chazelle_Film_4 1 2013_____1,0
La La Land_Damien Chazelle_Film___FYC___,0
Labor Day_Jason Reitman_Film______,2
Labor of Love_M. Night Shyamalan_Film______,0
Labor of Love_M. Night Shyamalan_Film______2,3
Labor of Love_M. Night Shyamalan_Film______3,3
Labyrinth_of_Destiny_Ernestina_Juarez_Film_,1
Labyrinth_Terry Jones_Film______,0
Lady Bird_Greta Gerwig_Film___Shooting Script___,1
Lady Chatterley's Lover_David Magee_Film______,1
Lady Krylon_Brandon Constantine_Film______,2
Lady-Bird-(2017)-early-draft,1
Lady-Parts-Miranda-Thompson,1
Lake Placid 3_David Reed_Film_5 15 2009__3rd Draft___,3
Lake Placid_David E. Kelley_Film_5 6 1998__Full Pink Draft___,0
Lakewood_Christopher Sparling_Film_10 14 2019__3rd Draft___,0
Land of Mine_Martin Zandvliet_Film______,0
Land of Mine_Martin Zandvliet_Film______1,0
Land of the Dead_George A. Romero_Film_8 24 2004_____,3
"Land of the Living_James Ellroy, Alessandro Camon_Film_3 1 2009_____",2
Landscape With Invisible Hand Screenplay__Film______,1
"Land_Jesse Chatham, Erin Dignam_Film______1",2
"Larry Crowne_Tom Hanks, Nia Vardalos_Film_11 1 2009_____",1
LASERBLADERS_-_Lee_Garrett,0
"Last Flag Flying_Richard Linklater, Darryl Ponicsan_Film_10 30 2016_____",0
"Last Holiday_Jeffrey Price, Peter S. Seaman_Film_1 23 2004_____",0
Last Man_David Ayer_Film_3 11 2010_____,3
"Last Night in Soho_Edgar Wright, Krysty Wilson-Cairns_Film______",0
"Last Night in Soho_Edgar Wright, Krysty Wilson-Cairns_Film______1",0
Last Night_Massy Tadjedin_Film_9 12 2008_____,0
"Last of the Ninth_David Milch, Bill Clark_Film_2 27 2008_____",2
"Last Stand_Andrew Knauer, Jeffrey Nachmanoff_Film_10 19 2010__Revised___",0
Last Witness_Stefan Jaworski_Film_11 29 2010_____,2
Last-Days-of-Ray,0
Last-Days-of-Winter-2017-Nicholl-Winner,0
Last-Days-on-Mars-The-(2013),3
Last-Hit-The,0
Last-Vegas-(2013),1
Last-Voyage-of-the-Demeter-The-(2023)-7-30-10,3
Late Bloomer_Rick Garman_Film_11 4 2015_____1,1
Launching the Pattersons_Amy Snow_Film______,1
"Lavender_Ed Gass-Donnelly, Colin Frizzell_Film_9 13 2012__2nd Draft___",0
"Law Abiding Citizen_Frank Darabont, Kurt Wimmer_Film_9 19 2008__Blue Revisions___",3
"Law Abiding Citizen_Frank Darabont, Kurt Wimmer_Film_9 19 2008__Blue Revisions___1",3
Lawman_Gerald Wilson_Film______,2
LAWYERS-Jesse-Wheeler-02-01-11,0
Layover_David S. Marfield_Film_2 17 2009_____,0
Layover_Zach Dean_Film______,0
LazerSloth_Alison Parker_Film______,0
"La_French_Audrey_Diwan,_Cedric_Jimenez_Film_",3
LBJ_Joey Hartstone_Film______1,2
Le Passe_Asghar Farhadi_Film_9 1 2013__Shooting Script_FKA -  The Past __,0
"Lean on Me_Norman Twain, Michael Schiffer_Film_7 27 1988__Rev. Buff___",0
Leap Year_Chris Bodily_Film______,3
"Leave No Trace_Debra Granik, Anne Rosellini_Film_Mon May 01 2017 00 00 00 GMT-0500 (Central Daylight Time)_____",0
LEAVE-Andrew-Barrer-Gabriel-Ferrari,3
Leaves of Grass_Tim Blake Nelson_Film______,3
"Legally Blonde_Karen McCullah, Kirsten Smith_Film_9 18 2000__Pink Revisions Shooting Script___",0
Legend of Sleepy Hollow_Waldo Salt_Film_1 1 1944_____,0
LEGEND-by-Max-Lubahn,3
Legend_Brian Helgeland_Film___Final Shooting Draft___,3
Legend_Brian Helgeland_Film___Final Shooting Draft___1,2
Legend_William Hjortsberg_Film_3 10 1984__Revised 2nd Draft_FKA -  Legend of Darkness __,0
Legend_William Hjortsberg_Film_3 10 1984__Revised 2nd Draft_FKA -  Legend of Darkness __1,0
Legend_William Hjortsberg_Film____FKA -  Legend of Darkness __2,0
Legend_William Hjortsberg_Film____FKA -  Legend of Darkness __3,0
Legion-2013-Nicholl-Winner,3
Legion-of-Awesome-The,1
"Legion_Scott Stewart, Peter Schink_Film_10 31 2007__Revised Final Draft___",3
"Lemora  A Child's Tale of the Supernatural_Richard Blackburn, Robert Fern_Film______",2
Leonardo-Da-Vinci-The-Soldiers-Of-Forever-(Marc-Guggenheim)-4.4.11,0
Leon_The_Professional_Luc_Besson_Film_,1
"Leprechaun 2_Turi Meyer, Al Septien_Film_12 10 1993__Revised Final Shooting Script_FKA -  Bride of Leprechaun __",0
Leprechaun 3_David Dubos_Film_10 17 1994_____,0
Leprechaun 4  In Space_Dennis A. Pratt_Film_1 24 1996__Blue Revisions Shooting Script___,0
Leprechaun 5  In the Hood_Douglas L. Hall_Film_7 26 1999__Shooting Script Blue Revisions 3rd Draft___,3
Leprechaun_Mark Jones_Film_8 23 1991__Pre-Production Script___,3
Leprechaun_Treasure_Brian_J._Carraher_Sr._Film,0
"Les Miserables  The Movie_William Nicholson, Alain Boublil, Claude-Michel Schonberg, Herbert Kretzmer_Film_5 20 2012__Blue Revised Shooting Script___",0
"Les_Miserables_William_Nicholson,_Alan_Boublil,_Claude-Michel_Schonberg,_Herbert_Kretzmer_Film_5_20_2012_Blue_Revisions_Shooting_Script_",0
Let Him Go_Thomas Bezucha_Film_2 23 2018_____,2
Let Him Go_Thomas Bezucha_Film_2 23 2018_____1,2
Let Me In_Matt Reeves_Film_2 2 2009__1st Draft___,3
Let Me In_Matt Reeves_Film_2 2 2009__1st Draft___1,3
Let Me In_Matt Reeves_Film_5 5 2009_____,3
Let Us Touch the Sun_Jean-Paul Richard_Film_Fri Jan 02 2015 00 00 00 GMT-0600 (Central Standard Time)_____,0
"Let's Be Cops_Luke Greenfield, Nicholas Thomas, Stuart Blumberg_Film___Revised___",3
Let's Be Famous_Stephanie Jones_Film______,0
Let's Go Again_Colin Bannon_Film______,3
Let-It-Snow-(2019)-(Kay-Cannon-Scott-Neustadter-Michael-H.-Weber)-10.29.2015-Digital,1
Lethal Weapon 4_Channing Gibson_Film_5 1 1998__Final Draft___,0
Lethal Weapon_Shane Black_Film______1,3
"Letters To Juliet_Jose Rivera, Tim Sullivan, Will Fetters_Film_12 11 2008_____",1
"Leviathan_David Webb Peoples, Jeb Stuart_Film_9 8 1987__Revised___",0
LEWIS-CLARK-TRIAL-BY-FIRE-Dan-Frey-Russell-Sommer,0
Lex Luthor  For a Better Tomorrow_Jake Katalay_Film_4 24 2016_____,0
"Liar Coward Judge_Mark Webster, Christopher Webster_Film______",3
"Liar Liar_Paul Guay, Stephen Mazur_Film_9 11 1996__Shooting Draft___",0
"Liar Liar_Tom Shadyac, Mike Binder_Film_4 18 1996__Working Draft___",0
Liars (A to E)_Emma Forrest_Film_3 20 2009__2nd Draft___,1
Liberation_Darby Kealey_Film_3 28 2017_____,3
Libertad_Matt Fruchtman_Film_7 1 2015_____,0
"License to Wed_Kim Baker, Wayne Lloyd_Film_9 1 2004_____",1
Life and Death in the Warehouse_Helen Black_Film___Post Production Script___,1
"Life As We Know It_Ian Deitchman, Kristin Rusk Robinson_Film_9 21 2007__Gold Circle Revision___",1
Life of Pi_David Magee_Film______,3
"Life of the Party_Julie Mandel-Folly, Hannah Murphy_Film______",0
"Life Stinks_Mel Brooks, Rudy DeLuca, Steve Haberman_Film_6 11 1990_____",2
Life-Copy-2012-Nicholl-Finalist,2
Life-of-Chuck-The-(2025)-FYC,1
Lifelike-4-pdf-2013,0
Lifeline_Richard Kahan_Film______1,2
Lifer-Nicole-Brending-04-15-11,0
"Life_Robert Ramsey, Matthew Stone_Film_1 5 1998__Master Draft___",0
Lifted_Walon Costello_Film______,3
Lift_Daniel Kunka_Film______,2
Light Sleeper_Paul Schrader_Film_1 1 1992__Shooting Draft___,0
"Light Years_Bryan Singer, Guillermo del Toro, Scott Rosenberg_Film_8 7 1995__4th Draft___",2
LIGHTNING-ALLEY-Jud-Cremata,3
Lights Out_Eric Heisserer_Film_3 4 2015__Revised___,2
Lights Out_Eric Heisserer_Film_3 4 2015__Revised___1,2
"Like Dandelion Dust_Stephen J. Rivele, Michael Lachance_Film_9 21 2007_____",0
"Like Father, Like Son_Lorne Cameron, Steven L. Bloom_Film_2 9 1987_____",0
LIMBO_MatiasCaruso,0
Limerence_Richard Hobley_Film______1,2
Limitless_Leslie Dixon_Film_7 12 2006___FKA -  The Dark Fields __,0
Limitless_Leslie Dixon_Film_7 12 2006___FKA -  The Dark Fields __1,0
Lincoln_Tony Kushner_Film_12 20 2011__Shooting Script___,2
Line of Sight_F. Scott Frazier_Film______,3
Line of Sight_F. Scott Frazier_Film______1,3
Lion_Luke Davies_Film_1 1 2015__FYC___,1
Lion_Luke Davies_Film___FYC___,1
Liquor-Run-The,1
Little America_Rowan Athale_Film_11 15 2016_____,3
"Little Athens_Jeff Zuber, Tom Zuber_Film_3 17 2004_____",3
Little Black Dress_Alyson Weaver Nicholas_Film_8 6 2024_____,0
"Little Boy_Roshan Sethi, Hayley Schore_Film_8 12 2016_____",3
"Little Men_Ira Sachs, Mauricio Zacharias_Film_7 27 2015__Shooting Script___",1
"Little Monsters_Ted Elliott, Terry Rossio_Film_3 1 1987__1st Draft___",0
Little Shop of Horrors_Howard Ashman_Film_9 27 1985_____,2
Little Women_Greta Gerwig_Film_Sat May 12 2018 00 00 00 GMT-0500 (Central Daylight Time)_____,1
Little-Toro-2016-Nicholl-Finalist,0
Live and Let Die_Tom Mankiewicz_Film_10 2 1972__Shooting Script___,2
Live by Night_Ben Affleck_Film_5 6 2013__3rd Draft___,3
Live by Night_Ben Affleck_Film___FYC___,0
Live by Night_Ben Affleck_Film___FYC___1,0
Living in Oblivion_Tom DiCillo_Film______,1
Living_Kazuo Ishiguro_Film______,1
Lobo_Jerrold E. Brown_Film_5 13 1998__2nd Draft___,3
"Lock, Stock and Two Smoking Barrels_Guy Ritchie_Film______",3
LOCKDOWN-Jake-Sarnowski,0
LOCKED-by-Jeremy-Haft-Ed-Gonzalez,3
Locked-In_Robert L. McBride_Film______,3
Locke_Steven Knight_Film_2 21 2013__Shooting Script___,2
Locke_Steven Knight_Film_2 21 2013__Shooting Script___1,2
Logan Lucky_Rebecca Blunt_Film______,3
Logan's Run_Christopher McQuarrie_Film_3 1 2006__Revised___,0
Logan's Run_Christopher McQuarrie_Film_3 1 2006__Revised___1,0
Logan's Run_David Zelag Goodman_Film_4 30 1975__Revised___,3
"Logan_James Mangold, Scott Frank, Michael Green_Film_Tue Aug 23 2016 00 00 00 GMT-0500 (Central Daylight Time)__FYC___",3
"Lola Versus_Daryl Wein, Zoe Lister-Jones_Film_7 6 2010_____",0
"Lola Versus_Daryl Wein, Zoe Lister-Jones_Film_7 6 2010_____1",0
"London Fields_Roberta Hanley, Martin Amis_Film_Mon Apr 30 2012 00 00 00 GMT-0500 (Central Daylight Time)_____",1
London Fog_Tasha Hardy_Film___Final Draft___1,0
"London Has Fallen_Christopher Gudegast, Creighton Rothenberger, Katrin Benedikt_Film_7 7 2014_____",3
London Rocks_Malcolm Needs_Film______,2
London Syndrome_Frances Poletti_Film_2 18 2013__2nd Draft___,3
"London Town_Kristen Sheridan, Sonya Gildea, Matthew Brown, Derrick Borte_Film_1 9 2011_____",0
Londongrad_David Scarpa_Film_10 7 2009_____,3
Londongrad_David Scarpa_Film_10 7 2009_____1,3
Lone Survivor_Peter Berg_Film___Charlie Draft___,3
Lone Survivor_Peter Berg_Film___Final Draft___,3
Long Weekend_Everett DeRoche_Film_1 1 2007_____,3
Long-Walk-The-(2025)-FYC,3
Longlegs-(2024),0
"Looney Tunes  Back in Action_Larry Doyle, Glen Ficarra, John Requa, Roger Schulman, Adam Resnick_Film_1 20 2003__Revised Post___",0
"Looney Tunes  Back in Action_Larry Doyle, Glen Ficarra, John Requa, Roger Schulman, Adam Resnick_Film_1 20 2003__Revised Post___1",0
"Looney Tunes  Back in Action_Larry Doyle, Glen Ficarra, John Requa, Roger Schulman, Adam Resnick_Film_10 25 2002__Yellow Pages___",0
"Looney Tunes  Back in Action_Larry Doyle, Glen Ficarra, John Requa, Roger Schulman, Adam Resnick_Film_10 25 2002__Yellow Pages___1",0
Looney Tunes  Back in Action_Larry Doyle_Film_3 25 2002__Revised___,0
Looney Tunes  Back in Action_Larry Doyle_Film_5 1 2002__Revised___,0
Looper_Rian Johnson_Film___Final Draft___1,3
Looper_Rian Johnson_Film______,3
Lord of War_Andrew Niccol_Film______,0
LORE-3-20-12,3
Los Abrazos Rotos_Pedro Almodovar_Film__Spanish____,0
Loser-in-Law_Charlie Stickney_Film______1,1
"Losers_Peter Berg, James Vanderbilt_Film_2 26 2007_____",3
Lost Horizon_Robert Riskin_Film_1 1 1937__Shooting Draft___,0
"Lost in America_Albert Brooks, Monica Johnson_Film______",1
Lost River_Ryan Gosling_Film_4 12 2019___FKA -  How to Catch a Monster __,3
Lost Souls_Pierce Gardner_Film______,2
"Lost Weekend_Charles Brackett, Billy Wilder_Film_1 1 1945__Shooting Script___",0
Lost-Children-Erin-KLG-2013-Nicholl-Finalist,2
LOST-IN-SPACE-1998-by-Akiva-Goldsman-1996-09-20-Scan,0
Lost-Valleys-of-the-Yukon,0
Lost_In_Space,0
Loud_Whit Burnham Brayton_Film______,0
Louie_Louie-Leward__Uhley,2
"Love  Tweet  Love_Craig Clyde, Marsha Cook_Film______",1
Love & Friendship_Whit Stillman_Film_5 22 2015__FYC - Shooting Script___,1
Love & Mercy_Oren Moverman_Film_7 31 2012_____,1
"Love & Other Drugs_Charles Randolph, Edward Zwick, Marshall Herskovitz_Film_7 16 2008_____",0
"Love & Other Drugs_Charles Randolph, Edward Zwick, Marshall Herskovitz_Film_7 16 2008_____1",0
LOVE AND WAR AND GUERNICA_Sam Zvibelman_Film______,0
"Love Is Strange_Mauricio Zacharias, Ira Sachs_Film______",1
Love Me_Pia Cook_Film______1,2
Love of Your Life_Julia Cox_Film______,1
Love of Your Life_Julia Cox_Film______1,1
Love-amp_-War-6-3-13,0
LOVE-TO-WATCH-YOU-BLEED-byThe-Borden-Sisters,3
LOVE-TWEET-LOVE-Craig-Clyde-Marsha-Cook,1
LoveAndBasketball__Film______,0
Lovelace_Andy Bellin_Film_9 27 2011_____,1
Lovely-Bones-The-(2009)-Final,0
"Lovers, Liars and Thieves_Jeremy Leven_Film_11 18 2005_____",0
Lovestruck_Annabel Oaks_Film_10 23 2008_____,1
Loving_Jeff Nichols_Film_8 25 2015__FYC___,2
"Lowlife_James Gray, Richard Manello_Film_3 11 2011_____",1
LRKRZ_Todd Scott_Film______,3
"Luca_Jesse Andrews, Mike Jones_Film_5 10 2021__Final Draft___",1
"Lucy in the Sky_Noah Hawley, John Henry BUtterworth, Brian C Brown, Elliott DiGuiseppi_Film_6 5 2017__Revised Draft_FKA -  Pale Blue Dot __",0
Lullabies of La Jaula_Karen McDermott_Film______,3
Luna_Troy Warren_Film______,0
Luna_Unlisted_Film______,0
LURE_Nick Tassoni_Film______,3
"Lust, Caution_Wang Hui Ling, James Schamus_Film______",0
Ma Rainey's Black Bottom_Ruben Santiago-Hudson_Film______,0
Ma-(2019)-Undated-Digital,1
"Macbeth_Jacob Koskoff, Todd Louiso, Michael Lesslie_Film______",3
"Macbeth_Jacob Koskoff, Todd Louiso_Film_4 30 2013_____",3
"MacGruber_Will Forte, John Solomon, Jorma Taccone_Film______",0
Machete_Robert Rodriguez_Film_2 5 2009_____,2
Machete_Robert Rodriguez_Film______,2
Machine Gun Preacher_Jason Keller_Film_9 30 2010__Final Shooting Draft___,3
"Mack Daddies_Nick Garfinkle, Damon Lopez O'Dwyer_Film______",1
Mack-Daddy-Tom-Sheridan-02-02-11,1
"Mad Max 2  The Road Warrior_Terry Hayes, George Miller, Brian Hannant_Film_4 13 1981_____",3
"Mad Max II  The Road Warrior_Terry Hayes, George Miller, Brian Hannant_Film_4 13 1981_____",3
"Mad, Bad and Dangerous to Know_Jade Halley Bartlett_Film_8 31 2017_____",3
Madagascar - Escape 2 Africa_Unlisted_Film__Spotting List____,0
Madden_Cambron Clark_Film______,1
Made in China_Billie Bates_Film______,0
Made In Dagenham_William Ivory_Film______,0
Made in Dagenham_William Ivory_Film______1,0
"Made In Heaven_Bruce A. Evans, Raynold Gideon_Film_1 1 1987__Shooting Script___",1
"Made Of Honor_Allan Loeb, Harry Elfont, Deborah Kaplan, Mark Klein, Paul Mayhew-Archer, Adam Sztykiel_Film_3 12 2003_____",1
"Mademoiselle Fifi_Josef Mischel, Peter Ruric_Film_3 24 1944__Shooting Script___",0
Made_Jon Favreau_Film______,0
Madman_Dean Lorey_Film_11 27 1996_____,0
Maestro Read The Screenplay__Film______,1
Mafia-Dogs-by-Phil-Clarke-Jr,0
Mafia_Ryan Combs_Film______,3
Magazine Dreams_Elijah Bynum_Film_8 16 2020_____,0
Maggie's Plan_Rebecca Miller_Film______,1
Maggie_John Scott 3_Film_11 1 2011__Revised 2nd Draft___,0
Magic Mike_Reid Carolin_Film______,1
"Mahalia_Bettina Gilois, Todd Kreidler_Film_10 24 2020__Polish___",1
MAILMEN-Zimmet-and-Rubin,3
Make A Wish_Zach Z. Frankel_Film_8 1 2013_____,0
"Making Amends_Judd Apatow, Owen Wilson_Film_8 15 1997__1st Draft___",0
Mala Noche_Gus Van Sant_Film___4th Draft___,0
Malcolm & Marie_Sam Levinson_Film_6 17 2020__Final Draft___,3
Malcolm McCree & The Money Tree_Ryan Belenzon_Film______,0
"Maleficent_Linda Woolverton, Paul Dini, Robert Stromberg_Film_1 23 2012__Revised Draft___",3
"Malibu's Most Wanted_Fax Bahr, Adam Small, Jamie Kennedy, Nick Swardson_Film_8 20 2002__Revised Draft___",0
Malignant-Early_Draft-4.24.19_Film,3
"Mall Cop  Blart 2_Nick Bakay, Kevin James_Film_5 13 2014_____",0
Malpractice_Tyler Marceca_Film_9 23 2015_____,2
Maltese Falcon_John Huston_Film______,2
Mamba_Mike Schneider_Film______,0
Man Alive_Larry Cohen_Film______,2
Man and Wife_Lorene Scafaria_Film______1,1
Man Club_Daniel J. W. Hughes_Film______,0
Man from Del Rio_Richard Carr_Film_7 15 1956_Dialogue Continuity____,1
Man from Del Rio_Unlisted_Film_7 16 1956__Cutting Continuity___,2
"Man from U.N.C.L.E._Glenn Ficarra, John Requa_Film_2 5 2001_____",2
Man in the Yard_Sam Stefanak_Film______,0
Man of Sorrow_Neville Kiser_Film_6 1 2013_____,3
Man of Steel_Stephen Mooney_Film_7 26 2008__Revised 1st Draft___,0
Man of Steel_Unlisted_Film______,0
"Man on a Ledge_Pablo Fenjves, Chris Gorak, Erich Hoeber, Jon Hoeber_Film_10 7 2010__Revised Draft___",0
Man on Fire_Brian Helgeland_Film_2 10 2003__Second Draft___,0
"Man on the Moon_Scott Alexander, Larry Karaszewski_Film_12 8 1997__1st Draft___",3
"Man on the Moon_Scott Alexander, Larry Karaszewski_Film______",3
Man Trouble_Carole Eastman_Film_6 4 1991__Blue Draft___,0
Man Under_Ann Cherkis_Film_10 28 2006__1st Draft___1,1
MAN UNDER_Ann Cherkis_Film_10 28 2006_____,1
Man Up_Tess Morris_Film_1 1 2013_____,0
Man Up_Tess Morris_Film_2 25 2013__Revised 1st Draft___,1
Man Who Fell to Earth_Paul Mayersberg_Film______,2
Man Without a Gun_Stuart Beattie_Film_5 5 2006__First Draft___,0
MAN-OF-WAR-Joseph-Sousa,3
MAN-ON-CARRION-ROAD-THE-Nils-Lyew,0
Manchester by the Sea_Kenneth Lonergan_Film___Final Script___,1
Manchester by the Sea_Kenneth Lonergan_Film______,1
Manchester-by-the-Sea_Kenneth-Lonergan_Film_7_25_2014,0
"Mandy_Panos Cosmatos, Aaron Stewart-Ahn_Film_2 28 2016_____",3
Manglehorn_Paul Logan_Film_3 22 2013_____,1
Manhattan-Undying-Matt-Deller,2
Manhunter_Michael Mann_Film_7 20 1984__2nd Draft_FKA -  Red Dragon __,2
Manhunter_Michael Mann_Film_7 20 1984__2nd Draft___,2
Manhunter_Michael Mann_Film_7 20 1984__2nd Draft___1,2
Maniac Cop 2_Larry Cohen_Film_1 10 1990__Revised Draft___,3
Maniac Cop_Ed Brubaker_Film_Fri Apr 01 2016 00 00 00 GMT-0500 (Central Daylight Time)__Revised Draft___,3
Mank_Jack Fincher_Film______,1
MANUSCRIPT-by-Adam-Cohen-11-14-11,3
Manuscript_Paul Grellong_Film_8 6 2008_____,1
Many Saints of Newark_Unlisted_Film______,3
Maps to the Stars_Bruce Wagner_Film_2 9 2012__Revised Draft___,0
Maps to the Stars_Bruce Wagner_Film_2 9 2012__Revised Draft___1,0
"Marcel The Shell With Shoes On_Dean Fleischer Camp, Jenny Slate, Nick Paley_Film______",1
Margin Call_J.C. Chandor_Film_7 12 2010_____,0
Margin Call_J.C. Chandor_Film_7 13 2009__Version 5.1___,0
Margin Call_J.C. Chandor_Film_7 13 2009__Version 5.1___1,0
Margin Call_JC Chandor_Film_7 13 2009__5th Revised Draft___,0
Margot_Emily Adams_Film_6 9 2020_____,1
Maria Full of Grace_Joshua Marston_Film___Final Shooting Script___,2
Maria Full of Grace_Joshua Marston_Film___Final Shooting Script___1,2
Marian_Pete Barry_Film______,3
Maria_Steven Knight_Film______,1
"Marilyn's Tavern and Whorehouse_Jann Preuss,_Film_5 11 2001__7th Revised Draft___",0
Marked_Zak Olkewicz_Film______,3
Marlene-the-Divine-2016-Nicholl-Finalist,1
Marlowe_L.M. Ransil_Film______,2
"Marriage Bracket_Liv Auerbach, Daisygreen Stenhouse_Film______",1
Marriage Story_Noah Baumbach_Film______,1
Marrow_Erik W. Van Der Wolf_Film______,0
"Mars Attacks!_Jonathan Gems, Scott Alexander, Larry Karaszewski_Film_11 12 1995__5th Revised Draft___",0
Marshal of Revelation_Jon Favreau_Film_12 17 1996_____,3
"Martha, Marcy, May, Marlene_Sean Durkin_Film_1 1 2010_____",0
Marty-Supreme-(2025)-FYC,0
Marty_Paddy Chayefsky_Film___Shooting Script___,2
Marvellous-2014-TVM,0
Mary Poppins Returns_David Magee_Film______,1
Mary Queen of Scots_Beau Willimon_Film______,0
"Mary Shelley's Frankenstein_Steph Lady, Frank Darabont_Film_2 8 1993__Revised 2nd Draft___",0
"Mary Shelley's Frankenstein_Steph Lady, Frank Darabont_Film_2 8 1993__Revised 2nd Draft___1",0
"Mary Shelley's Frankenstein_Steph Lady, Frank Darabont_Film_2 8 1993__Revised 2nd Draft___2",3
"Mary Shelley's Frankenstein_Steph Lady, Frank Darabont_Film_2 8 1993__Revised 2nd Draft___3",2
Mary Shelley's Frankenstein_Steph Lady_Film______,2
Mary_Anthony Jaswinski_Film_Fri Jun 10 2016 00 00 00 GMT-0500 (Central Daylight Time)__1st Draft___,3
MASH_Ring Lardner Jr._Film_2 26 1969__Final Draft___,0
MASH_Ring_Lardner_Jr._Film,0
Mass Effect 3_Grub F._Film__Game Script____,0
Mass Effect_Unlisted_Film__Complete Mass Effect Codex____,3
MASTERPIECES,2
Masters of Horror -  Pelts _Matt Venne_Film_4 13 2006__Green Draft__2x06_,0
Master_Mariama Diallo_Film_2 26 2021__2nd Yellow Production Draft___,0
Match Cut_Will Lowell_Film_6 30 2022_____,3
"Matchstick Men_Nick Griffin, Ted Griffin_Film_10 14 2002__Shooting Script___",0
"Match_Daniel Antoniazzi, Ben Shiffrin_Film______",1
Materialists-(2025)-4.8.24-FYC,1
MATERIALISTS-by-Celine-Song,1
"Matt Helm_Michael Brandt, Derek Haas_Film_10 7 2006_____",0
Matthew 21_Kurt Wimmer_Film_10 2 2013_____,0
Matthew 21_Kurt Wimmer_Film______,0
MATZO-BALLERS_Adam Herschman_Film______,1
Matzo-Ballers_Adam Herschman_Film______1,1
Maudie_Sherry White_Film___FYC___,0
Maverick_William Goldman_Film_11 15 1993__Revised Final Draft___,0
Max and Tony's Epic One Night Stand_Thomas Kivney_Film______,3
Max Payne_Beau Michael Thorne_Film_8 24 2007__4th Draft___,3
Max Payne_Sam Lake_Film______,1
Max-Landis - The-Force-Awakens_Max Landis_Film______,2
Maximum Overdrive_Stephen King_Film______,0
May December __Film______,1
May December_Samy Burch_Film_12 20 2019_____,1
MAY-DAY,1
MAY-YOU-LIVE-IN-INTERESTING-TIMES-3-26-14,3
McCarthy_Justin Kremer_Film______,0
Me and Earl and the Dying Girl_Jesse Andrews_Film_6 20 2014__Revised Draft___,3
Me-Earl-and-the-Dying-Girl-(2015)-5-6-13,3
Meadowland_Chris Rossi_Film_6 3 2013_____,2
"Meatballs_Len Blum, Daniel Goldberg, Janis Allen, Harold Ramis_Film____FKA -  Summer Camp __",2
Medallion_David Guggenheim_Film______,3
"Medieval_Mike Finch, Alex Litvak_Film_1 14 2009_____",3
"Medieval_Mike Finch, Alex Litvak_Film_1 14 2009_____1",3
"Meet Cute_Chris Powers, Dan Powers_Film______",1
Meet Joe Black_Bo Goldman_Film______,1
Meet the Machines_Matt Lieberman_Film______,1
Meet the Parents_Jim Herzfeld_Film_8 13 1999__Director's Revised Script___,1
Meet-The-New-Boss-Brian-Gatewood-Alessandro-Tanaka-02-17-11,1
Meg-The-(2018)-Dean-Georgaris-2.26.15,1
"Megamind_Alan Schoolcraft, Brent Simons_Film______",0
Melancholia_Lars von Trier_Film_7 5 2010__2nd Draft___,0
"Melt Down_John Carpenter, Michael Campus_Film_7 20 1987_____",2
Memento Mori_Jonathan Nolan_Film__Short Story____,2
Memento_Christopher Nolan_Film_10 4 1999__Final Revised Shooting Script___,2
Memento_Christopher Nolan_Film_10 4 1999__Final Shooting Script___,3
Memoir of a Snail_Adam Elliot_Film_5 9 23_____,1
MEMORIES-NEVER-DIE-M-Maurino,3
Memory __Film______,1
Memory-(2022),3
Memory-of-Magic,2
Memphis Belle_Monte Merrick_Film_7 1 1989_____,0
Men at Work_Emilio Estevez_Film_5 12 1986__Revised Draft_FKA -  Clear Intent __,2
Men in Black 4_Oren Uziel_Film_9 11 2014__Second Draft___,0
Men in Black_Ed Solomon_Film______,2
Men in Black_Ed Solomon_Film______1,2
"Men, Women, and Children_Jason Reitman, Erin Cressida Wilson_Film_7 7 2013_____",1
Men-Up-2023-TVM,0
Men_Allan Loeb_Film_5 26 2007_____,1
Mercury_Stefan Jaworski_Film______,0
Mercy-(2026)-10.07.19,3
MERCY-KILLERS-final-by-Nathan-Wilcoxen,0
"Message From the King_Oliver Butcher, Stephen Cornwell_Film_5 11 2005_____",2
MESSAGE_FROM_MELVIN,3
Messengers 2  The Scarecrow_Todd Farmer_Film____FKA -  Scarecrow __,3
Metal_Jerrold E. Brown_Film______,3
Metropolis_Corey Mandell_Film______,3
Meyers-Thanksgiving-A,1
Miami Vice_Michael Mann_Film_9 22 2004__1st Draft___,2
MIAMI-Vance-Rodney,0
"Miamiland_Michael Brandt, Derek Haas_Film_6 1 2000__1st Draft___",0
Michael Bay Explosive Biopic_Sean Tidwell_Film______,0
Michael Collins_Neil Jordan_Film______,2
Mickey-17-(2025)-FYC-English,3
Mid90s_Jonah Hill_Film_Fri Mar 04 2016 00 00 00 GMT-0600 (Central Standard Time)_____,0
Middle Aged White Guys_Bruce Graham_Film______,0
"Middle Men_George Gallo, Andy Weiss_Film_9 9 2008_____",0
Middle of Nowhere_Ava DuVernay_Film______,1
Middle of Nowhere_Ava DuVernay_Film______1,1
Midnight Express_Oliver Stone_Film_6 1 1977__Revised Draft___,3
Midnight in Paris_Woody Allen_Film______,1
"Midnight Love  The Marvin Gaye Story_Ron Terry, Teresa Kounin Terry_Film_2 1 2012_____",1
Midnight Run_George Gallo_Film______,0
Midnight Special_Jeff Nichols_Film_3 25 2013_____,2
Midnight-Sky-The-(2020)-fka-Good-Morning-Midnight-8-3-18-Mark-L.-Smith,2
Midnight-Special-Joe-Ballarini-4-18-11,0
"Midnight_Travis Baker, Richard Tanne_Film_2 10 2014_____",3
Midsommar-(2019)-2018-09-17,1
Midsommar_Ari Aster_Film_4 1 2017_____,1
Midway_Wes Tooke_Film______,0
Mighty Ducks III_Jim Burnstein_Film_3 27 1995_____,0
"Mighty Joe Young_Mark Rosenthal, Lawrence Konner_Film_8 1 1997__Final Production Draft___",0
Mighty Morphin Power Rangers  The Movie_Arne Olsen_Film_10 31 1994__Revised___,2
"Mike and Dave Need Wedding Dates_Andrew Jay Cohen, Brendan O'Brian_Film_6 13 2014__2nd Draft___",1
Mildred_Josh Corbin_Film_5 30 2024_____,3
Mile 22_Graham Roland_Film_11 27 2014_____,3
"Miles Ahead_Steven Baigelman, Don Cheadle_Film______",3
Miles_Joey_Clarke_Jr._Film,2
Milk_Dustin Lance Black_Film_7 20 2007__Revised Draft___,0
Milk_Dustin Lance Black_Film______,0
"Miller's Crossing_Joel Coen, Ethan Coen_Film_1 1 1988_____",0
"Miller's Crossing_Joel Coen, Ethan Coen_Film_1 1 1988_____1",0
MILLION MILES AWAY__Film______,0
"MIMIC (1997) 1996.06.19 draft by Matt Greenberg and Guillermo del Toro_Matt Greenberg, Guillermo del Toro_Film_6 19 1996__Revised Draft___",2
Mimic-(1997)-Matthew-Robbins-Guillermo-Del-Toro-01-07-1996-2nd,2
"Mimic_Matt Greenberg, Guillermo del Toro_Film_6 19 1996__Revised Draft___",2
Mimi_Scarlett Bermingham_Film______,1
Minari_Lee Isaac Chung_Film______,0
Mindhunters_Wayne Kramer_Film_5 29 1998__Revised 2nd Draft___,3
Mindhunters_Wayne Kramer_Film_9 1 1997__1st Draft_FKA -  Unsub __,3
Minecraft-(2025)-FYC,0
Mini's First Time_Nick Guthe_Film______,0
Minions_Brian Lynch_Film______,0
Minor-Modifications-Spec,0
Minority Report_Jon Cohen_Film_8 15 1997__Revised Draft___,3
Minority Report_Scott Frank_Film_5 16 2001__Revised Draft___,2
Miracle-on-34th-Street-(Neil-Cuthbert)-02-22-1988-3rd-Draft-Unprod.-Remake-Digital,1
Miramax's Asian Experiment  Creating a Model for Crossover Hits_Lisa Dombrowski_Film__Article____,1
"Mirrors_Alexandre Aja, Gregory Lavasseur_Film_1 5 2007__4th Draft___",3
"Misanthrope_Damian Szifron, Jonathan Wakeham_Film_6 13 2018_____",3
"Misfortune_Jared Butler, Lars Norberg_Film______",2
"Miss Congeniality_Marc Lawrence, Katie Ford, Caryn Lucas_Film______",1
Miss Peregrine's Home for Peculiar Children_Jane Goldman_Film_5 8 2013__Revised 2nd Draft___,3
Miss Universe_Colin O'Brien_Film_3 9 2015_____,0
"Miss You Already_Morwenna Banks, Paul Andrew Williams_Film_3 23 2011_____",1
Missing Time_David O'Leary_Film_1 1 2014_____,3
Mission  Impossible - Fallout_Christopher McQuarrie_Film___FYC___,2
"Mission  Impossible - Rogue Nation_Christopher McQuarrie, Will Staples, Drew Pearce_Film_3 23 2015__4th Goldenrod Draft___",2
"Mission  Impossible III_J.J. Abrams, Alex Kurtzman, Roberto Orci_Film_1 26 2006__Revised Draft___",0
Mission  Impossible II_Robert Towne_Film_12 8 1999__Revised Shooting Draft___,2
"Mission  Impossible_David Koepp, Robert Towne_Film_8 16 1995__Final Shooting Script___",0
"Mission  Impossible_David Koepp, Robert Towne_Film_8 16 1995__Final Shooting Script___1",0
Mission  Impossible_Robert Towne_Film_8 16 1995__Final Shooting Script___,2
"Mississippi Grind_Anna Boden, Ryan Fleck_Film_3 3 2014__Revised Draft___",1
Mississippi Mud_Elijah Bynum_Film_1 1 2012_____3,2
"Mistress America_Noah Baumbach, Greta Gerwig_Film______",1
Mixtape_Stacey Menear_Film_8 14 2009__1st Draft___,0
MNO-FINAL-FEBRUARY-2014,0
"Moana 2_Jared Bush, Dana Ledoux Miller_Film______",2
Mobile Suit Gundam  The Motion Picture_Unlisted_Film_1 1 1983_____,3
Mobius Strip_Doug Kissock_Film______,0
Mobsters_Unlisted_Film______,3
Moby Dick - Part One_Unlisted_Film______,3
Moby Dick - Part Two_Unlisted_Film______,3
"Moby Dick_Adam Cooper, Bill Collage_Film_7 10 2009_____",3
MOCKINGBIRD_-_Bryan_Bertino,2
"Modern Problems_Ken Shapiro, Tom Sherohman, Arthur Sellers_Film_11 17 1979__Revised 2nd Draft___",0
MOLEPEOPLE_Nathan Elston_Film______,3
Molly's Game_Aaron Sorkin_Film_12 29 2013__3rd Pass___,2
Mom _Marc Bloom_Film______,0
"Mommie Dearest_Frank Yablans, Frank Perry, Abraham Polonsky_Film_12 22 1990__Shooting Script___",0
Mommy's Home_James Morosini_Film_7 8 2024_____,1
"Mona Lisa_David Reeves, Larry Clark_Film______",0
"Money Monster_Alan DiFiore, Jim Kouf, Jamie Linden_Film_6 12 2014_____",0
"Money Monster_Alan DiFiore, Jim Kouf, Jamie Linden_Film_7 15 2014_____",2
"Money Monster_Alan DiFiore, Jim Kouf, Jamie Linden_Film_7 15 2014_____1",2
"Money Monster_Alan DiFiore, Jim Kouf_Film______",2
Moneyball-(2011)-7.13.2007-(Chervin),1
"Moneyball_Steven Zaillian, Aaron Sorkin_Film_10 15 2010__3rd Blue Revisions___",1
"Moneyball_Steven Zaillian, Aaron Sorkin_Film_3 6 2010_____",0
"Moneyball_Steven Zaillian, Aaron Sorkin_Film_3 6 2010_____1",0
"Moneyball_Steven Zaillian, Aaron Sorkin_Film_3 6 2010_____2",0
Monkey-Shines-(1988)-(George-A.-Romero)-06-1987-Final-Shooting-Script-Scan,2
Monkeybone_Sam hamm_Film_2 3 1999__7th Draft___,2
Monster Hunter_Paul W.S. Anderson_Film_3 24 2016__In Progress Draft___,0
"Monster Wellness Relocation Program_Ahmet Zappa, Michael J. Wilson_Film_11 20 2009__5th Draft___",0
"Monster's Ball_ilo Addica, Will Rokos_Film_6 1 2001_____",0
Monsters Under the Bed_Sean McIntyre_Film______,3
"Monsters University_Dan Scanlon, Daniel Gerson, Robert L. Baird_Film______1",0
Monsters-and-Men-(2018),2
MONSTERS-OF-THE-MIDWAY-Jeff-Lowell,0
Monster_Safe_Frasco_FINAL_OCT31,0
Mont Royal_Paul Schrader_Film_1 1 1998___FKA -  Quebecois __,3
Monty Python and the Holy Grail - Annotated Script_Unlisted_Film______,0
Moon People_Demetri Martin_Film_10 4 2006_____,2
Moonflower_Sallie West_Film_Fri Sep 19 2014 00 00 00 GMT-0500 (Central Daylight Time)_____,1
Moonlight_Barry Jenkins_Film______,2
"Moonrise Kingdom_Wes Anderson, Roman Coppola_Film_5 1 2011_____",2
"Moonrise Kingdom_Wes Anderson, Roman Coppola_Film_5 1 2011_____1",2
"Moonrise Kingdom_Wes Anderson, Roman Coppola_Film______",2
"Moon_Nathan Parker, Duncan Jones_Film_1 17 2008__Shooting Script___",2
"Moon_Nathan Parker, Duncan Jones_Film_11 11 2007_____",0
Moon_Unlisted_Film_1 26 2009__Post Production Script___,2
"Mopheads_Yonas Michael, Riley Cranston_Film_7 7 2016__2nd Draft___",3
Morbius II  House of Styx_Unlisted_Film______,2
Morgan_Seth W. Owen_Film_1 1 2014_____2,3
MORPHINE-AGONY-LIVES-Script-2012-spec-script,3
Mortal Kombat_Greg Russo_Film_11 1 2018_____,0
"Mortal Kombat_Oren Uziel, Randall Wallace, John Swetnam, Dave Callaham, Greg Russo_Film_5 1 2017_____",0
"Mortal Kombat_Oren Uziel, Randall Wallace, John Swetnam, Dave Callaham, Greg Russo_Film_8 1 2016_____",0
"Mortdecao_Eric Aronson, Peter Baynham, David Koepp_Film_6 30 2013_____",0
Moscow-Rules,0
Most Wanted_David Drew Gallagher_Film_11 3 2013_____,0
Mother and CHild_Rodrigo Garcia_Film_9 9 2008_____,0
Mother and Child_Rodrigo Garcia_Film______,0
Mother! by Darren Aronofsky_Darren Aronofsky_Film______,0
Motherboy_Tess Brewer_Film______,3
Motherless Brooklyn_Edward Norton_Film_12 15 2018__FYC - Current Pink Revisions___,2
MOTHERLOAD-Joan-Macbeth-03-26-12,2
Mother_Sean Malcolm_Film______,3
Motor City_Chad St. John_Film_5 15 2019_____,3
Motor City_Chad St. John_Film______,3
Mouse Guard_Gary Whitta_Film_3 27 2017_____,3
Mouse_Kelly O'Sullivan_Film_5 1 2020_____,0
"Move That Body_Paul W. Downs, Lucia Aniello_Film_6 7 2015_____1",0
Movers_Nick Oleksiw_Film______,3
Movie House_Larry Cohen_Film______,3
Moxie_Heather Quinn_Film_9 29 2017_____,0
Mr. and Mrs. Black_Matt Gayles_Film___Final Draft___,3
Mr. Benihana_Chris Wu_Film______,0
"Mr. Blandings Builds His Dream House_Normal Panama, Melvin Frank_Film______",2
"Mr. Brooks_Bruce A Evans, Raynold Gideon_Film______",2
Mr. Holland's Opus_Patrick Sheane Duncan_Film___1st Draft___,0
Mr. Hughes_David Koepp_Film_7 16 1998_____,2
Mr. Hughes_David Koepp_Film_7 16 2018_____,2
Mr. Morgans Last Love_Sandra Nettlebeck_Film_10 26 2011__Shooting Draft___,1
Mr. Nobody_Jaco Van Dormael_Film___Version 11___,2
Mr. Right_Max Landis_Film______,3
Mr. Smith Goes To Washington_Sidney Buchman_Film______,1
Mr. Smith Goes To Washington_Sidney Buchman_Film______1,1
Mr. Toy - Chai Hecht_Chai Hecht_Film______,1
Mr. Toy_Chai Hecht_Film______,1
Mr. Turner_Mike Leigh_Film______,1
Mrs. Brown_Jeremy Brock_Film______,0
"Mudbound_Virgil Williams, Dee Rees_Film______",0
Mud_Jeff Nichols_Film_8 22 2011__Shooting Script___,2
"Mulan_Lauren Hynek, Elizabeth Martin_Film___Early Draft_FKA -  The Legend of Mulan __",0
Mule-The-(2018),2
Murder by Decree_John Hopkins_Film____FKA -  Sherlock Holmes and Saucy Jack __,3
Murder City_Will Simmons_Film_5 3 2012_____,3
Murder In Grave_Branko Maksic_Film______,0
Murder in teh White House_Jonathan W. Stokes_Film_3 6 2020_____,3
Murder Me_David H. Luz_Film______,0
"Murder of a Cat_Christian Magalhaes, Robert Snow_Film______1",0
Murder on the Orient Express_Michael Green_Film_2 20 2015_____,3
Murdered-by-My-Boyfriend-2014-TVM,3
Murdered-by-My-Father-2016-TVM,0
Murdoch_Jesse Armstrong_Film______1,1
Mute Witness_Anthony Waller_Film______,2
"Mute_Duncan Jones, Mike Johnson_Film_10 15 2006_____",0
"Mute_Duncan Jones, Mike Johnson_Film_3 6 2009_____",0
"My Best Friend is an Asshole_Brian Diamond, Brian Lee_Film_1 1 2016_____",1
"My Best Friend's Birthday_Craig Hamman, Quentin Tarantino_Film______1",0
My Best Friend's Wedding_Ronald Bass_Film___1st Draft___,1
My Best Friend's Wedding_Ronald Bass_Film______,1
My Big Fat Greek Wedding 2_Nia Vardalos_Film______,0
"My Bloody Valentine_Zane Smith, Todd Farmer_Film_3 20 2008__Revised Draft___",1
My Dark Places_Jan Oxenberg_Film_6 18 1999__4th Draft___,3
My Dear You_Meghan Kennedy_Film______,1
My Demon Lover_Leslie Ray_Film_8 13 1986_____,0
My Druncle Kevin_Vin Conzo_Film______,3
"My Favorite Wife_Bella Spewack, Sam Spewack_Film_1 1 1940_____",1
My Girl 2_Janet Kovalcik_Film______,1
My Girl_Laurice Elehwany_Film______,0
"My Imaginary Boyfriend_Koji Steven Sakai, Emily Brauer Rogers_Film______",1
"My Little Pony  The Movie_Meghan McCarthy, Rita Hsiao, Michael Vogel_Film_8 15 2017__Final Script___",1
My Name Is Bruce_Mark Verheiden_Film_4 2 2006_____,3
"My Own Love Song_Olivier Dahan, Kristin Gore_Film_10 16 2008__Revised Shooting Draft___",0
My Own Private Idaho_Gus Van Sant_Film_4 1 1989__Revised Draft___,2
My Policeman_Ron Nyswaner_Film_4 6 2021__White Shooting Draft___,1
My Pure Joy_James Cullen Bressack_Film______,3
My Sojourn In Hell_John Arvai_Film______,3
My Soul To Take_Wes Craven_Film____FKA -  25 8 __,3
My Soul To Take_Wes Craven_Film____FKA -  25 8 __1,3
My Spy_Jeremy Slater_Film______,3
MY-DAD-IS-A-DICK_Goldstein_-10_4,1
MY-DARLING-CALIFORNIA-(2026)-by-Elijah-Bynum-08.06.2024-Digital,0
My-Murder-2012-TVM,3
MY-SWEET-SAGA-B-Sills,0
"Mya, Isaiah's Wife_Leah McKendrick_Film______",1
Mystery Men_Neil Cuthbert_Film_6 6 1997__Revised Draft___,3
Mystery of Cinecitta_Joshua Sinclair_Film_4 1 2010__11th Draft___,0
"Mystic Pizza_Amy Jones, Randy Howze, Perry Howze_Film_7 1 1987_____",1
Mystic River_Brian Helgeland_Film___Final Draft___,3
Myth-and-Legend-Erik-Sommers-06-05-11,3
Naked Gun - What 4 _Alan Spencer_Film_1 21 2009_____,0
Naked Gun - What 4 _Alan Spencer_Film_1 21 2009_____1,0
NANA-IN-ME-THE-Haley-Fisher-Jason-Graham-03-2011,1
Nancy & Danny_Brad Ingelsby_Film_5 25 2009_____,0
Nanny_Nikyatu Jusu_Film_7 18 2020__Cherry Revision___,0
Nanny_Nikyatu Jusu_Film_9 6 2022_FYC____,0
Naomi's Room_Sean Macaulay_Film_6 24 2008_____,3
Napoleon Read The Screenplay r__Film______,0
Napoleon_Stanley Kubrick_Film_9 29 1969_____,1
Napoleon_Stanley Kubrick_Film_9 29 1969_____1,1
Narco Sub_David Guggenheim_Film______,3
Nasty_Isabella Jarosz_Film______,1
National Lampoon's Loaded Weapon (_Gene Quintano_Film_4 2 1992_____,0
"National Treasure 2 - The Book of Secrets_Cormac, Marianna Wibberly_Film_8 17 2007_____",0
"National Treasure_Cormac Wibberly, Marianne Wibberly, Jim Kouf_Film_11 21 2003_____",0
"National Treasure_Cormac Wibberly, Marianne Wibberly, Jim Kouf_Film_11 21 2003_____1",0
"National Treasure_Cormac Wibberly, Marianne Wibberly, Jim Kouf_Film_4 9 2003_____",0
"Natural Born Killers_Quentin Tarantino, David Veloz, Richard Rutowski, Oliver Stone_Film_5 11 1993_____",3
"Natural Born Killers_Quentin Tarantino, David Veloz, Richard Rutowski, Oliver Stone_Film______1",3
"Natural Born Killers_Quentin Tarantino, David Veloz, Richard Rutowski, Oliver Stone_Film______2",3
Natural Born Killers_Quentin Tarantino_Film______,3
NDA_Audrey Ellis Fox_Film_10 9 2024_____,1
"Near Dark_Eric Red, Kathryn Bigelow_Film______",0
"Near Dark_Eric Red, Kathryn Bigelow_Film______1",0
near-dark-1987,0
"Nebraska_Robert W. Nelson, Phil Johnston, Alexander Payne_Film_5 20 2011_____",0
Nebraska_Robert W. Nelson_Film_10 15 2002_____,0
Nebraska_Robert W. Nelson_Film______,2
Nebraska_Robert W. Nelson_Film______1,0
Neds_Peter Mullan_Film_6 10 2009_____,2
NEED FOR SPEED FMV__Film______,2
Needle-In-A-Timestack-(2021),1
Negociador_Borja Cobeaga_Film_4 21 2014_____,2
"Neighbours_Andrew J. Cohen, Brendan O' Brien_Film_10 3 2012_____",1
Neither Confirm Nor Deny_Dave Collard_Film_5 9 2019_____,0
Neither-Confirm-nor-Deny-2-20-20,0
Nerdland_Andrew Kevin Walker_Film_3 1 2013_____,1
Nerve and Sinew_Bill Anthony Lawrence_Film______,3
Nerve-(2016),1
Network_Paddy Chayefsky_Film______,0
Neuromancer_Chuck Russell_Film______,2
Neuromancer_Vincezo Natali_Film_10 13 2011_____,2
"Never Been Kissed_Jenny Bicks, Abby Kohn, Marc Silverstein_Film_6 26 1998__Revised Shooting Script___",1
Never Let Me Go_Alex Garland_Film_3 24 2009_____,2
Never Let Me Go_Alex Garland_Film_3 24 2009_____1,2
Never Rarely Sometimes Always_Eliza Hittman_Film_1 28 2019__Production Draft___,2
Never Say Never Again_Unlisted_Film_12 1 1982_____,2
Never-After_Ehlers,0
NEVERLAND-Aaron-Henry-Kirk-Kjeldsen-03-07-11,0
NEVERMORE-Rolfe-Kanefsky,3
Nevermore_Tal Gantz_Film______,3
Neverwonderland,0
"New Amsterdam -  Pilot _Christian Taylor, Allan Loeb_Film_12 1 2006_____",2
New Gods_Kirk De Micco_Film_4 23 1999_____,3
"New Rose Hotel_Abel Ferrara, Christ Zois_Film______",2
"New York Minute_Emily Fox, Mark Steilen_Film_2 27 2003__Revised 2nd Draft___",2
"News of the World_Paul Greengrass, Luke Davies_Film______",0
News-of-the-World-(2020)-11-22-17-Davies,0
Newsflash_Ben Jacoby_Film______,2
"Newsies_Bob Tzudiger, Noni White, David Fallon (Rewrite), Tom Rickman (Rewrite)_Film_5 15 1991_____",0
Next Friday_Unlisted_Film______,0
Next_Gary Goldman_Film_5 14 2004_____,0
NH10_Sudip Sharma_Film______,3
Nice Guy Johnny_Edward Burns_Film_6 4 2009___FKA -  Say Uncle __,1
Nice-Guys-The-(2016)-7.09.14,3
Nick And Norah s Infinite Playlist_Lorene Scafaria_Film_6 1 2005_____,0
Nick and Norah's Infinite Playlist_Lorene Scafaria_Film_6 1 2005_____,0
"Nickel Boys_RaMell Ross, Joslyn Barnes_Film______",2
nico-4-15-14,3
Night Moves_Jon Reymond and Kelly Reichardt_Film_8 31 2012_____,2
"Night Nurse_Oliver H. P. Garrett, Charles Kenyon_Film_3 24 1931_____",2
Night of The Creeps_Fred Dekker_Film_2 1 1985_____,0
Night of the Demons_Joe Augustyn_Film_3 28 1987_____,0
"Night Patrol_Shaye Ogbonna, Ryan Prows, Tim Cairo, Jake Gibson_Film______",3
"Night Witches_Katie Johnson, David Daitch_Film_1 4 2018_____",0
Nightbitch_Unlisted_Film______,0
Nightcapper,3
Nightcrawler_Dan Gilroy_Film_11 27 2012_____,3
Nightcrawler_Dan Gilroy_Film_11 27 2012_____1,0
Nightcrawler_Dan Gilroy_Film_9 27 2013_____,3
Nightcrawler_Dan Gilroy_Film_9 27 2013_____1,0
Nightcrawler_Dan Gilroy_Film_9 27 2013_____2,3
NIGHTLIGHT_01-28-12_FINAL-pdf,2
Nightmare 13  Freddy Meets Jason_Lewis Abernathy_Film______,3
"Nightmare Alley_Guillermo del Toro, Kim Morgan_Film_12 1 2021__Final Shooting Script___",2
Nightmare On Elm Street_Unlisted_Film______1,2
Nightmare On Elm Street_Wesley Strick_Film_1 14 2009_____,3
Nights In Rodanthe_Ken Hixon_Film_8 12 2006_____,0
Nikita_Luc Besson_Film______,2
Nimona Read The Screenplay__Film______,0
Nine Days_Edson Oda_Film_8 2 2019__Yellow Draft___,1
Nine Days_Edson Oda_Film______,1
Nine Men From Now_Paul Schrader_Film______,2
Nine Twelve_Edward Ruggiero_Film______,2
"Nine_Michael Tolkin, Anthony Minghella_Film_11 11 2009_____",1
"Ninja Assassin_Matthew Sand, J. Michael Straczynski_Film_6 4 2008__Revised 2nd Draft___",3
"Ninotchka_Charles Beckett, Billy Wilder, Walter Reisch_Film_1 1 1939__Shooting Draft___",1
"Nixon_Stephen J. Rivele, Christopher Wilkinson, Oliver Stone_Film_5 1 1995_____",3
"No Blood, No Guts, No Glory!_Chase Palmer_Film_11 9 2009_____",3
"No Blood, No Guts, No Glory_Chase Palmer_Film_11 9 2009_____",3
"No Blood, No Guts, No Glory_Chase Palmer_Film_2 15 2013_____",0
"No Country For Old Men_Joel Coen, Ethan Coen_Film_11 28 2005_____1",2
"No Country For Old Men_Joel Coen, Ethan Coen_Film_Thu May 18 2006 00 00 00 GMT-0500 (Central Daylight Time)_____",2
"No Country For Old Men_Joel Coen, Ethan Coen_Film______1",2
"No Escape_John Erick Dowdle, Drew Dowdle_Film_12 6 2012___FKA -  The Coup __",3
"No Hard Feelings_Gene Stupnitsky, John Phillips_Film______",1
NO MANS LAND_Jeff Nachmanoff_Film_6 4 2007_____,2
No One Lives_David Cohen_Film_9 11 2009_____,3
No One Will Save You_Brian Duffield_Film______,3
"No Surrender_Michael Ades, Scott Abramovitch_Film_7 16 2010__Yellow Production Draft___",0
"No Time to Die_Neal Purvis, Robert Wade, Cary Joji Fukunaga, Phoebe Waller-Bridge_Film______",2
No-Other-Choice-(2025)-ENG-Final-2025-11-26-FYC,2
No-Quarter-May-2013,3
"Nobody Nothing Nowhere_Rachel Wolther, Alex Fischer_Film______",1
"Nobody Nothing Nowhere_Rachel Wolther, Alex Fischer_Film______1",1
Nobody_Derek Kolstad_Film_8 23 2018__Production Draft___,0
Nocturnal Animals_Tom Ford_Film_9 23 2015_____,0
Nocturnal Animals_Tom Ford_Film_9 23 2015_____1,0
Nomadland_Chloe Zhao_Film_1 12 2019_____,1
Nomads_Esteban Orozco_Film_6 29 2019_____,3
"Non-Stop_John Richardson, Chris Roach_Film______",0
Nope_Jordan Peele_Film______,2
Noriega_Lawrence Wright_Film_7 21 1994_____,2
Norm the Movie_Sam Esmail_Film______,0
Normal Adolescent Behavior_Beth Schacter_Film_11 4 2005_____,1
Norman  The Moderate Rise and Tragic Fall of a New York Fixer_Joseph Cedar_Film___FYC___,1
Nosferatu_David Lee Fisher_Film_Tue Jun 30 2015 00 00 00 GMT-0500 (Central Daylight Time)__3rd Draft___,3
Nosferatu_Henrik Galeen_Film______,3
Nosferatu_Robert Eggers_Film_Thu Sep 08 2016 00 00 00 GMT-0500 (Central Daylight Time)_____,3
Not Easily Broken_Brian Bird_Film_3 15 2006__1st Draft___,1
Not Okay_Quinn Shephard_Film______,1
"Nothing Like The Holidays_Rick Najera, Ted Perkins Lopez, Alison Swan_Film_10 19 2007_____",1
Notting Hill_Richard Curtis_Film_2 12 1996_____1,1
Novitiate_Maggie Betts_Film___FYC___,1
Nowhere Boy_Matt Greenhalgh_Film_2 11 2009_____,0
Nowhere Boy_Matt Greenhalgh_Film_2 11 2009_____1,1
Nowhere Boy_Matt Greenhalgh_Film_3 31 2008_____,1
Nowhere Boy_Unlisted_Film______,2
NSFW-5-24-11,3
Number Two_Unlisted_Film______,0
Numbers and Words_Grace Sherman_Film______,0
Nuremberg-(2025)-FYC,3
"Nurse Betty_John C. Richards, James Flamberg_Film_3 9 1999__Shooting Script___",0
Nurse Jackie - Anita Vicodin_Luke Yankee_Film______,2
NURSERY-REALM-Evan-Daugherty,2
Nyad Read The Screenplay__Film______,0
Nymphomaniac_Lars von Trier_Film______,0
"O Brother, Where Art Thou _Joel Coen, Ethan Coen_Film______",0
O. K. C._Clay Wold_Film______,2
O2_Christine LeBlanc_Film______,3
Observe and Report_Jody Hill_Film_8 17 2007_____,0
Obsessed_David Loughery_Film_8 15 2007_____,1
Occupants_Eric Heisserer_Film____FKA -  The Dionaea House __,0
Occupied_Chris Borrelli_Film_7 24 2012_____,3
Occupied_Tara Cavanagh_Film______,0
"Ocean of Storms_Ben Young Mason, Tony Bill_Film______",2
Ocean's 11_Steve Carpenter_Film_6 1 1998_____,2
Ocean's 11_Ted Griffin_Film_5 31 2001__Latest Production Draft___,2
Ocean's 12_George Nolfi_Film______,0
Ocean's 12_Unlisted_Film_1 24 2005_Subtitle Spotting List____,2
"Ocean's 8_Olivia Milch, Gary Ross_Film_Mon Jul 25 2016 00 00 00 GMT-0500 (Central Daylight Time)_____",1
Ocean's Twelve_Unlisted_Film______,0
"Oculus_Mike Flanagan, Jeff Howard_Film_12 15 2011_____",3
"Odd Todd_Todd Rosenberg, Jonathan Kesselman_Film______",0
Odd-Life-of-Timothy-Green-The-(2012),1
ODESSA-Fraziers,3
Odysseus_Ann Peacock_Film_1 18 2009_____,3
Odysseus_Ann Peacock_Film_1 18 2009_____1,3
"Of Every Wickedness_Brian McGreevey, Lee Shipman_Film______2",3
"Off The Grid_Christopher Cantwell, Christopher Rogers_Film______",3
Office-Space-(1999)-2.19.98,0
Offline_Nelson Greaves_Film_4 24 2013_____,3
"Oh Never, Spectre Leaf_C. Ryan Kirkpatrick, Chad Musick_Film______ (1)",3
Oh The Humanity_Gillian Weeks_Film______,0
"Oh, the Places You'll Go_Barry Berman_Film______",0
"Oh, the Places You'll Go_Jim George, Peggy George, Bob Seeley_Film_8 5 1992_____",0
"Oh, the Places You'll Go_Richard LaGravanese_Film_5 8 1992_____",0
"Oh, the Places You'll Go_Tommy Swerdlow, Micheal Goldberg_Film______",0
Oh_Never_Spectre_Leaf_C._Ryan_Kirkpatrick_Chad_Musick_Film,2
"Okja_Bong Joon Ho, Jon Ronson_Film_7 20 2015_____",0
OLD TIME HOCKEY_Kevin Jakubowski_Film______,0
OLD-BALLS_Cory-Koller,0
"Oldboy_Ernesto M. Foronda, Fabian Marquez_Film_4 21 2005_____",3
"Oldboy_Ernesto M. Foronda, Fabian Marquez_Film_4 21 2005_____1",3
Oldboy_Mark Protosevich_Film_6 27 2012_____,0
Oleanna_David Mamet_Film__Play____,3
Olive Kitteridge_Jane Anderson_Film_9 1 2013_____,1
"Olympus Has Fallen_Creighton Rothenberger, Katrin Benedikt_Film_2 17 2012_____",3
"Olympus Has Fallen_Creighton Rothenberger, Katrin Benedikt_Film______",3
"On A Steel Horse I Ride_Reed Agnew, Eli Jorne_Film______",0
On Chesil Beach_Ian McEwan_Film_6 7 2010_____,1
On Her Majesty's Secret Service_Richard Maibaum_Film_12 1 1969_____,2
On The Beach_Unlisted_Film__Beat Sheet____,2
On the Rocks_Unlisted_Film_7 1 2019__Green Draft___,1
On The Waterfront_Budd Schulburg_Film_1 1 1954_____,2
On The Waterfront_Budd Schulburg_Film_1 1 1954_____1,2
On the Wing_Lynn Esta Goldman_Film______,0
Onboarding!_Jackson Kellard_Film______,0
ONCE-UPON-ATARI,0
Ondine_Neil Jordan_Film______,0
"One Flew Over The Cuckoo's Nest_Lawrence Kauben, Bo Goldman_Film_1 1 1975__Shooting script___",2
One Night in Miami..._Kemp Powers_Film___FYC___,1
One Night in Mississippi_Michele Atkins_Film______,2
One Night Stand_Joe Eszterhas_Film______,1
One Night Stan_Joshua Friedlander_Film_7 6 2009_____,0
One Thousand Paper Cranes_Ben Bolea_Film______,1
"One Way Passage_Wilson Mizner, Joseph Jackson_Film_5 3 1932_____",1
one-fell-swoop_Greg-Scharpf,1
One-for-the-Money-(2012),0
ONE-FREE-CRIME-by-Ian-Simpson,2
One-Giant-Leap-David-Posamentier-Geoff-Moore-4-26-11,0
One-Night-Before-Christmas-Michael-Hawley-and-Stacey-Attanasio-Gonsalves,2
ONE-NIGHT-ON-THE-HUDSON,0
One-Night-Stand-6-30-11,0
Only God Forgives_Alex Garcia_Film______,2
Only God Forgives_Nicolas Winding Refn_Film______,3
Only Lovers Left Alive_Jim Jarmusch_Film_7 21 2011_____,0
Only the Brave_Ken Nolan_Film_2 16 2015_____,3
Only-the-Brave-(2017)-fka-Granite-Mountain,3
Onna-Bugeisha_Jon Sanhueza_Film______,2
"Onward_Dan Scanlon, Jason Headley, Keith Bunin_Film_6 5 2020_____",0
On_Ryan Jennifer Jones_Film______,1
Open World_Tony Gilroy_Film______,0
"Operation  Endgame_Brian Watanabe, Gus Krieger, Sam Levinson_Film_6 17 2008__Revised_FKA -  Rogues Gallery __",3
Operation  Milk and Cookies_M. Miller Davis_Film______,2
OPERATION-ANVIL-by-Richard-Regen,3
Oppenheimer (FKA Gadget)_Christopher Nolan_Film_1 1 2022_____,0
oppenheimer read the screenplay__Film______,0
OptionLock-August-2012,2
ORACLE_Sean-Harrigan,3
ORBIT-by-Bruce-Guido,2
ORCHARD-THE-Michael-Caissie,3
Origin of A Species_Matthew Gossett_Film_12 1 2011_____,2
Origin Read The Screenplay__Film______,1
Original Soldiers_Unlisted_Film______,3
Orion and the Dark_Charlie Kaufman_Film_12 12 2016__First Draft___,0
OSCULUM_INFAME,3
Other People_Chris Kelly_Film_Thu Jan 01 2015 00 00 00 GMT-0600 (Central Standard Time)_____,1
Other-Woman-The-(2014),0
Otis Kringle Hates Christmas!_C Ryan Kirkpatrick_Film______,0
"Ouija_Juliet Snowden, Stiles White_Film_9 26 2013_____",0
Our Condolences_Greg Kalleres_Film______1,3
OUR HOUSE_Will Youmans_Film______,2
Our Kind of Traitor_Hossein Amini_Film______,1
OUR MAN IN MIAMI_Ozzy Inguanzo_Film______,2
Ours Upon That Day_Grant Scicluna_Film_1 1 2012__Revised Draft___,3
"Out of Our League_Sitara Falcon, Chris Nye_Film______",1
Out of Time_Dave Collard_Film_2 13 2001_____,0
Out There_Kate Folk_Film______,1
Out-of-Exile-(2022),2
Out-of-Sight-(1998)-Salmon-Rev.-3-23-18,2
"Outbreak_Lawrence Dworet, Robert Roy Pool_Film_12 1 1993_____",3
"Outlander_Dirk Blackman, Howard McCain_Film______",3
Outrage-Michael-Tabb,3
"Outside The Wire_John MacInnes, Nicholl Winner_Film______",3
"Outside The Wire_John MacInnes, Nicholl Winner_Film______1",3
Outside the Wire_Rob Yescombe_Film_11 1 2012__2nd Draft___,3
Outside-In-(2017),1
Over Asking_Caroline Dries_Film_6 26 2024_____,0
Over the Moon_Audrey Wells_Film_7 30 2020__Final Conformed Draft___,1
"Overboard_Bob Fisher, Rob Greenburg_Film_2 19 2016_____",1
Overkill,3
Overlord_Billy Ray_Film_Tue Jul 23 2013 00 00 00 GMT-0500 (Central Daylight Time)_____,3
OVERRIDE,3
Owen's Manual_Greg Michael Ferkel_Film______,0
Owsley County_Kristy Lowrey_Film______,0
Oz-the-Great-and-Powerful-(2013)-4-8-10,1
P.O. Box 1142_Lillian Wang_Film______1,2
Pac-Man Fever_Tim Talbott_Film_3 28 2006__2nd Draft___,1
Pacific Rim_Travis Beacham_Film______,3
pacific-heights-beat-sheet,2
"Paddington 2_Simon Farnaby, Paul King_Film_9 4 2017__Post Production Script___",1
Paddington_Hamish McColl_Film______,0
"Pain & Gain_Christopher Markus, Stephen McFeely, Jerry Stahl_Film_1 21 2011_____",2
Pain and Glory_Pedro Almodovar_Film______,2
PALETTE_Zach Strauss_Film______,0
Palm Springs_Andy Siara_Film_4 6 2019__Production Draft___,0
Palm Springs_Andy Siara_Film_Fri Jul 27 2018 00 00 00 GMT-0500 (Central Daylight Time)_____,0
Palmer_Cheryl Guerriero_Film___FYC___,0
Palo Alto_Gia Coppola_Film_12 21 2011___FKA -  Palo Alto Stories __,1
Pan's Labyrinth_Guillermo del Toro_Film_1 1 2006_____,2
Pandora_Karl Gajdusek_Film_9 10 2007_____,1
Panic Room_David Koepp_Film_2 23 2000_____,3
Panopticon_Emily Jerome_Film_2 4 2016_____,3
Pan_Ben Magid_Film_5 6 2011_____,0
Pan_Ben Magid_Film_6 24 2006_____2,1
Pan_Ben Magid_Film_8 28 2006_____,1
Pan_Jason Fuchs_Film_10 9 2013__Draft___,0
Pan_Jason Fuchs_Film_10 9 2013_____1,0
Paparazzo_Christian Nilsson_Film______,0
Paper Airplane_Sid Karger_Film______,0
Paper Airplane_Sid Karger_Film______1,0
"Paper Man_Kieran Mulroney, Michele Mulroney_Film______",1
"Paper Towns_Scott Neustadter, Michael H. Weber_Film_7 25 2014_____",0
Paper Wings_Leslie Bohem_Film_6 22 2006_____,1
Papillion_Aaron Guzikowski_Film______,3
"Paradise Lost_Dante W Harper, Michael Green_Film_8 19 2015_____",3
"Paradise Lost_Stuart Hazeldine, Ryan J. Condal, Alex Proyas_Film_2 11 2011_____",0
"Paradise_Dante W Harper, Michael Green_Film_8 8 2015_____",2
Paradise_Diablo Cody_Film____FKA -  Lamb of God __,1
Paradox - Back to the Future II & III_Bob Gale_Film_12 19 1988__Revised Draft - Blue___,2
"Paradox_James DeRosa, Elana A. Mugdan_Film_1 1 2012_____",3
Paradroid_Gary Whitta_Film______,3
PARALLAX-by-Grant-Calof,0
Parallel_Mothers_Pedro_Almodovar_Film_,2
Paranorman_Christopher Butler_Film______,3
Paranorman_Christopher Butler_Film______1,3
"Parasite_Bong Joon Ho, Han Jin Won_Film___FYC___",1
Parasite_Ehud Lavski_Film______,3
PARENTAL-CONSENT-by-Joe-Nienalt-01192012,1
"Parenthood_Lowell Ganz, Babaloo Mandel_Film_12 19 1988__Final Shooting Script___",1
Parents Weekend_Peter Scott_Film_2 18 2014_____,0
Parents' Night_Unlisted_Film______,0
PARENT__S-NIGHT-113,1
Pariah_Dee Rees_Film______,0
Paris_Texas_Digital_Film_,2
Park Rangers_Nick Wiger_Film_5 11 2009_____,0
PAROLED-by-Joe-Nienalt-092211,3
PARTY-GIRL-Vik-Weet_9082,0
Passenger 57_David Loughery_Film_10 8 1991__Revised Draft___,0
Passengers_Jon Spaihts_Film_3 1 2007__Working Draft___,0
Passengers_Jon Spaihts_Film_5 1 2013_____,0
Passengers_Jon Spaihts_Film_9 30 2013_____,0
Passengers_Jon Spaihts_Film_Fri Aug 07 2009 00 00 00 GMT-0500 (Central Daylight Time)__Current Revisions___,0
Passing_Rebecca Hall_Film______,1
Past Lives_Celine Song_Film______,1
Past Lives_Celine Song_Film______1,1
Past Midnight_T.J. Fixman_Film_Wed Sep 06 2017 00 00 00 GMT-0500 (Central Daylight Time)_____,3
Past-Imperfect-pdf-1,3
PAST-TIME-SPEC-10-18,3
Pathfinder_George Nolfi_Film_11 22 1999__Revised Draft___,2
Pathology_Mark Neveldine and Brian Taylor_Film_11 9 2006_____,3
Patisserie_Michael Whatling_Film______,2
Patrick_Justin King_Film_4 11 2012_____,3
Patriot Down_Ian Stone_Film______,3
PATSY_Filipe Coutinho_Film______,0
"Patterns_David Chiu, Patrick Wall_Film______1",0
Paul-Blart-Mall-Cop-(2009),0
"Paul_Simon Pegg, Nick Frost_Film______",0
"Paul_Simon Pegg, Nick Frost_Film______1",0
Pawn Sacrifice_Steven Knight_Film_10 1 2013_____,0
Paws-Off,1
"Peacock_Michael Lander, Ryan Roy_Film_2 2 2008_____",0
PENTESTER_Jesse Quinones_Film______,3
PEOPLE WALK DOGS LATE AT NIGHT IN THE SUBURBS_Drake Wootton_Film______,0
Pepe Le Pew in City of Light_Max Landis_Film_12 16 2016_____,1
Peppermint-(2018),3
Perfect Creature_Glenn Standring_Film_5 14 2004__Shooting Script___,2
Permission_Karen McCullah Lutz_Film_4 23 2008_____,0
Person of Interest -  Pilot _Jonathan Nolan_Film_2 4 2011____1x01_,3
Peste_B. Marshall_Film______,3
Peste_Barbara Marshall_Film______2,3
"Pet Sematary 2_Richard Outten, David S. Goyer_Film_1 6 1991__3rd Draft___",3
Pet Sematary_David Kajganich_Film_Fri May 06 2005 00 00 00 GMT-0500 (Central Daylight Time)__1st Studio Draft___,2
Pet Sematary_Jeff Buhler_Film_Sat Jun 17 2017 00 00 00 GMT-0500 (Central Daylight Time)__3rd Rewrite___,2
Pet Sematary_Stephen King_Film_1 1 1986__1st Draft___,3
Pet Sematary_Stephen King_Film______,3
Pet Sematary_Stephen King_Film______1,3
Peter-Hujar-s-Day-(2025)-FYC,1
Pet_Brittany Lamoureux_Film______,0
Pet_Jeremy Slater_Film_5 29 2007__1st Revision___,0
"Phantom Of The Opera_Andrew Lloyd Webber, Joel Schumacher_Film______",0
Phantom-Noise-by-Yvette-Bou,3
Philo-Project-GL,1
"Philomena_Steve Coogan, Jeff Pope_Film_1 16 2013__Tangarine Revisions Final Shooting Script___",0
"Philomena_Steve Coogan, Jeff Pope_Film______",0
"Phobia_Charles Huttinger, Michael Caissie_Film_1 1 2009_____",3
Phoenix-Morena-Films-07-09-2014,0
Phoenix_John N. Druska_Film_2 17 2021__Final draft___,3
Phone Booth_Larry Cohen_Film______,3
Phone Booth_Larry Cohen_Film______1,3
"Photo Booth_Spencer Harvey, Lloyd Harvey_Film_Sun May 22 2016 00 00 00 GMT-0500 (Central Daylight Time)_____",1
Picnic at Hanging Rock_Cliff Green_Film_8 1 1974_____,2
PICTURE-BOOK-Magid,0
Pictures of You_Joshua Friedlander_Film_8 24 2011_____,0
Pillion-(2025)-FYC,0
PINCH-Matthew-Kingshott,0
"Pineapple Express_Seth Rogen, Evan Goldberg_Film_11 28 2006_____",3
Pinocchio_Bryan Fuller_Film_5 24 2011__Studio Draft___,2
"Pinocchio_Guillermo del Toro, Patrick McHale_Film__FYC____",0
Pioner_Hans_Gunnarsson_Erik_Skjoldbjaerg_Nikolaj_Frobenius_Film_9_3_2012_Shooting_Script_FKA_-_Pionee,2
"Pipe_Jackson Lanzing, Collin Kelly_Film______",3
"Piranha 3DD_Patrick Melton, Marcus Dunstan, Joel Soisson_Film_3 29 2011__Locked White___",3
"Piranha 3D_Alexandre Aja, Greg Levasseur_Film_1 20 2009_____",3
Piranha_Chuck Russell_Film_10 10 2005_____,3
Piranha_John Sayles_Film_3 1 1978__Final Draft___,2
"Pirates of the Caribbean  Curse of the Black Pearl_Ted Elliott, Terry Rossio_Film_8 25 2003__Final Broadcast Draft___",0
"Pirates of the Caribbean  Curse of the Black Pearl_Ted Elliott, Terry Rossio_Film_9 1 2002__1st Draft___",0
"Pirates of the Caribbean  Curse of the Black Pearl_Ted Elliott, Terry Rossio_Film___Early Draft___",0
"Pirates of the Caribbean  Dead Mans Chest_Ted Elliott, Terry Rossio_Film_1 19 2006__Late Production Draft___",0
"Pirates of the Caribbean  On Stranger Tides_Ted Elliott, Terry Rossio_Film_11 1 2010__2nd Cherry Revision___",0
Pirates of the Caribbean_Unlisted_Film______,0
Pitch Black_David Twohy_Film_3 3 1998__Revised First Draft___,3
Pitch Black_David Twohy_Film_3 3 1998__Revised First Draft___1,3
Pitch Perfect 2_Kay Cannon_Film_5 11 2014__Shooting Drafts___,1
Pitch Perfect_Kay Cannon_Film_10 21 2011_____,1
Pitch-Perfect-(2012)-Early-2009-draft,0
PITCHFORK-Mark-Duplass-Jay-Duplass,1
PITCHING-PENNIES_Nate_Crocker,2
PitifulIncomprehensible6-14-1,3
Pixels-(2016)-2-19-14,0
Pixels_Tim Herlihy_Film_4 17 2014_____,0
Pizza Girl_Jean Kyoung Frazier_Film______,0
Pi_Darren Aronofsky_Film_1 1 1998__Shooting Script___,0
Pi_Darren Aronofsky_Film_1 1 1998__Shooting Script___1,0
Plan B_Kate Angelo_Film_8 30 2007_____,1
"Planes, Trains And Automobiles_John Hughes_Film_6 23 1987__Final Shooting Script___2",0
Planet of The Apes_Unlisted_Film______,3
Planet X_Olatunde Osunsanmi_Film______,2
Planet X_Olatunde Osunsanmi_Film______1,2
PLAN_C_-_Stephanie_Koff_Scott_Mednick,2
Playback_Raymond Chandler_Film_3 24 1949__Final Draft___,2
Playdate_Maria_osterbye_Film_3_1_2024_3rd_Draf,0
Playing the Field_Robbie Fox_Film_2 14 2011___FKA -  Playing for Keeps __,1
Pleasantville_Gary Ross_Film______,1
Please Give_Nicole Holofcener_Film_5 19 2008__Yellow_FKA -  Untitled Nicole Holofcener Project 2008 __,0
PLEASE-DON__T-FEED-THE-HUMANS,2
Plush_Alexandra Skarsgard_Film______,1
Pocket Dial_Chris Head_Film______,1
Point Break Indo_W. Peter Iliff_Film_10 25 2007___FKA -  Johnny Utah __,0
Point Break_Kurt Wimmer_Film_12 14 2012_____,2
Point Break_Kurt Wimmer_Film_3 3 2014_____,0
Point Break_W. Peter Iliff_Film____FKA -  Johnny Utah __,0
POINT-MAN-Sascha-Penn,0
Point-of-Origin-FINAL,3
"Police Academy III_Barry Blaustein, David Sheffield_Film_10 10 1984_____",2
Police Academy III_Eugene F. Quintano_Film_7 27 1985_____,0
Police Squad -  Testimony of Terror _David Misch_Film______,0
Polka-King-The-(2017),1
Poltergeist  The Legacy_Unlisted_Film______,0
Poltergeist_Steven Spielberg_Film___1st Draft___,2
Pompeii-(2014)-10-21-11,0
Pompeii_Eric Kirsten_Film______,0
"Pompeii_Lee Batchler, Janet Scott Batchler_Film_5 1 2011__Draft 3.3___",3
Pontius-Pilate-Blasi-Vera,0
Poor Things - Production Notes__Film______,1
Poor Things Read The Screenplay__Film______,3
"Popular_Hannah Hafey, Kaitlin Smith_Film______",1
Popular_Marley Schneier_Film______,0
Porky's_David H. Steinberg_Film_7 2 2008__Revised___,0
Portrait_of_a_lady_on_fire_Screenplay_Unofficial_English_Translation,0
POSH - Laura Wade_Laura Wade_Film______,1
Possessor_Brandon Cronenberg_Film_6 16 2017_____,0
Posse_Unlisted_Film_5 14 2005_English Dialogue List____,0
Possum Song_Isaac Adamson_Film______,3
Post Grad_Kelly Fremon_Film______,0
Power Rangers_Max Landis_Film_3 25 2014__2nd Draft___,3
Power_Mattson Tomlin_Film______,3
Prayers For Bobby_Katie Ford_Film______,1
Preacher_Garth Ennis_Film_5 1 1998_____,3
Preacher_John August_Film_1 10 2010_____,3
"Precious_Geoffrey Fletcher, Lee Daniels_Film_1 16 2008__1st Revised Green_FKA -  Push __",1
Precious_Geoffrey Fletcher_Film_1 16 2008__Shooting Script___,1
"Predator 2 _Jim Thomas, John Thomas_Film_10 6 1989_____",3
"Predator 2_James Thomas, John Thomas_Film_1 16 1990__3rd Draft_FKA -  Predator 2  The Hunt Continues __1",3
"Predator 2_James Thomas, John Thomas_Film_12 15 1989__2nd Draft_FKA -  Predator 2  The Hunt Continues __",3
"Predators_Robert Rodriguez, Mike Finch and Alex Litvak_Film_7 16 2009_____",3
"Predators_Robert Rodriguez, Mike Finch and Alex Litvak_Film_7 16 2009_____1",3
Predators_Robert Rodriguez_Film_8 2 1996__1st Draft___,3
"Predator_Jim_Thomas,_John_Thomas_Film_1_30_1987_Revision_#_6_(Goldenrod)_of_4_7_86_draft_FKA-Hunter_",3
Predestination_Spierig Brothers_Film__Production Notes____,1
Pregnant Pals_Emmitt Webb_Film______,1
"Premium Rush_David Koepp, John Kamps_Film_2 18 2010_____",0
Presence -  Pilot _John Ridley_Film_3 1 2016__2nd Pink Revised__1x01_,0
Pretenders_Josh Boone_Film_11 1 2012_____,1
Pretty Woman_J. F. Lawton_Film_3 13 1989__2nd Draft___,1
Pretty Woman_J.F. Lawton_Film_1 1 1987__1st Draft_FKA -  Three Thousand __,1
Prey_Patrick Aison_Film_8 3 2021__Revised Buff Draft_FKA -  Skulls __,3
"Pride & Glory_Joe Carnahan, Gavin O'Connor_Film______",3
Pride-(2014)-stephen-beresford-shooting-script-bbc,0
Pride-and-Joy-2013,1
"Prim, el asesinato de la calle del Turco_Nacho Faerna, Virginia Yague_Film_3 25 2013_Spanish, Production Notes_V3___",2
Primal_S.D._Film,3
"Prince of Persia  The Sands of Time_Jordan Mechner, Jeffrey Nachmanoff_Film_10 23 2006_____",2
"Prince of Persia  The Sands of Time_Jordan Mechner, Jeffrey Nachmanoff_Film_6 15 2006_____",3
"Prince of Persia  The Sands of Time_Jordan Mechner, Jeffrey Nachmanoff_Film_6 15 2006_____1",3
Prince of Persia  The Sands of Time_Jordan Mechner_Film_6 10 2005_____,3
Prince of Persia  The Sands of Time_Jordan Mechner_Film_6 10 2005_____1,3
Prince of Persia  The Sands of Time_Unlisted_Film__Game Script____,2
"Prince of Thieves_John Watson, Pen Densham_Film_7 10 1990__1st Draft___",3
Prince-Charming,0
Princess Vietnam_Aaron Chung_Film_3 29 2019__3rd Draft___,0
Priority Run_Terrance Mulloy_Film_7 30 2010_____,3
Priscilla Read The Screenplay__Film______,1
Prison Break 2016 -  Episode 1 _Paul T. Scheuring_Film_10 2 2015__3rd Draft__5x01_,2
PRISONER-23-Yarbough-Cody,3
Prisoners_Aaron Guzikowski_Film_1 17 2013__Full Pink Script___,3
Prisoners_Aaron Guzikowski_Film______3,2
Prisoners_Aaron Guzikowski_Film______4,2
Private Life_Tamara Jenkins_Film______,0
Private War_Jeff Timon_Film_2 11 2011_____,3
PROBABILITY-31814,1
Profile_Unlisted_Film_10 30 2016__Yellow Production Draft___,1
Project Artemis_Rose Gilroy_Film_9 25 2021_____,0
Project A_Etan Cohen_Film_3 16 2006_____,0
PROM by Katie Wech_Katie Wech_Film_3 15 2010_____,1
Prom Night_William Gray_Film___Final Draft___,3
Prom-Night-Abductions,3
Prometheus Unbound_Jeff King_Film_1 1 2009__Revised Draft___,3
Prometheus_Damon Lindelof_Film_3 28 2011__Orange Revision 17th Draft___,3
Prometheus_Damon Lindelof_Film____FKA -  Paradise __,0
Prometheus_Jon Spaihts_Film_7 9 2010___FKA -  Alien01  Genesis __,3
Prometheus_Jon Spaihts_Film____FKA -  Alien  Engineers __1,3
"Promised Land_John Krasinski, Matt Damon_Film______",1
Promising Young Woman_Emerald Fennnell_Film___Final Draft___,1
Prom_Katie Wech_Film_9 12 2008_____,1
Propaganda_Benjamin Kramer_Film______,0
PROPEL_Jeremy Marwick_Film______,3
PROSE-BEFORE-HOES,0
"Proud Mary_John Stuart Newman, Christian Swegal_Film_Fri Dec 30 2016 00 00 00 GMT-0600 (Central Standard Time)_____",3
Proving-Ground-The,3
Psi-Kix -  Psi-Clone _Jeffrey Scott_Film_7 1 2003____1x12_,3
Psycho Killer_Andrew Kevin Walker_Film_9 25 2007__1st Draft___2,3
Psycho_Joseph Stefano_Film_12 1 1959_____,2
Psycho_Joseph Stefano_Film_12 1 1959_____1,2
Pulp Fiction_Quentin Tarantino_Film______1,3
Pulp Fiction_Quentin Tarantino_Film______2,3
Pulse-2910-TVM,3
PULSE-Ben-Magid,0
Pulse_Wes Craven_Film_1 5 2005_____,3
Pumping Black_Haley Bartels_Film______,3
PUNCH-09-20-11,3
PUNCH-091911,3
Punch-Drunk Love_Paul Thomas Anderson_Film______,1
Punch-Drunk Love_Paul Thomas Anderson_Film______1,1
Punisher - War Zone_Lexi Alexander_Film_6 27 2007_____1,0
Puppet Master  The Littlest Reich_S. Craig Zahler_Film_9 1 2015_____,2
Pure_Catherine Schetina_Film______,1
Pure_Frank Baldwin_Film_6 28 2012_____,0
Pure_James Gunn_Film_9 14 2011_____,0
Purity Balls_Jennifer Goldson_Film______,1
"Purple Rain_Albert Magnoli, William Blinn_Film______",0
Purple Rain_Albert Magnoli_Film____FKA -  Dreams __,0
PURSUIT_May_20131_5516,3
"Push_David Bourla, Michael Brandt, Derek Haas_Film_8 27 2007__White Shooting Script___",2
Puzzle-Palace-8.12.11-David-Guggenheim,3
"Puzzle_Oren Moverman, Polly Mann_Film______",1
Pyongyang Home Video_Liz Kerin_Film______,0
Pyongyang Home Video_Liz Kerin_Film______1,0
Pyro_Daniel O'Sullivan_Film______,3
"Quarry -  Murder Ballads _Graham Gordy, Michael D. Fuller_Film_3 31 2013_____",0
Quartermain_Cole Haddon_Film______,0
Quartermass and the Pit_Nigel Kneale_Film______,2
Quartermass II_Nigel Kneale_Film______,2
Quebecois!_Paul Schrader_Film______1,0
Quebecois!_Paul Schrader_Film______2,0
Queen & Slim_Lena D. Waithe_Film______,3
Queen Elizabeth_Shatara Michelle Ford_Film_1 1 2017_____,1
Queen of Hearts_Stephanie Shannon_Film______1,2
Queen of Hearts_Stephanie Shannon_Film______2,2
Queen of Katwe_William Wheeler_Film_10 26 2014_____,1
"Queen of the Damned_Scott Abbott, Michael Petroni_Film______",0
Queen-of-Sleaze-The-2017-Nicholl-Winner,0
QueenFD-2013,1
Queenpins-(2021),2
Queens of the Stoned Age_Elyse Hollander_Film_Thu Sep 13 2018 00 00 00 GMT-0500 (Central Daylight Time)_____,1
Queen_Harry Tarre_Film_11 14 2018_____,1
Queer_Justin Kuritzkes_Film______,2
Questionable-Intelligence,3
QUID-PRO-QUO-Deborah-Dean-Davis-Margaret-Oberman,0
Quills_Doug Wright_Film______,0
Quincy_Unlisted_Film______,1
Quiz-Lady-(2023),0
R-amp_J_BREAK_UP3-1,1
"R.I.P.D._Phil Hay, Matt Manfredi, Brian Koppelman, David Levien_Film_9 12 2008__Revised___",3
R5_Jango Sircus_Film______,2
R5_Jango Sircus_Film______1,2
Rabbit Hole_David Lindsay-Abaire_Film_4 8 2009_____,1
Rabbit Hole_David Lindsay-Abaire_Film_4 8 2009_____1,1
Rabbit Hole_David Lindsay-Abaire_Film______,1
Rabbit Season_Shanrah Wakefield_Film______,3
"Rabid Dog_Charles Canzoneri, John Humber_Film______",0
Rabid_David Cronenberg_Film_1 1 1977__Shooting Script___,2
"Race with The Devil_Drew McWeeny, Scott Swan_Film_11 4 2005__1st Draft___",3
RACE-THE-by-Matt-O_Neil-2012-06-07-Digital-Unprod,0
Rachel Getting Married_Jenny Lumet_Film______,0
Radio Flyer_Mickey Evans_Film_Tue Nov 07 1989 00 00 00 GMT-0600 (Central Standard Time)__1st Draft___1,2
Radioland-Murders-(1994)-Jeff-Reno-Ron-Osborn-10-12-1993-Rev.-2nd-With-GWL-(George-Walton-Lucas)-Changes,3
"Raging Bull_Paul Schrader, Mardik Martin_Film______",0
Raiders of the Lost Ark_Lawrence Kasdan_Film_8 1 1979__Revised 3rd Draft___,0
Raiders of the Lost Ark_Unlisted_Film_1 27 1978_Story Conference Transcript____1,2
Raiders of the Lost Ark_Unlisted_Film_Fri Jan 27 1978 00 00 00 GMT-0600 (Central Standard Time)_Story Conference Transcript____,2
"Raindrops All Around Me_Reed Agnew, Eli Jorne_Film______",1
"Raising Arizona_Ethan Coen, Joel Coen_Film______",2
RALLY-Rebecca-Gleason,1
RAMBLE-ON-by-Peter-Goldfinger-amp_-Josh-Stolberg,0
"Rambo  First Blood Part II_James Cameron, Sylvester Stallone_Film___Shooting Script_FKA -  First Blood 2  The Mission __",3
Rambo  First Blood Part II_James Cameron_Film_12 22 1983___FKA -  First Blood 2  The Mission __,3
Rambo-5-Last-Blood-(Cirulnick)-2018-07-05-Spec.-101p-Digital-(1),3
Rambo_Sylvester Stallone_Film_Mon Nov 06 2006 00 00 00 GMT-0600 (Central Standard Time)___FKA -  Pearl of the Cobra __,3
"Rampage_Ryan Engle, Adam Sztykiel_Film_Wed May 25 2016 00 00 00 GMT-0500 (Central Daylight Time)__Revised___",0
"Rampart_James Ellroy, Oren Moverman_Film_Thu Oct 21 2010 00 00 00 GMT-0500 (Central Daylight Time)__Yellow Revisions___",3
Randle is Benign_Damien Lincoln Ober_Film______,2
Randle is Benign_Damien Ober_Film______1,2
Rango_John Logan_Film_2 4 2011__Theatrical Script___,0
"Ran_Akira Kurosawa, Hideo Oguni, Masato Ide, Tadashi Shishido_Film______",3
"Rashomon_Akira Kurosawa, Shinobu Hashimoto_Film___Continuity Script___",3
Ratatouille_Brad Bird_Film___FYC___,0
Ratatouille_Brad Bird_Film___FYC___1,0
Ravenswood_Evan Enderle_Film______,0
"Raya and the Last Dragon_Qui Nguyen, Adele Lim_Film______",0
Raygun-Gothic_spec,2
"Re-Animator_Stuart Gordon, Dennis Paoli, William J Norris_Film______",3
RE-UP-by-Ian-Shorr,3
Reach Me_John Herzfeld_Film______,3
Reader-The-(2008),2
"Ready or Not_Guy Busick, Ryan Murphy_Film_9 22 2017_____",0
"Ready Player One_Eric Eason, Ernest Cline, Zak Penn_Film___Revised___",2
Ready Player One_Ernest Cline_Film_3 25 2011__2nd draft___,0
Reagan_Mike Rosolio_Film______1,0
Real-Time-R-Cholette,2
Reality_Heather Quinn_Film______,0
Reap What You Sow_Brett Martin_Film______,1
Rebel City_Chris Ryden_Film______,3
Rebel Ridge_Jeremy Saulnier_Film_6 16 2019_____,2
Rebel Ridge_Jeremy Saulnier_Film_6 27 2022_____,2
Rebel Without a Cause_Stewart Stern_Film______,0
Rebel Without a Cause_Stewart Stern_Film______1,2
Red Dragon_Ted Tally_Film_Mon Apr 23 2001 00 00 00 GMT-0500 (Central Daylight Time)_____,0
Red Dragon_Ted Tally_Film_Tue Jul 10 2001 00 00 00 GMT-0500 (Central Daylight Time)__Revised 1st Draft___,0
Red Dragon_Ted Tally_Film_Tue Nov 20 2001 00 00 00 GMT-0600 (Central Standard Time)__Blue Revisions___,0
Red Dragon_Walon Green_Film______,2
Red Light_Chris Shamburger_Film______,3
"Red Planet_Jonathan Lemkin, Chuck Pfarrer_Film_12 5 1999__Shooting Script___",0
Red Riding  The Year of Our Lord 1974_Tony Grisoni_Film_8 19 2008__Revised Shooting Script___,0
"Red Riding Hood_David Leslie Johnson, Rand Ravich_Film_2 22 2010__Revised_FKA -  The Girl with the Red Riding Hood __",3
Red Riding Hood_David Leslie Johnson_Film_7 16 2009___FKA -  The Girl with the Red Riding Hood __,3
"Red Rocket_Sean Baker, Chris Bergoch_Film______",0
Red Salvador_Ariel Heller_Film_Sun Oct 21 2018 00 00 00 GMT-0500 (Central Daylight Time)_____,0
Red Sparrow_Justin Haythe_Film______,3
Red Tails_John Ridley_Film_5 5 2008__Revised___,3
Red Widow_Matthew Altman_Film______,3
Red-Skies-Scott-Burn-2-1-11,0
RED-SKY-MORNING-Grant-Ornekian,3
Redbelt_David Mamet_Film_8 11 2006_____,2
Redbelt_David Mamet_Film_8 11 2006_____1,2
Redemption_Steven Knight_Film_11 5 2010___FKA -  Hummingbird __,2
"RED_Jon Hoeber, Erich Hoeber_Film_10 16 2009___FKA -  Status Red __",3
"RED_Jon Hoeber, Erich Hoeber_Film_11 14 2008__Revised 1st Draft___",3
Red_Lights_Rodrigo_Cortes_Film_10_1_2010_,0
Red_Unlisted_Film______,2
Refuge-L-D-Goffigan,3
Refuge_Debra Moore Munoz_Film_9 18 2019_____,3
Reindeer Games_Ehren Kruger_Film______,0
"Remember Me_William Fetters, Jenny Lumet_Film_4 16 2009__Revised Draft_FKA -  Memoirs __",1
Remember Me_William Fetters_Film_10 27 2008__Revised Draft_FKA -  Memoirs __,1
Remember_Benjamin A. August_Film_8 15 2014__Double White Revisions___,0
Reminiscence_Lisa Joy_Film_9 18 2013_____2,0
Remnants-Larry-Lasky-9-1-12,3
Renfield_Unlisted_Film_8 2 2019__1st Draft___,0
Renko Vega and the Jennifer Nine_John Raffo_Film_11 20 2008_____,0
Renko Vega and the Jennifer Nine_John Raffo_Film_11 20 2008_____1,0
Renko Vega and the Jennifer Nine_John Raffo_Film_11 20 2008_____2,0
Rent_Glenn Ripps_Film___1st Draft___,0
Repentance-AKA-Penitent-Man,0
Replay_Jason Smilovic_Film_9 30 2010__1st Draft___,0
Replay_Jason Smilovic_Film_9 30 2010__1st Draft___1,0
REPO ELVES by Michael O_Rourke,1
"Repo Men_Garrett Lerner, Eric Garcia_Film_1 27 2004___FKA -  The Repossession Mambo __",2
Reptile Dysfunction_Creston Whittington_Film______,3
"Reptile_Grant Singer, Ben Brewer_Film_9 24 2019_____",2
"Requiem for a Dream_Hubert Selby Jr., Darren Aronofsky_Film_1 1 2000__Shooting Script___1",1
"Requiem for a Dream_Hubert Selby Jr., Darren Aronofsky_Film_Sat Jan 01 2000 00 00 00 GMT-0600 (Central Standard Time)__Shooting Script___",0
Rescue-Me-3rd-draft-5-17-13,1
Reservoir Dogs_Quentin Tarantino_Film_10 22 1990__Final Draft___,3
Reservoir Dogs_Quentin Tarantino_Film_10 22 1990__Final Draft___2,3
Reservoir Dogs_Quentin Tarantino_Film_10 22 1990__Final Draft___3,3
Resident Evil_George A. Romero_Film_10 7 1988__1st Draft___,2
Resident Evil_George A. Romero_Film_10 7 1998__1st Draft___1,3
Resident Evil_Paul W. S. Anderson_Film_1 1 2000_____,3
Resident Evil_Paul W. S. Anderson_Film______,3
Respect_Tracey Scott Wilson_Film______,1
Restitution_Larry Cohen_Film______,0
RESTORATION.by.Jessica.Clothier-Spec,1
Resurfaced_Alyssa Ross_Film______,1
Resurrection_Andrew Semans_Film_5 1 2019_____,0
Resuscitated-Thomas-Dixon,0
"Retreat_Carl Tibbetts, Janice Hallett_Film_3 17 2010__Revised___",3
Retribution_Somersby_Film______,3
Return of the Living Dead II_Ken Wiederhorn_Film_11 7 1986_____,3
RETURN TO SENDER_Russell Goldman_Film______,0
Return-of-the-Dipsticks-2012-Nicholl-Finalist,1
Reunion_Adam Zopf_Film______,0
Revelation_Evan Daugherty_Film_3 3 2017_____,0
"Revenge of the Nerds_Steven Zacharias, Jeff Buhai_Film_9 2 1983_____",2
Revival_Josh Boone_Film_9 1 2015_____,0
Revolutionary Road_Justin Haythe_Film______,1
Revolutionary-Road-2008-1st-6-9-2004,1
"Rewired_Adam Gaines, Ryan Parrott_Film______",1
Rex,0
Rhythm Section_Unlisted_Film______,3
Richard Jewel_Billy Ray_Film_6 20 2019__FYC___,3
Richard-Jewell-(2019)-9.25.2015,0
Ricki and the Flash_Diablo Cody_Film______,1
Ricky Stanicky_Jeff Bushell_Film_11 13 2009_____,1
Ricky Stanicky_Jeff Bushell_Film_11 13 2010__Producer's Final Draft___,1
Ride_Jeremy Ungar_Film______,0
Rififi_Bo Goldman_Film_Thu Aug 10 2006 00 00 00 GMT-0500 (Central Daylight Time)_____,2
Rift_Kathryn Whipple_Film______,3
Rift_Larry Lasky_Film______,3
Rift_Ronnie Christensen_Film_10 2 2008_____,3
Rigged_Andrew Parker_Film______,1
Rikki,0
Rim-of-the-World-(2019),0
"Ringu_Takahashi Hiroshi, Suzuki Kouji, J. Lopez_Film____FKA -  The Ring __",2
Ringu_Takahashi Hiroshi_Film___Revised___,2
RIP-ROAR-ROMANCE-Mike-McCrary,1
"Ripe!_Tusk, Kerry Furrh, Olivia Mitchell_Film______",1
Ripper_Dennis MaGee Fallon_Film______,3
Ripple_Ezra Herz_Film______,3
Ripple_Max Taxe_Film______,0
"Rise Atlantis_Noah Griffith, Daniel Stewart_Film______",3
Rise of the Guardians_David Lindsay-Abaire_Film_9 6 2012_____,0
Ritual-Benjamin-T-Morehead,3
River Runs Red_Wes Miller_Film_1 1 2017_____,3
River's Edge_Neal Jimenez_Film______,2
River's Edge_Unlisted_Film___Combined Continuity Script___,3
River_Joshua Giuliano_Film_5 1 2019_____,2
RKO 281_John Logan_Film_Thu May 01 1997 00 00 00 GMT-0500 (Central Daylight Time)_____,0
"Road Test_Kris Bertin, Naben Ruthnum_Film_8 15 2024__Revised 2nd Draft___",3
Road to Cold Valley_Arun Croll_Film______,0
"Road to Nardo_Mike Gagerman, Andrew Waller_Film_1 5 2010__Revised___",0
"Road to Nardo_Mike Gagerman, Andrew Waller_Film_1 5 2010__Revised___1",0
"Road to Nardo_Mike Gagerman, Andrew Waller_Film______",0
Road To Perdition_David Self_Film______1,0
Road-Games-(1981)-(Everett-De-Roche)-02-05-1980-Shooting-Digital,2
Road-Games-(1981)-(Everett-De-Roche)-07-01-1980-Director-s-Final-Draft-Digital,2
Roanoke-A-Kingdom-Strange,3
"RoboCop_Joshua Zetumer, Nick Schenk_Film_1 20 2012__Revised___",3
Robot & Frank_C.D. Ford_Film______,0
"Rock of Ages_Chris D'Arienzo, Allan Loeb, Jordan Roberts, Justin Theroux_Film_3 31 2011__Revised___",1
"Rock of Ages_Chris D'Arienzo, Allan Loeb, Jordan Roberts, Michael Arndt, Justin Theroux_Film_6 1 2011__Goldenrod Revisions___",1
"Rock of Ages_Chris D'Arienzo, Allan Loeb, Jordan Roberts, Michael Arndt_Film_12 8 2010__Revised___",1
"Rock of Ages_Chris D'Arienzo, Allan Loeb, Jordan Roberts_Film_10 1 2010__Revised___",1
Rock of Ages_Chris D'Arienzo_Film_Sat Mar 19 2011 00 00 00 GMT-0500 (Central Daylight Time)_____,1
Rock the Kasbah_Mitch Glazer_Film_6 9 2012_____,0
Rocket Men_Jacob Fleisher_Film_3 10 2010_____,1
Rocket-Fuel-pink-script-v11-shoot-script-short,2
Rocketman_Lee Hall_Film_2 3 2013_____,0
Rocketman_Lee Hall_Film_4 1 2014_____,0
Rockets' Red Glare_Ken Nolan_Film_9 5 2012_____,3
Rockets' Red Glare_Ken Nolan_Film_Mon Sep 15 2014 00 00 00 GMT-0500 (Central Daylight Time)_____,3
Rocket_Science,0
RocknRolla_Guy Ritchie_Film_6 19 2007__Yellow Revisions Shooting Script___,0
"Rocks_Theresa Ikoko, Claire Wilson_Film___Final Shooting Script___",1
"Rocky vs. Rambo_Paul Rust, Kulap Vilaysack, Micheal Cassady, Harris Wittels, Neil Campbell, Scott Auckerman_Film______",0
Rocky-Start-Cambron-Clark,0
Rocky_Sylvester Stallone_Film_1 7 1976__Final Draft___,0
Rodney & Sheryl_Ian McDonald_Film______,2
Rogue Star_Jeff Black_Film______,0
"Role Models_Paul Rudd, David Wain, Ken Marino, Timothy Dowling_Film______",1
Roll the Bones_Donn Kennedy_Film_9 5 2017_____,3
Roma (Spanish)_Alfonso Cuaron_Film______,2
Roma_Alfonso_Cuaron_Film_,2
"Romeo + Juliet_Craig Pearce, Baz Luhrmann_Film_10 6 1995__Shooting Script___",0
ROMEO-__-JULIET-Will-Simmons-1,3
Ronin_J. D. Zeik_Film______,3
"Ronin_Joby Harold, Chad St. John_Film_Mon Jun 29 2009 00 00 00 GMT-0500 (Central Daylight Time)__Revised___",3
Roofman-(2025)-FYC,0
"Room in Rome_Julio Rojas, Julio Medem_Film______",1
Room_Emma Donoghue_Film_1 1 2014_____,2
Rosa-Parks-9.5.20,0
ROSE-RED-01-18-11-Merz-Justin,1
Rosemary's Baby_Roman Polanski_Film_7 24 1967__Final Draft___2,1
Rot_Geo Bradley_Film_10 25 2023_____,2
Rouge-Incorruptible,2
"Rough Diamonds_Andy Hurst, Ross Helford_Film______",3
Rounds,2
Roundtable_Brian K. Vaughan_Film_5 1 2008__1st Draft___1,3
Roundtable_Brian K. Vaughan_Film_Thu May 01 2008 00 00 00 GMT-0500 (Central Daylight Time)__1st Draft___,3
"Rover and Juliet_Steven Wolfson, Jed Wallace_Film______",0
Rub Tug_Gary Spinelli_Film_9 27 2017_____,3
Rubble_Patrick Pittis_Film______,3
Ruben_Brandt_Collector_Milorad_Krstic_Radmila_Roczkov_Film_,2
"Ruin_Matthew K. Firpo, Ryan Firpo_Film_1 6 2017_____",3
Run & Gun_Jonathan L. Davis_Film_6 15 2012_____,3
Run All Night_Brad Ingelsby_Film_1 3 2012_____,2
RUN-amp_-GUN-by-Travis-Baker-amp_-Richard-Tanne,3
RUN,3
"Runaway Bride_Sara Parriott, Josann McGibbon_Film______",0
"Runner, Runner_Brian Koppelman, David Levien_Film______",0
RUNNER_Tommy White Miles Hubley_Film______,0
Running on Empty_Naomi Foner_Film_4 28 1987_____,2
Running Scared_Wayne Kramer_Film_5 31 2004_____,3
running-with-the-devil,3
"Run_Adam Mason, Simon Boyes_Film______",3
"Run_Simone Bartesaghi, Sheree Groves_Film______",3
Rush Hour 2_Jeff Nathanson_Film______,0
"Rush Hour_Jim Kouf, Ross La Mana, Tedi Sarafian_Film_8 26 1997__Revised___",3
"Rush Hour_Jim Kouf, Ross La Mana_Film______",2
Rush_Peter Morgan_Film_12 6 2011_____,0
Rush_Peter Morgan_Film_4 25 2011_____,0
"Rust and Bone_Jacques Audiard, Thomas Bidegain_Film______",2
"Rust and Bone_Jacques Audiard, Thomas Bidegain_Film______1",2
Rustin __Film______,1
Ruthless_John A. Swetnam_Film_2 10 2017_____,0
Ruthless_John A. Swetnam_Film_2 10 2017_____1,0
rye lane shooting script__Film______,1
S. Darko_Nathan Atkins_Film___2nd Draft___,2
S.W.A.T. (2003)_Gary Crutcher_Film_5 15 1997_Coverage____,3
S.W.A.T._Ron Mita Jim McClain_Film_4 18 1997__Draft 2.0a (121 pages)___,3
S.W.A.T._Ron Mita Jim McClain_Film_4 18 1997__Draft 2.0a (125 pages)___,3
S1M0NE_Andrew Niccol_Film______,0
Sabotage_David Ayer_Film_8 1 2012_____,3
Sacred Cows_Joe Eszterhas_Film_4 1 1990_____1,2
Sad_Jack,3
SAFARI_-_Tyler_Hisel2,3
Safe House_David Guggenheim_Film______,3
Safe House_David Guggenheim_Film______1,3
Safe House_David Guggenheim_Film______2,3
Safe House_David Guggenheim_Film______3,3
Safe House_David Guggenheim_Film______4,3
SafeCore_ElliottSan_3-1-14,0
Safehouse_Karl Mueller_Film_10 13 2008_____,3
Saint Frances_Kelly O'Sullivan_Film_7 6 2018__Shooting Draft___,0
Saints and Soldiers  The Void_Zach Nelson_Film______,2
SALINGERS-WAR,0
Salmon Fishing in the Yemen_Simon Beaufoy_Film_11 5 2008__Revised 1st Draft___,1
Salmon Fishing in the Yemen_Simon Beaufoy_Film_11 5 2008__Revised 1st Draft___1,1
Salt and Fire_Werner Herzog_Film______,0
Saltburn_Emerald Fennell_Film_9 20 2022_____,1
"Salt_Kurt Wimmer, Brian Helgeland_Film_1 16 2009_____",2
"Salt_Kurt Wimmer, Brian Helgeland_Film_1 16 2009_____1",2
"Salt_Kurt Wimmer, Brian Helgeland_Film_1 16 2009_____2",2
Salt_Kurt Wimmer_Film_3 2 2007___FKA -  Edwin A. Salt __,0
Salt_Kurt Wimmer_Film_3 2 2007___FKA -  Edwin A. Salt __1,0
Sam Whiskey_William H. Norton_Film_12 30 1968__Combined Continuity Script___,2
SAM-DINKLE-SECRET-AGENT-Matt-Bishop-June-2012,0
"Samson_Sergei Bodrov, Carolyn Cavallero, Eric Nazarian_Film_2 6 2012_____",0
Samurai_Fernley Phillips_Film_11 4 2007_____,0
Samurai_Fernley Phillips_Film_11 4 2007_____1,0
"San Andreas_Andre Fabrizio, Jeremy Passmore, Allan Loeb, Carlton Cuse, Chad Hayes, Carey W. Hayes_Film_7 24 2013__Revised Draft___",0
"San Andreas_Andre Fabrizio, Jeremy Passmore, Allan Loeb, Carlton Cuse_Film_2 1 2013__Revised Draft_FKA -  San Andreas 3D __",3
Sand Castle_Chris Roessner_Film______,3
"Sand Dogs_Vineet Dewan, Angus Fletcher_Film_11 6 2009__Revised Draft___",2
"Sand Dogs_Vineet Dewan, Angus Fletcher_Film_11 6 2009_____",2
SANDBAGGERS-2-24-12,2
"Sandman_Terry Rossio, Ted Elliott, Roger Avary_Film_7 10 1996_____",0
"Sandman_Terry Rossio, Tedd Elliott_Film_4 12 1996__2nd Draft___",0
Sandpiper_Lindsay Michel_Film______,2
Sarkar_Manish Gupta_Film______,3
Sasquatch Mountain_Michael Worth_Film_6 25 2005__Revised 2nd Draft_FKA -  Devil on the Mountain __,0
Sat Dec 30 1899 02 13 00 GMT-0600 (Central Standard Time)_Mark Thompson_Film_1 28 2007_____,2
Saturn Return_Gaelyn Golde_Film______,1
Sausage-Party-(2016)-10.04.12,3
SAVAGE-PLANET,0
"Save the Last Dance_Duane G. Adler, Toni-Ann Johnson, Cheryl Edwards_Film_6 11 1999__Revised Draft___",0
SAVE-THE-PANDA-Bencich-Steve,2
"Saving Mr. Banks_Kelly Marcel, Sue Smith_Film______",0
Saving Private Ryan - Coverage_Dan MacLeod_Film_5 13 1996_Coverage____,3
Saving Private Ryan_Frank Darabont_Film_5 21 1997_____,3
Saving Private Ryan_Frank Darabont_Film_5 21 1997_____1,3
Saving Private Ryan_Robert Rodat_Film_1 17 1996_____,3
Saving Private Ryan_Robert Rodat_Film______1,3
Saving Private Ryan_Robert Rodat_Film______2,3
Saving Private Ryan_Unlisted_Film___FYC___,3
SAVING-SHEILA-by-Penelope-Thomas,0
"Saw 4_Patrick Melton, Marcus Dunstan_Film_11 20 2006_____",3
"Saw 4_Patrick Melton, Marcus Dunstan_Film_11 20 2006_____1",3
Scandalous_Matthew Fantaci_Film______,1
Scanners_David S. Goyer_Film_5 17 2007_____,2
Scarface_Jonathan Herman_Film_8 26 2015_____,0
Scarface_Oliver Stone_Film_11 22 1982__Revised Draft___,0
Scarletville_Jason Young_Film______,2
SCARS-Gordon-Daniel-Scott,3
Scars_Marco Mannone_Film_5 1 2019_____,3
Scary Movie 2000 Shooting Script__Film______,3
"Scary Movie 2_Shawn Wayans, Marlon Wayans, Alyson Fouse, Greg Grabianski, Dave Polsky, Michael Anthony Snowden, Craig Wayans_Film______",3
"Scary Movie 2_Shawn, Marlon Wayans_Film______",0
Scary Movie 3 2004 Shooting Script__Film______,0
"Scary Movie_Shawn Wayans, Marlon Wayans_Film______",3
"Scary Stories to Tell in the Dark_Kevin Hageman, Dan Hageman_Film_11 2 2017_____",3
Scion_Scotty Davis_Film______,0
"Scooby-Doo_James Gunn, Craig Titley_Film_5 27 2021__Shooting Script___",2
SCORCHED_EARTH_7-15-11-1,2
Score_Unlisted_Film______,3
"Scott Pilgrim vs. the World_Edgar Wright, Michael Bacall_Film_5 13 2010__Revised Draft___",0
"Scott Pilgrim vs. the World_Edgar Wright, Michael Bacall_Film_5 13 2010__Revised Draft___1",0
"Scott Pilgrim VS. The World_Edgar Wright, Michael Bacall_Film_5 13 2010_____",0
Scream 2_Kevin Williamson_Film____FKA -  Scream Again __,3
Scream 2_Kevin Williamson_Film______,3
Scream 2_Kevin Williamson_Film______1,3
Scream 3_Ehren Kruger_Film______,3
Scream 3_Ehren Kruger_Film______1,3
Scream 3_Ehren Kruger_Film______2,3
Scream 4_Kevin Williamson_Film_5 17 2010___FKA -  Z __,3
Scream 4_Kevin Williamson_Film_5 17 2010___FKA -  Z __1,3
"Scream VI_James Vanderbilt, Guy Busick_Film_6 7 2022__Pink Revised Draft___",3
"Scream_James Vanderbilt, Guy Busick_Film_3 2 2020__1st Draft_FKA -  Parkside __",3
"Scream_James Vanderbilt, Guy Busick_Film_3 2 2020___FKA -  Parkside __",3
Scream_Kevin Williamson_Film_7 31 1995___FKA -  Scary Movie __,3
Scream_Kevin Williamson_Film____FKA -  Scary Movie __1,3
SEA DOGS_Josh Woolf_Film______,0
SEAL_BEACH_BLVD_spc,1
Seance_Mark_L._Smith_Film_3_18_2006_,2
Seance_Simon Barrett_Film_2 26 2017_____,2
Searchers_MacMillan Hedges_Film______,0
Searching-for-Bobby-Fisher-(1993)-1st-Rev.-1991-12-24,2
"Searching_Aneesh Chaganty, Sev Ohanian_Film_11 4 2016__Pink Revised Draft___",2
Season of the Witch_Bragi Schut_Film_12 15 2004__2nd Draft___,3
Second Born - Coverage_Unlisted_Film__Coverage____,2
SECOND-COMING,3
Secondhand Lions_Tim McCanlies_Film_11 3 2002__Revised (Pink) Script___,3
"Seconds_Julian Silver, Reiss Clauson-Wolf_Film______",0
Secret Weapons_Gary Whitta_Film______,0
Secret-Agent-The-(2025)-FYC-145-pp.,0
Secret-Identity-062111,2
Secret-of-the-Alcatraz-Gold-Cory-Byam-5-5-11,0
Secrets-We-Keep-The-2015-Nicholl-Finalist,0
See How They Run_Lily Hollander_Film_4 19 2021_____,0
See-Something,0
Seed of the Sacred Fig_Mohammad Rasoulof_Film______,3
Seeking a Friend for the End of the World_Lorene Scafaria_Film_1 7 2011_____,0
Seeking Justice_Robert Tannen_Film_3 31 2008___FKA -  The Hungry Rabbit Jumps __,3
Seeking Justice_Robert Tannen_Film_3 31 2008___FKA -  The Hungry Rabbit Jumps __1,3
Seeking Justice_Robert Tannen_Film_6 5 2009___FKA -  The Hungry Rabbit Jumps __,3
Seeking Justice_Robert Tannen_Film____FKA -  The Hungry Rabbit Jumps __,3
Selena_Gregory Nava_Film_3 41996_____,1
Selma-(2014)-1-15-14,3
"Selma_Paul Webb, Ava DuVernay_Film_2 2 2014_____",3
"Senior Year_Andrew Knauer, Arthur Pielli_Film______2",0
Sentimental-Value-(2025)-FYC,1
SENTINEL-by-REESHI-RAY,3
"September 5 _Mortiz Binder, Tim Fehlbaum_Film_4 24 23_____",2
"Sequels, Remakes & Adaptions_Sam Esmail_Film______",1
"Sequels, Remakes & Adaptions_Sam Esmail_Film______2",1
Serena_Christopher Kyle_Film_8 9 2009_____,0
Serenity_Joss Whedon_Film______,0
Serenity_Steven Knight_Film_6 29 2016___FKA -  This Small Dark Look __,2
"Sergeant Rutledge_James Warner Bellah, Willis Goldbeck_Film___Continuity Script___",2
SERVICE-by-LD-Doffigan,0
Sessions of Lead Belly_Cody Kerr_Film______,3
"Setup_Mike Gunther, Mike Behrman_Film______",3
"Seuss_Eyal Podell, Jonathon E. Stewart_Film_10 16 2012_____1",1
"Seven Samurai_Akira Kurosawa, Shinobu Hashimoto, Hideo Oguni_Film______",2
"Seven Samurai_Akira Kurosawa, Shinobu Hashimoto, Hideo Oguni_Film______1",2
SEVEN-MINUTES-Jay-Martin-6-27-11,3
Seven_Andrew Kevin Walker_Film_1 27 1992_____,3
Seven_Andrew Kevin Walker_Film_1 27 1992_____1,3
Seven_Andrew Kevin Walker_Film_8 8 1994__Edited Shooting Draft___,3
Severance_James Moran_Film_11 1 2004_____,3
Sex and the City  The Movie_Michael Patrick King_Film_11 4 2007__Cherry Revisions___,1
Sex Tape_Kate Angelo_Film_5 31 2011_____,1
"Sex, Lies, and Videotape_Steven Soderbergh_Film______",2
Sex-Drive-(2008),0
SEX-ON-THE-FIRST-DATE,1
Sex-Tape-Nick-Kreiss,1
Sexual Healing_Matthew Broughton_Film_10 1 2012__2nd Revised Draft___,1
Sgt. Rock_Brian Helgeland_Film_7 11 1996_____,3
Sgt. Rock_Jon Cox_Film_2 1 2007_____,3
Shadow 19_John Spaihts_Film_6 30 2006_____,3
Shadow 19_Jon Spaihts_Film_6 30 2006_____,3
"Shadow Company_Shane Black, Fred Dekker_Film_10 20 1988_____",3
Shadow Dancer_Tom Bradby_Film_9 27 2010_____,2
Shadow Dancer_Tom Bradby_Film______,3
Shadow Dancer_Tom Bradby_Film______1,3
Shadow in the Cloud_Max Landis_Film______,3
Shadow of the Colossus_Justin Marks_Film_10 7 2010_____,3
Shadow-of-the-Water-God-by-Cameron-Alexander-1,3
SHADOW-YEAR-THE_Craig,2
Shaft_Richard Price_Film_11 17 1998_____,0
Shallow Grave_John Hodge_Film______,2
"Shame_Abi Morgan, Steve McQueen_Film_10 16 2010_____",0
"Shame_Abi Morgan, Steve McQueen_Film_6 28 2010_____",0
"Shame_Abi Morgan, Steve McQueen_Film______",1
SHANGRI-LA-by-Kyle-Lierman,0
Shania!_Jessica Welsh_Film______,1
"Sharper_Brian Gatewood, Alessandro Tanaka_Film______",0
"Shaun of the Dead_Simon Pegg, Edgar Wright_Film______",0
SHAYDA _Noora Niasari_Film______,1
Shazam!_John August_Film_11 4 2008_____,1
Shazam!_John August_Film_4 4 2008___FKA -  Billy Batson and the Legend of Shazam! __,1
She Said_Rebecca Lenkiewicz_Film_10 16 2021__2nd Pink Draft___,0
Sheena  Queen of the Jungle_Leslie Stevens_Film_2 1 1981__1st Draft___,3
Sheena  Queen of the Jungle_Lorenzo Semple Jr._Film_9 30 1983__Revised Script___,3
"Shelter_J.J. Abrams, David Klass_Film_7 29 1994_____",0
Shelter_Paul Bettany_Film_8 19 2013_____,0
SHEPHERD-CONSPIRACY,2
Sherlock  Case of Evil_Piers Ashworth_Film______,3
Sherlock Holmes and the Vengeance of Dracula_Michael B. Valle_Film______,3
"Sherlock Holmes_Michael Robert Johnson, Anthony Peckham, Simon Kinberg_Film_2 2 2009_____",0
"Sherlock Holmes_Michael Robert Johnson, Anthony Peckham_Film_3 14 2008__Revised 1st Draft___",0
"Sherlock Holmes_Mike Johnson, Anthony Peckham_Film_3 14 2008__1st Draft revisions___",0
"Sherlock Holmes_Mike Johnson, Anthony Peckham_Film_3 14 2008__1st Draft Revisions___1",0
SHERWOOD_,0
Shifty_Eran Creevy_Film______,3
Shirley_Sarah Gubbins_Film_9 6 2018__Final Shooting Draft___,0
Shivers_David Cronenberg_Film_1 1 1975__Shooting Draft___,2
Shivers_David Cronenberg_Film______,0
Shoot 'Em Up_Michael Davis_Film______,3
SHORE-EXCURSION,0
"Short Circuit_S.S. Wilson, Brad Maddock_Film_6 30 1985__Revised Draft___",0
"Short Cuts_Robert Altman, Frank Barhydt_Film_9 17 1990__3rd Draft___",0
Short Term 12_Destin Cretton_Film______,1
Short Term 12_Destin Daniel Cretton_Film_8 31 2012_____,1
SHORTCOMINGS _Adrian Tomine_Film______,1
Shorts_Robert Rodriguez_Film______,0
Shot-Through-the-Heart-Jason-Nutt,0
Shotgun Stories_Jeff Nichols_Film_8 13 2004__4th Draft___,2
Showdown-in-Little-Tokyo-(1991)-(aka-Yakuza)-(Steve-Sharon)-05-06-1990-Rewrite-of-Sgt.-K-Scan,3
Shrapnel_Evan Daugherty_Film_10 3 2008_____1,3
"Shrek the Third_Peter Seaman, Jeffrey Price, Chris Miller, Aron Warner_Film___Final Screening Script___",1
"Shriek If You Know What I Did Last Friday the Thirteenth_Joe Nelms, Sue Bailey_Film_1 1 2000___FKA -  I Know What You Screamed Last Summer __",3
Shutout_Alejandro Adams_Film_3 29 2022_____,0
Sicario  Day of the Soldado_Taylor Sheridan_Film____FKA -  Soldado __,2
Sicario_Taylor Sheridan_Film______,3
Sicario_Taylor Sheridan_Film______1,3
"Sidney Hall_Shawn Christensen, Jason Dolan_Film_2 9 2016__6th Draft___",0
Sierra Burgess is a Loser_Lindsey Beer_Film______,1
Signs_M. Night Shyamalan_Film______,2
"Silence_Jay Cocks, Martin Scorsese_Film_5 7 2015__Final Shooting Script___",0
Silent Hill  Revelation 3D_Michael J. Bassett_Film_1 1 2010_____,3
Silent Hill_Roger Avary_Film_1 31 2005_____,2
SILENT-PARTNER,2
Silver and Black_Christopher Yost_Film_3 21 2017_____,0
Silver Bullet_Stephen King_Film______,2
Silver Bullet_Stephen King_Film______1,2
Silver Linings Playbook_David O. Russell_Film___Official Shooting Draft___,1
"Silverado_Lawrence Kasdan, Mark Kasdan_Film___Production Draft___",0
SILVERFOXES,1
Simone_Andrew Niccol_Film______,0
"Sin City  A Dame to Kill For_Frank Miller, William Monohan_Film_10 16 2012_____",3
Sin City_Frank Miller_Film_4 27 1993_____,3
Sin City_Frank Miller_Film_4 27 1993_____1,3
Sin Nombre_Cary Fukunaga_Film_10 25 2007_____,0
Sin Nombre_Cary Fukunaga_Film_10 25 2007_____1,0
SinbadScript2_4_13-FOR-MARKET,0
"Sing Sing_Clint Bentley, Greg Kwedar_Film______",1
Sing Street_John Carney_Film_8 29 2014__Pink Script___,1
Singularity_Daniel Sussman_Film______,0
Singularity_Daniel Sussman_Film______1,0
Sing_Garth Jennings_Film______,1
"Sinister 2_Scott Derrickson, C. Robert Cargill_Film_12 14 2013_____",3
"Sinister_Scott Derrickson, C. Robert Cargill_Film_4 20 2011___FKA -  Found Footage __",3
SINKHOLE-by-Luke-Passmore,0
Sinners-(2025)-FYC,0
Sir-Ivanhoe-Spec-Kissock,0
Sirat-(2025)-FYC,2
SISTER-IN-LAW-Robyn-Harding,0
Sisters-7-15-14,2
Sisters_Paula Pell_Film_4 30 2014__Revised Draft_FKA -  The Nest __,1
Sister_Azia Squire_Film______,0
Situation Comedy_Cat Vasko_Film_9 1 2014_____,0
Six Billion Dollar Man_Damian Szifron_Film______,0
"Six Bullets From Now_Christian Darren, Stephen Kay_Film_3 2 2007__Revised Draft___",2
Six Degrees of Separation_John Guare_Film_4 23 1992_____,1
Sixteen Candles_John Hughes_Film_7 22 1983__Final Draft___,1
Skeleton Tree_Paul Barry_Film______,0
"Skinwalkers_James DeMonaco, Todd Harthan, James Roday_Film_7 20 2005__Production Draft___",3
Skin_Matisse Haddad_Film______,0
Sky Captain and the World of Tomorrow_Kerry Conran_Film_5 15 2002_____,2
"Skyfall_Neal Purvis, Robert Wade, John Logan_Film_1 1 2012_____",0
Skyscraper_Rawson Marshall Thurber_Film_3 10 2017__Revised Draft___,3
Skyward_Joe Ballarini_Film_1 23 2017_____,0
Slater Berricks is a Dead Man_Paul Ashton_Film_7 11 2019_____,2
"Slay the Dreamer_Mark Lane, Donald Freed_Film______",3
SLAYER-2,3
Slayride_Michael Hickey_Film_3 1 1984_____,3
SLC Punk_James Merendino_Film___Original Draft___,3
"Sleep Solution_Jenni Hendricks, Ted Caplan_Film_10 1 2021_____",3
Sleep Well Tonight_Frederik With-Seidelin Skov_Film______,2
Sleepaway Camp III  Teenage Wasteland_Fritz Gordon_Film_10 3 1987__Revised Draft___,0
Sleepaway Camp III  Teenage Wasteland_Fritz Gordon_Film_10 3 1997__Revised Draft___,0
"Sleeping Awake_Alessio Jim Della Valle, Zlata FInkel_Film______",0
Sleeping Beauty_Julia Leigh_Film______1,1
Sleeping Beauty_Unlisted_Film______,1
SLEEPING-BEAUTY-THE-Lindsay-Devlin,0
Sleeping-with-Other-People-(2015),1
"Sleepless in Seattle_Jeff Arch, Nora Ephron, Delia Ephron_Film_8 29 1992__Revised Draft___",2
"Sleepy Hollow_Andrew Kevin Walker, Tom Stoppard_Film_9 29 1998_____",3
Sleepy Hollow_Andrew Kevin Walker_Film_4 10 1995__3rd Draft___,3
Sleepy Hollow_Andrew Kevin Walker_Film_4 10 1995_____,3
Sleepy Hollow_Andrew Kevin Walker_Film_4 10 1995_____1,3
Sleepy Hollow_Andrew Kevin Walker_Film_9 9 1998__Shooting Draft___,3
"Slender Man_David Birke, Mike Scannell_Film_3 21 2017_____",3
Sling Blade_Billy Bob Thornton_Film______,1
SLINGSHOT-Scott-Adams,0
Slither_James Gunn_Film_9 10 2004_____,3
Slither_James Gunn_Film_9 10 2004_____1,3
Slow West_John Maclean_Film_11 7 2013_____,3
Slushy_Tom Mantke_Film_11 30 1995_____,1
Slutty Teenage Bounty Hunters_Kathleen Jordan_Film______,1
Small Things Like These_Unlisted_Film______,1
SMALL-GODS_MarcusPerry_3412,3
SMALL-TALK,1
Small-Town_9411,2
"Smashed_James Ponsoldt, Susan Burke_Film_9 24 2011__Blue Production Draft___",1
Smashing-Machine-The-(2025)-06.28.24-FYC,1
Smile Relax Attack_Eli Attie_Film_2 26 2009_____,2
Smile-(Laura-Hasn-t-Slept),3
Smile_Parker Finn_Film_10 18 2021__Pink Draft___,3
Smoke-and-Mirrors,3
Smut-2013-Nicholl-Finalist,0
Snake Eyes_David Koepp_Film_12 3 1996_____,0
Snake Eyes_David Koepp_Film_12 3 1996_____1,3
SNAKE-OIL-by-Alex-Berger,0
Snatched_Katie Dippold_Film_9 2 2014___FKA -  Untitled Mother Daughter Adventure __,0
Snatched_Lee Patterson_Film______,0
Snatched_Lee Patterson_Film______1,0
Snatch_Guy Ritchie_Film_8 9 1999__4th Draft___,0
"Sneakers_Phil Alden Robinson, Lawrence Lasker_Film______",1
Sniper 4_Ross Helford_Film_3 13 2017_____,3
Snitch_Justin Haythe_Film______,2
"Snitch_Ric Roman Waugh, Justin Haythe_Film______",0
"SNL 1975_Gil Kenan, Jason Reitman_Film_1 18 24_____",0
Snow Angels_David Gordon Green_Film_10 1 2005_____,0
"Snow Falling on Cedars_Ron Bass, Scott Hicks_Film_5 4 1998__Final Script___",0
Snow White and The Huntsman_Evan Daugherty_Film______1,2
"Snow White and the Three Stooges_Noel Langley, Elwood Ullman_Film_12 27 1960_____",0
Snow White_Paul Schrader_Film_1 1 2009_____,3
SNOWBOUND,0
SNOWFALL-by-Brooks-Elms-and-Glenn-Sanders,3
"Snowpiercer_Bong Joon-ho, Kelly Masterson_Film_11 11 2011__Revised Draft___",3
"Snowpiercer_Bong Joon-ho, Kelly Masterson_Film_3 3 2012__Final Draft___",3
So I Married an Axe Murderer_Unlisted_Film______,1
Socha Na Tha_Imtiaz Ali_Film_4 21 2003__8th Draft___,2
"Social Justice Warrior_Emma Fletcher, Brett Weiner_Film______",0
"Solace_Sean Bailey, Ted Griffin, James Vanderbilt, Sean Bailey, Peter Morgan_Film_6 11 2012__Revised Draft___",2
"Solar Opposites -  Pilot _Justin Roiland, Mike McMahan_Film_2 15 2018__Revision Draft__1x01_",2
Solaris_Steven Soderbergh_Film_9 12 2002_____,0
Soldier_David Webb Peoples_Film_1 1 1998_____,3
Solitary Man_Brian Koppelman_Film_8 25 2008_____,1
SOLITARY-Marcos-Gabriel-2-3-15,0
Soloist-The-(2009)-Susannah-Grant,0
Solomon Kane_Michael J. Bassett_Film______,3
Solo_David Coggeshall_Film______,3
SOLUS,3
Some Kind Of Wonderful_John Hughes_Film_7 1 1986_____,2
Somebody To Love_Michael Cunningham_Film_2 7 2007_____,1
"Someone To Watch Over Me_Howard Franklin, Danilo Bach, David Seltzer_Film_12 4 1986_____",3
Someone-Great-(2019),1
Something Wild_E. Max Frye_Film______,2
Something's Gotta Give_Nancy Meyers_Film_6 14 2002_____,1
SOMETHING-CLIQUED-Karen-Bloch-Morse,1
Somewhere_Sofia Coppola_Film_6 4 2009_____,2
Somewhere_Sofia Coppola_Film_6 4 2009_____1,2
Somnia1,3
Somnium_Bryce McLellan_Film______,2
"Son of Saul_Laszlo Nemes, Clara Royer_Film_4 25 2014__Shooting Script_FKA -  The Son of Saul __",3
Song-Sung-Blue-(2025)-FYC,1
Songbird-(2020),0
"Sorority Row_Josh Stolberg, Peter Goldfinger_Film_9 8 2008___FKA -  The House on Sorority Row __",3
"Sorority Row_Josh Stolberg, Peter Goldfinger_Film____FKA -  The House on Sorority Row __",3
Sorry to Bother You_Boots Riley_Film_Wed May 17 2017 00 00 00 GMT-0500 (Central Daylight Time)_____,2
Sorry-Baby-(2025)-04.09.25-FYC,1
Sorta-Like-a-Rockstar-11-18-11,1
"Soul Men_Robert Ramsey, Matthew Stone, Tim Herlihy_Film_11 20 2007_____",3
Soul-Heist-Craig-Sabin,3
"Soul_Pete Docter, Mike Jones, Kemp Powers_Film_7 17 2020__FYC___",1
"Sound of Metal_Darius Marder, Abraham Marder_Film______",2
Sound-of-Falling-(2025)-07.10.23-FYC,2
SOURCE CODE_Ben Ripley_Film_1 18 2007_____,2
South Bend_Simon Barrett_Film_3 10 2009_____,3
"South Park  Bigger, Longer & Uncut_Trey Parker, Matt Stone, Pam Brady_Film_1 21 1999__8th Draft_FKA -  South Park  Bigger, Longer and Uncut __",3
Southland Tales (The Prequel Saga)_Richard Kelly_Film_11 14 2010_____,2
Southland Tales_Richard Kelly_Film______,3
Southpaw_Kurt Sutter_Film_3 3 2014__3rd Studio Draft___,3
SPA-DAY-Annie-Baria3,1
"Space Cowboys_Ken Kaufman, Howard Klausner_Film_5 1 1999_____",0
"Space Jam_Leo Benvenuti, Steve Rudnick, Timothy Harris, Herschel Weingrod_Film_6 16 1995__Shooting Script___",2
Space Oddity_Rebecca Banner_Film______,0
"Spaceballs_Mel Brooks, Thomas Meehan, Ronny Graham_Film______",0
Spanglish_James L. Brooks_Film___Shooting Draft___,1
Sparkle_Mara Brock Akil_Film_9 20 2011__Production Draft___,1
Spark_Meredith Dawson_Film_1 1 2018_____,1
Sparrow-On-The-Roof-Craig-Clyde,0
Spartan_David Mamet_Film______,2
Spawn_Todd McFarlane_Film_12 25 2017_____,3
"Spear of Kings_Richard Elliott, Simon Racioppa_Film______",3
Specter Lodge_Amber Fonzen_Film______,2
Speed of Light_Paul Cuschieri_Film_7 31 2018_____,0
Speed_Graham Yost_Film______,2
Spencer_Steven Knight_Film_1 4 2021__Shooting Script___,2
Spider Man Across The Spider Verse __Film______,2
"Spider-Man  No Way Home_Chris McKenna, Erik Sommers_Film___Revised Final Draft___",0
Spider-Man 2_Michael Chabon_Film______,3
Spider-Man 2_Michael Chabon_Film______1,2
Spider-Man 3_Michael Chabon_Film___Draft___,2
Spider-Man 4_David Lindsay-Abaire_Film___1st Draft___,2
Spider-Man 4_Sam Raimi_Film___Treatment Draft___,2
"Spider-Man_Barney Cohen, Tue D. Nguyen_Film_11 7 2016_____",0
"Spider-Man_Barry Cohen, Ted Newsom, James Cameron_Film_8 4 1993_____",0
"Spider-Man_Barry Cohen, Ted Newsom, James Cameron_Film______",0
Spider-Man_David Koepp_Film_4 14 2000_____,0
Spider-Man_David Koepp_Film_4 14 2000_____1,2
Spider-Man_David Koepp_Film______,0
"Spider-Man_Ted Newsom, John Brancato_Film_11 24 1985__1st Draft___",0
Spider-Man_Unlisted_Film______,2
Spiderman III  Drums of the Hunter_Kurt Fillmore_Film_1 1 2015_____,0
"Spiders 3D_Joseph Farrauggia, Tibor Takacs_Film_9 14 2010_____",0
Spin the Bottle_Jeff Feuerstein_Film_7 24 2024_____,1
Spinecopy-2014,2
"Spirit Untamed_Aury Wallington, Kristin Hahn, Katherine Nolfi_Film_1 29 2021_____",1
SPIRIT_STALKERS_-_Eden__Hile,0
"Splash_Lowell Ganz, Babaloo Mandell_Film_2 1 1983__2nd Draft___",2
"Splice_Vincenzo Natali, Antoinette Terry, Doug Taylor_Film_4 10 2007_____",0
"Splice_Vincenzo Natali, Antoinette Terry, Doug Taylor_Film_4 10 2007_____1",0
Splinter Cell_Stuart Beattie_Film_9 1 2005_____,3
Spontaneous_Brian Duffield_Film___1st Draft___,3
Spring 61_Greg Brooker_Film______,1
Spring Breakers_Harmony Korine_Film______,0
Spring_Justin Benson_Film___Shooting Script___,0
Spy Game II  Muir's Gambit_Michael Frost Beckner_Film_6 20 2012_____,0
"Spy Hard_Dick Chudnow, Rick Friedberg, Jason Friedberg, Aaron Seltzer_Film_7 19 1995__Revised Blue 6th Draft___",2
Spy Hunter_Stuart Beattie_Film_1 27 2006_____,3
Spy Kids 2  The Island of Lost Dreams_Robert Rodriguez_Film____FKA -  Spy Kids 2 __,2
Spy_Paul Feig_Film_4 23 2013__1st Draft_FKA -  Susan Cooper __,0
Squirrels of New York_Unlisted_Film______,2
"St. Elmo's Fire_Joel Schumacher, Carl Kurlander_Film_9 18 1984__3rd Draft___",0
"St. Mary's School Presents the Vagina Monologues_Hannah Hafey, Kaitlin Smith_Film_5 18 2021_____",1
St. Patrick's Day_J. S. Basquiat_Film______,0
St. Vincent de Van Nuys_Theodore Melfi_Film_5 10 2011_____,2
St. Vincent_Theodore Melfi_Film_3 14 2012___FKA -  St. Vincent (de Van Nuys) __,0
St. Vincent_Theodore Melfi_Film_5 10 2011___FKA -  St. Vincent (de Van Nuys) __,2
"Stagecoach_Dudley Nichols, Ben Hecht_Film______",0
"Stagecoach_Dudley Nichols, Ben Hecht_Film______1",0
STAKEHORSE_Justin Piasecki_Film______,2
"Stalker  A Love Story_Michael Carnes, Josh Gilbert_Film______",1
Stampede_Sontenish Myers_Film___First Draft___,1
Stan and Ollie_Jeff Pope_Film_4 20 2017_____,1
Stand-Up-Straight-Eirene-Donohue,1
"Star Trek  First Contact_Brannon Braga, Ronald D. Moore_Film_9 29 1995__1st Draft___",0
Star Trek  Nemesis_John Logan_Film_9 12 2001_____,0
Star Trek  The Beginning_Erik Jendresen_Film_8 8 2006__1st Draft___,2
"Star Trek  The Motion Picture_Gene Roddenberry, Harold Livingston_Film_7 19 1978__Shooting Script___1",2
"Star Trek  The Motion Picture_Gene Roddenberry, Harold Livingston_Film_7 19 1978__Shooting Script___2",2
"Star Trek Generations_Ronald D. Moore, Brannon Braga_Film_1 28 1994__4th Draft_FKA -  Star Trek  The Next Generation The Movie __",2
"Star Trek Generations_Ronald D. Moore, Brannon Braga_Film_10 14 1994__Shooting Script_FKA -  Star Trek  The Next Generation The Movie __",0
Star Trek II  The Wrath of Khan_Jack B. Sowards_Film_1 18 1982___FKA -  Star Trek II  The Undiscovered Country __,0
Star Trek II  The Wrath of Khan_Jack B. Sowards_Film_5 24 1982___FKA -  Star Trek II  The Undiscovered Country __,0
Star Trek II  The Wrath of Khan_Jack B. Sowards_Film____FKA -  Star Trek II  The Undiscovered Country __,0
Star Trek II  The Wrath of Khan_Jack B. Sowards_Film____FKA -  Star Trek II  The Undiscovered Country __1,0
Star Trek III  The Search for Spock_Harve Bennett_Film_10 7 1983_____,0
"Star Trek IV  The Voyage Home_Harve Bennett, Nicholas Meyer_Film_3 11 1986__Shooting Script_FKA -  Star Trek IV  The Adventure Continued __",2
"Star Trek IV  The Voyage Home_Harve Bennett, Nicholas Meyer_Film_4 10 1986__Shooting Script_FKA -  Star Trek IV  The Adventure Continued __",1
Star Trek V  The Final Frontier_David Loughery_Film_11 21 1988_____,0
Star Trek V  The Final Frontier_David Loughery_Film_11 21 1988_____1,0
"Star Trek VI  The Undiscovered Country_Nicholas Meyer, Denny Martin Flinn_Film_2 27 1991__5th Draft___",0
"Star Trek VI  The Undiscovered Country_Nicholas Meyer, Denny Martin Flinn_Film_3 15 1991__5th Draft___",0
"Star Trek_Roberto Orci, Alex Kurtzman_Film_11 5 2007__Yellow Revisions Shooting Script___",3
"Star Trek_Roberto Orci, Alex Kurtzman_Film_11 5 2007__Yellow Revisions Shooting Script___1",3
Star Wars  A New Hope_George Lucas_Film_3 15 1976__4th Revised Draft_FKA -  Adventures of Luke Skywalker __1,3
Star Wars  Episode III - Revenge of the Sith_George Lucas_Film______,3
"Star Wars  Episode IV - A New Hope_George Lucas_Film_1 1 1976__4th Draft_FKA -  The Adventures of Luke Starkiller , FKA -  The Star Wars __",3
"Star Wars  Episode IV - A New Hope_George Lucas_Film_8 1 1975__3rd Draft_FKA -  The Adventures of Luke Starkiller , FKA -  The Star Wars __",0
"Star Wars  Episode IV - A New Hope_George Lucas_Film_8 1 1975__3rd Draft_FKA -  The Adventures of Luke Starkiller , FKA -  The Star Wars __2",0
"Star Wars  Episode VI - Return of the Jedi_George Lucas, Lawrence Kasdan_Film_12 19 1982__2nd Draft_FKA -  Star Wars  Episode VI - Revenge of the Jedi __",3
"Star Wars  Episode VII - The Force Awakens_Lawrence Kasdan, J.J. Abrams, Michael Arndt_Film______",3
"Star Wars Episode II  Attack of the Clones_George Lucas, Jonathan Hales_Film_7 5 2000__Green Revisions 2nd draft___",0
Star-Struck-1,1
Star-Wars-Episode-IX-Duel-of-the-Fates-Unprod-12-16-16,3
Starchaser  The Legend of Orin_Jeffrey Scott_Film______,0
Stardust Queen_Joe Ferran_Film______,0
Starfall_David Coggeshall_Film_7 10 2015_____,0
"Stargate_Dean Devlin, Roland Emmerich_Film_7 6 1993_____",0
"Starman_Bruce A. Evans, Raynold Gideon, Dean Riesner_Film____FKA -  The Star Man __",2
Starred Up_Jonathan Asser_Film_4 16 2013_____,3
Starship Troopers_Edward Neumeier_Film______,3
STASH-HOUSE-Gary-Spinelli,3
State and Main_David Mamet_Film_9 14 1999__Shooting Script___,0
State Lines_Rachel Wolf_Film______,0
State of Play_Matthew Michael Carnahan_Film_1 3 2008__Pink Revised Shooting Script___,2
State of Play_Matthew Michael Carnahan_Film_11 1 2007__White Shooting Script___,2
State of Play_Matthew Michael Carnahan_Film______,2
Static-Mike-Le-Han,2
Stealing Time_Colin Trevorrow_Film_3 18 2010_____,0
Steel Magnolias_Robert Harling_Film_9 16 1988__Green Revisions Shooting Script___,0
STEENSLAND_AChineseVampireStory,0
"Steinbeck's Point of View_Brandon Camp, Mike Thompson_Film______",0
Step Up_Duane Adler_Film______,1
Stepmom_Ronald Bass_Film______,0
Steps-Of-Coronodo-SCRIPT,0
Stereovision_Sept,0
Steve Jobs_Aaron Sorkin_Film_3 19 2015__Shooting Script___,0
Steve McQueen Can't Do As You Ask_Jesse Wigutow_Film_2 12 2010_____,2
"Still Alice_Richard Glatzer, Wash Westmoreland_Film_1 4 2014_____",1
"Still Alice_Richard Glatzer, Wash Westmoreland_Film______",1
Still Me_Tricia Lee_Film______,1
"Stillwater_Tom McCarthy, Marcus Hinchey, Thomas Bidegain, Noe Debre_Film______",1
"Stillwater_Tom McCarthy, Marcus Hinchey, Thomas Bidegain_Film_2 19 2019_____",1
"Stockholm, Pennsylvania_Nikole Beckwith_Film______1",2
Stoker_Wentworth Miller_Film_1 18 2010_____,1
Stolen_David Guggenheim_Film____FKA -  Medallion __,3
"Stolen_Joe Burke, Kevin Oestenstad_Film______",2
STONES-4-12-15,0
Stop Huntingdon Animal Cruelty_Adam Sachs_Film_5 5 2008_____,0
Stop Huntingdon Animal Cruelty_Adam Sachs_Film_5 5 2008_____1,0
Stopping Power_Eric Red_Film_7 25 2007_____,0
Storm_Will Kindrick_Film_8 11 2017_____,2
Storytelling_Todd Solondz_Film___Final Draft___,1
Story_Emily Siegel_Film______,3
Straight and Narrow_Joe Gazzam_Film_1 30 2006_____,0
Straight Outta Compton_Andrea Berloff_Film_10 2 2012_____,3
Straight Outta Compton_Andrea Berloff_Film_6 30 2011_____,3
"Straight Outta Compton_Jonathan Herman, Andrea Berloff_Film______",3
"Straight Outta Compton_Leigh Savidge, Alan Wenkus_Film_8 16 2008_____",2
Straight-Edge-by-Rich-Wilkes,3
Stranded-Chris-Borrelli,3
Stranded_Jon Land_Film_5 30 2005__2nd Draft___,3
"Strange Days_James Cameron, Jay Cocks_Film_8 11 1993_____",0
Strange Skies_Pat Healy_Film______2,0
Strange Skies_Pat Healy_Film______3,0
Stranger in a Strange Land_Dan Waters_Film_5 22 1995_____,2
Stranger on the Third Floor_Frank Partos_Film_5 24 1940__Shooting Script___,2
Strangers_David Seltzer_Film_10 12 2005_____,0
Strategist-The-Inon-Shampanier,3
Straw Dogs_Rod Lurie_Film_11 4 2008__5th Draft___,0
Strawberry-Mansion-2021,2
Stray-by-The-Thornton-Brothers_4176,3
Street Fighter  The Legend of Chun-Li_Justin Marks_Film____FKA -  Street Fighter __,1
Street Smart_David Freeman_Film_4 11 1986_____,2
Streets on Fire_Justin Britt-Gibson_Film_6 12 2009__1st Draft___,3
Stretch_Joe Carnahan_Film_6 17 2012_____,3
STRIKEPOINT,3
Strings-Script,3
Stronger_John Pollono_Film_5 16 2015_____,0
"Strongman_Nicholas Jacobson-Larson, Dalton Leeb_Film_2 7 2017_____",3
Stuart Little_M. Night Shyamalan_Film_9 5 1997_____,0
Student Bodies_Mickey Rose_Film_3 18 1981_____,0
STX-FINAL,3
Submarine_Richard Ayoade_Film_11 23 2009_____,0
Submerged_Dan Hall_Film______,0
Submission032410Rev,0
Suburban-Turban-2016-Nicholl-Finalist,0
"Suburbicon_Joel Coen, Ethan Coen_Film_3 27 2007_____",2
Subversion_Andrew Ferguson_Film_9 1 2022_____,3
Suffragette_Abi Morgan_Film______,3
"Sugar_Anna Boden, Ryan Fleck_Film______",1
Suicide 21_Greg Wayne_Film____FKA -  S21 __,1
Suicide Squad_David Ayer_Film______,3
Suicide Squad_Jake Katalay_Film_7 5 2016_____,3
Suicide Squad_Justin Marks_Film_2 3 2011_____,3
Suicide Squad_Justin Marks_Film_2 3 2011_____1,3
Sully_Todd Komarnicki_Film_11 18 2015_____,0
Sully_Todd Komarnicki_Film_11 18 2015_____1,0
"Summer Crossing_Scarlett Johansson, Tristine Skyler_Film_12 1 2012_____",2
SummersEnd062212,3
Suncoast_Laura Chinn_Film______,1
SUNDOWN_Nick Hurwitch_Film______,0
Sunflower_Misha Green_Film_10 10 2011_____,1
Sunflower_Misha Green_Film______,1
Sunny Side of Hell_John Eidson_Film______,3
Sunshine Cleaning_Megan Holley_Film_3 5 2007_____,0
Sunshine_Alex Garland_Film_1 1 2004_____,0
Super 8_J. J. Abrams_Film_12 16 2010__Shooting Script___,3
Super 8_J. J. Abrams_Film_12 16 2010__Shooting Script___1,3
Super Dad_Sean Tidwell_Film______,1
"Super Dark Times_Ben Collins, Luke Piotrowski_Film_10 17 2015_____",3
Super Epic_Illimani Ferreira_Film______,1
Super Mario Bros. - ADR Notes_Unlisted_Film_1 4 1993_ADR Notes____,2
Super Mario Bros. - Internal Pitch_Unlisted_Film_2 18 1993_Internal Pitch____,1
"Super Mario Brothers_Parker Bennett, Terry Runte_Film_1 26 1992__1st Draft___",2
Super Mario World_Max Landis_Film___1st Draft___,3
"Superbad_Seth Rogen, Evan Goldberg_Film_7 20 2006___FKA -  Super Bad __",0
Supergirl_David Odell_Film_1 17 1983_____1,0
Superman  Flyby_J.J. Abrams_Film_10 24 2003_____,0
Superman  The Man of Steel_Alex Ford_Film_9 14 2008_____,0
Superman  The Man of Steel_Unlisted_Film______,0
Superman  Tomorrow's Hero_Jake Katalay_Film______,3
"Superman III_David Newman, Leslie Newman_Film_4 1 1982___FKA -  Superman vs. Superman __",0
"Superman III_David Newman, Leslie Newman_Film_4 1 1982___FKA -  Superman vs. Superman __1",0
"Superman II_Tom Mankiewicz, Mario Puzo, David Newman, Leslie Newman, Robert Benton_Film___Shooting Script___",0
"Superman IV  The Quest for Peace_Mark Rosenthal, Lawrence Konner_Film_10 30 1986_____",0
"Superman IV  The Quest for Peace_Mark Rosenthal, Lawrence Konner_Film_10 30 1986_____1",0
Superman Lives_Kevin Smith_Film_3 27 1997_____,0
Superman Lives_Kevin Smith_Film_3 27 1997_____1,0
Superman vs. KKK - Synopsis_John E. Williamson_Film__Synopsis____,2
Superman-(2025)-10.01.2024,0
Superman-by-James-Gunn-2025-11-Digital,0
Superman_J. J. Abrams_Film_7 26 2002__1st Draft___,0
Superman_Tom Mankiewicz_Film___Shooting Script___,2
Superman_Wesley Strick_Film_7 7 1997__1st Draft___,0
Superstitious_Beth Bruckner O'Brien_Film_9 1 2017_____,0
Super_James Gunn_Film_8 28 2009_____,0
Super_James Gunn_Film_8 28 2009_____1,0
Support Your Local Sheriff_William Bowers_Film_11 29 1968__Continuity Script___,2
SURPRISE-WEDDING,1
Suspect Zero_Paul Schrader_Film_1 1 1998_____,3
Suspect Zero_Paul Schrader_Film_1 1 1998_____1,3
Suspect Zero_Paul Schrader_Film_1 1 1998_____2,3
Suspect Zero_Paul Schrader_Film_1 1 1998_____3,3
"Suspect Zero_Zak Penn, Billy Ray_Film_11 30 2001__Shooting Script___",3
"Suspect Zero_Zak Penn, Billy Ray_Film_11 30 2001__Shooting Script___1",3
Suspect_Eric Roth_Film_5 2 1987_____,2
Suspiria_Dave Kajganich_Film______,2
"Suspiria_David Gordon Green, Chris Gebert_Film_1 3 2012_____",3
Swamp-Thing-(Frank-Cappello)-(05!29!2007)-(Rev.)-(Unprod.)-(Digital),0
Swan Song_Benjamin Cleary_Film______,1
SWAP-Sean-Ryan,3
"Swat_Ron Mita, Jim McClain_Film_4 17 1997_____",3
Sway_Brittany Lamoureux_Film______,0
Swedish Lesbian Vampire Wonderland_Scott Robert Chamberlain_Film______,0
Sweeney Todd  The Demon Barber of Fleet Street_John Logan_Film_12 18 2006___FKA -  Sweeney Todd __,1
Sweeney Todd  The Demon Barber of Fleet Street_John Logan_Film_12 18 2006___FKA -  Sweeney Todd __1,1
Swimming with Sharks_George Huang_Film______,0
SWINDLE-09-19-11-Enzo-Mileti-Scott-Wilson,0
Swingers_Jon Favreau_Film_12 13 1994__3rd Draft___,3
Swingers_Jon Favreau_Film_12 13 1994__3rd Draft___1,0
Swingers_Jon Favreau_Film_12 13 1994__3rd Draft___2,3
"Swingles_Duncan Birmingham, Jeff Roda_Film_6 3 2008_____",1
Swingles_Duncan Birmingham_Film______,1
SWIPE-Daniel-Sussman,0
Swipe,0
"Swiss Army Man_Daniel Scheinert, Dan Kwan_Film______",0
"Swiss Family Robinson_Jonathan Mostow, Sam Montgomery_Film_4 27 2006_____",2
Sword-of-Cortes-Alyssa-Alexandria-11-14-13,3
Swordfish_Skip Woods_Film_1 1 2001__Shooting Script___,0
"Sykes and the Woman that Made Him_Paul Golding, Zalman King_Film______",1
Sylvie's Love_Eugene Ashe_Film_2 12 2019__Goldenrod Revised Draft___,1
Symphony of Survival_Daniel Persitz_Film______,0
"Synecdoche, New York_Charlie Kaufman_Film_7 30 2007_____",0
"Synecdoche, New York_Unlisted_Film_4 26 2006_Script Analysis____",2
Tai-Pan_John Briley_Film_7 28 1985_____,3
"Take Me Home Tonight_Jackie Filgo, Jeff Filgo, Michael Dowse_Film_7 18 2006__Revised Draft_FKA -  Kids In America __",1
Take Shelter_Jeff Nichols_Film______,2
Take This Waltz_Sarah Polley_Film_5 26 2009_____,1
Take This Waltz_Sarah Polley_Film_5 26 2009_____1,1
TAKE-ME-HIGHER-James-Strzelinski-OUT,2
TAKE-THESE-BROKEN-WINGS-FINAL-MAY-2014,0
TAKE-YOUR-KID-TO-WORK-by-Joe-Gazzam-and-Robbie-Chafitz,0
"Taken 2_Luc Besson, Robert Mark Kamen_Film_8 31 2011__Revised Draft___",0
Taken_Jennifer Barlow_Film_5 15 2002_____,0
"Taken_Luc Besson, Robert Mark Kamen_Film______",1
"Taking Bacon_Michael Fitzgerald, Matt Carrier_Film______",3
"Taking Lives_Jon Bokenkamp, Nicholas Kazan, H Seitz, David Ayer_Film_2 28 2003__Early Draft___",1
Talkin' Dirty After Dark_Topper Carew_Film_11 1 1990__Revised (Blue)___,0
Talking-About-the-Sky-2016-Nicholl-Winner,2
"Talladega Nights_Will Ferrell, Adam McKay_Film_5 5 2005_____",0
Talvar_Vishal Bhardwaj_Film______,3
Tamara Drew_Moira Buffini_Film_8 24 2009_____,1
Tamara_Jeffrey Reddick_Film______,3
Tammi_Vinnie Pagano_Film______,0
"Tammy_Melissa McCarthy, Ben Falcone_Film______",0
"Tangerine_Sean Baker, Chris Bergoch_Film_12 24 2013_____",3
Tangled_Dan Fogelman_Film______,0
Tangled_Dan Fogelman_Film______1,0
"Tarantula_Robert M. Fresco, Martin Berkeley_Film______",2
"Tarzan the Untamed_Craig Brewer, Adam Cozad_Film_2 1 2013_____",0
Tar_Todd Field_Film______,1
Tax-Collector-The-(2020)-Ayer-05-17-18,3
Taxi Driver_Paul Schrader_Film_1 1 1976__Shooting Script___,2
Tchaikovsky's Requiem_Jonathan W. Stokes_Film______2,1
Teaching Mrs. Tingle_Kevin Williamson_Film_10 28 1997__Rewrite_FKA -  Killing Mrs. Tingle __,0
Ted Tragic and the Long Way Down_Max Landis_Film______,3
"Ted_Seth MacFarlane, Alec Sulkin, Wellesley Wild_Film______",1
"Ted_Seth MacFarlane, Alec Sulkin, Wellesley Wild_Film______1",1
Teenage Mutant Ninja Turtles Mutant Mayhem Read The Screenplay__Film______,0
TEENAGE MUTANT NINJA TURTLES Next Chapter 2022__Film______,1
Temp-Girl,1
Ten Ayer Revisions August 2012_Unlisted_Film______,3
Ten Million Hannah Kroekers_Taylor Tetreau_Film______,0
Ten Soldiers_Kevin Reynolds_Film_6 1 1981_____,3
TEN-THOUSAND-BULLETS-LATER,0
Tenderness-Eric-Freiser,2
Tenet_Christopher Nolan_Film______,2
Tenn_Robin Sushan_Film_1 7 2006_____,1
Tenure_Mike Million_Film_9 12 2005_____,1
Ten_Skip Woods_Film______,3
Teratorn_E. Niemi_Film_5 9 2017_____,0
Terminal Trap_Barb Doyon_Film______,3
"Terminator  Salvation_John Brancato, Michael Ferris_Film_10 12 2005__Revised Draft___",3
Terminator 2  3D - Battle Across Time_James Cameron_Film_1 11 1995_3D Attraction Short_Draft 8.1___1,2
Terminator 2  3D - Battle Across Time_James Cameron_Film_1 11 1995_3D Attraction Short____,2
"Terminator 2  Judgment Day_James Cameron, William Wisher_Film___Final Script___",2
"Terminator 2  Judgment Day_James Cameron, William Wisher_Film___Revised Final Shooting Script___",2
Terminator 3  Rise of the Machines_Tedi Sarafian_Film_7 10 1997__2nd Draft___1,3
"Terminator 4  Salvation_John Brancato, Michael Ferris_Film_10 12 2005__Revised Draft___",3
"Terminator 4  Salvation_John Brancato, Michael Ferris_Film_10 12 2005__Revised Draft___1",3
Terms of Endearment_James L. Brooks_Film_2 9 1983__3rd Draft___,1
Terra Obscura_Max Landis_Film_12 17 2014__2nd Rewrite___,3
TERRESTRIAL-Peter-Gaffney-copy,3
Terror Train_T.Y. Drake_Film_12 13 1979__Revised Shooting Script_FKA -  Train to Terror __,2
Test Drive_Matt Venne_Film______,0
Testament of Youth_Juliette Towhidi_Film_4 21 2014__Revised Draft___,0
Testament of Youth_Juliette Towhidi_Film_4 21 2014__Revised Draft___1,0
Testament-of-Ann-Lee-The-(2025),0
"Texas Chainsaw 3D_Adam Marcus, Debra Sullivan, Kirsten Elms_Film_3 14 2011___FKA -  Texas Chainsaw Massacre 3D __",3
"Texas Chainsaw 3D_Adam Marcus, Debra Sullivan, Kirsten Elms_Film_3 14 2011___FKA -  Texas Chainsaw Massacre 3D __1",3
Texas Chainsaw Massacre 2_L.M. Kit Carson_Film_3 7 1986__1st Draft___,3
"Texas Killing Fields_Donald F. Ferrarone, Ami Canann Mann_Film_1 4 2010__Revised Draft___",3
Texas Killing Fields_Donald F. Ferrarone_Film_11 8 2009_____,3
Thank You For Smoking_Jason Reitman_Film_7 9 2004_____,2
Thanksgiving   Grindhouse Short__Film______,2
That Thing You Get_L.B.  Kyle  Keilman III_Film_9 24 2010__1st Draft___,1
The 'Burbs_Dana Olsen_Film_4 27 1988__Blue Composite Draft___,3
"The 28th Amendment_Alex Kurtzman, Robeto Orci, Eli Attie_Film_3 19 2009_____",3
The 28th Amendment_Jeff King_Film_10 18 2005_____,3
The 29th Accident_Alanna Brown_Film_8 30 2018_____,1
The 47 Ronin_Chris Morgan_Film______,3
The 5th Wave_Susannah Grant_Film_7 5 2014__Revised Draft___,3
"The 6th Day_Cormac Wibberley, Marianne Wibberly_Film_6 22 1999_____",3
The 6_Brandon Vega_Film______,0
The 7th Voyage of Sinbad_Kenneth Kolb_Film_11 1 1957_____,2
The Abyss_James Cameron_Film_8 2 1988__Director's revision___,0
The Abyss_James Cameron_Film_8 2 1988__Revised___,0
The Abyss_James Cameron_Film_8 2 1988__Revised___2,2
The Accountant_Bill Dubuque_Film_9 1 2013__Revised___,3
"The Adventurer's Handbook_Jonah Hill, Matt Spicer, Max Winkler_Film_1 30 2009__1st Draft___",0
"The Adventurer's Handbook_Jonah Hill, Matt Spicer, Max Winkler_Film_1 30 2009__1st Draft___1",0
The Adventures of Buckaroo Banzai across the 8th Dimension_Earl Mac Rauch_Film_3 30 1983__Shooting Script___,0
The Adventures of Ford Fairlane_Dan Waters_Film_5 1 1989___FKA -  Ford Fairlaine __,0
"The Adventures of Ron Dill, Superspy_Ryan Dell_Film______",1
The Advocate_Sheldon V. Turner_Film_4 8 2015__3rd Yellow revisions___,0
The Aeronauts_Jack Thorne_Film_8 1 2019__Revised Draft___,0
"The African Queen_James Agee, John Huston, Peter Viertel_Film___Shooting Script___",0
"The Age of Innocence_Jay Cocks, Martin Scorsese_Film_1 1 1993__Shooting Script___",1
"The Age of Innocence_Jay Cocks, Martin Scorsese_Film_2 9 1989__1st Draft___",1
The Amazing Adventures of the Monogamous Duck_Neeraj Katyal_Film______,1
The Amazing Spider-Man_unspecified_Film_9 15 2010_____1,2
The American Way_Brian Kistler_Film_9 22 2008__1st draft___,3
"The Americano_Nico Bellamy, Chase Pestano_Film______",3
The American_Rowan Joffe_Film_5 13 2009__2nd draft___,2
The American_Ryan Rowe_Film______,1
The Animators_Clive Dawson_Film_4 27 2010__Revised 2nd draft___,3
"The Apartment_Billy Wilder, I.A.L. Diamond_Film_3 29 1959__Shooting script___",2
"The Apartment_Billy Wilder, I.A.L. Diamond_Film______",2
The Apparatus_Larry Cohen_Film______,2
The Apprentice_Gabriel Sherman_Film_1 7 24_____,0
The Architechts of Fear_Charlie Haas_Film_6 29 1995__1st draft___,2
The Ark_Holly Brix_Film______,2
"The Asphalt Jungle_Ben Maddow, John Huston_Film_10 12 1949_____",2
The Assassination of Jesse James By The Coward Robert Ford_Andrew Dominik_Film_11 3 2005__Pink Revisions Final draft___,3
The Assassination of Jesse James By The Coward Robert Ford_Andrew Dominik_Film_11 3 2005__Pink Revisions Final draft___1,3
The Assignment_Walter Hill_Film_8 1 2015___FKA -  Tomboy __,0
The Avengers_Joss Whedon_Film______,3
"The Awakening_Stephen Volk, Nick Murphy_Film_4 22 2010_____",0
The Babadook_Jennifer Kent_Film_9 1 2011__6.3 Draft___,3
The Babadook_Jennifer Kent_Film_9 1 2011__Draft 6.3___,3
"The Babymoon_Justin Spitzer, Jenna Bans_Film_8 31 2009_____",0
The Babysitter_Brian Duffield_Film______1,0
The Bachelor Party_Paddy Chayefsky_Film_1 1 1957_____,0
The Bad Lieutenant_Unlisted_Film_11 25 1990__1st Draft___,3
The Bagman_Unlisted_Film______,2
"The Baltimore Plot_Parker Jamison, Paul Kimball_Film______",1
The Barefoot Bandit_Dustin Lance Black_Film_9 29 2012__4th Revisions___,2
"The Batman_Matt Reeves, Peter Craig_Film_12 17 2020_____",3
The Beach Bum_Harmony Korine_Film_Tue Jul 01 2014 00 00 00 GMT-0500 (Central Daylight Time)_____,1
The Beach_Alex Garland_Film______,2
"The Beastmaster_Don Coscarelli, Paul Pepperman_Film_1 1 1980_____1",3
The Beast_Aaron W. Sala_Film______,3
The Beautiful and the Damned_Hanna Weg_Film_5 6 2008_____,1
The Beav_Les Thomas_Film______,1
The Beekeper_Kurt Wimmer_Film______,0
The Belko Experiment_James Gunn_Film_12 22 2014___FKA -  The Belcoo Experiment __,3
The Benefactor_John Joseph Moran_Film______,0
The Berzerkers_Will Hare_Film______,3
The Big Bang _Erik Jendresen_Film_9 1 2009_____,0
The Big D_Rachel Koller_Film______,1
"The Big Lebowski_Joel Coen, Ethan Coen_Film______",0
"The Big Lebowski_Joel Coen, Ethan Coen_Film______1",0
"The Big Short_Adam McKay, Charles Randolph_Film_10 6 2014__Revised Draft___",0
"The Big Short_Charles Randolph, Adam McKay_Film_5 11 2015__Revised Buff___",3
"The Big Sick_Emily V. Gordon, Kumail Nanjiani_Film______",1
The Big Sky_Dudley Nichols_Film_1 1 1951__Shooting Script___,2
"The Big Sleep_William Faulkner, Leigh Brackett, Jules Furtham_Film_1 1 1944_____",2
The Bikeriders_Jeff Nichols_Film_4 15 23_____,2
The Birds_Evan Hunter_Film_3 2 1962__Final Draft 2nd Revision___,2
The Birds_Evan Hunter_Film_3 2 1962__Final Draft___,2
"The Birth of a Nation_D.W. Griffith, Frank E. Woods_Film_1 1 2015___FKA -  The Clansmen __",2
The Birth of a Nation_Nate Parker_Film_10 8 2014_____,3
The Birthday Party_Charles Randolph_Film_4 23 2008_____,0
The Biscuit_Jack Waz_Film______,0
The Bitter Pill_Scott Z Burns_Film_11 22 2011_____,3
The Bitter Pill_Scott Z. Burns_Film_11 22 2011_____,3
The Black Belt_Randall Green_Film______,0
The Black Dahlia_Josh Friedman_Film______,3
The Black Dahlia_Josh Friedman_Film______1,2
The Black Dahlia_Josh Friedman_Film______2,3
"The Black Phantom_Dave Lease, Megan Hinds_Film_3 8 2009_____",3
The Black Sea_Dennis Kelly_Film_1 1 2013_____,3
The Blackcoat's Daughter_Osgood Perkins_Film_6 1 2012___FKA -  February __1,2
The Blackcoat's Daughter_Osgood Perkins_Film_6 1 2012___FKA -  February __2,2
The Blade Itself_Aaron Stockard_Film_7 11 2008_____,3
The Blade Itself_Aaron Stockard_Film_7 11 2008_____1,3
The Bling Ring_Sofia Coppola_Film_3 16 2002__Shooting Script Blue Revision___,0
"The Blob_Carey W. Hayes, Chad Hayes_Film_1 1 2011_____",2
The Blob_Joe Ballarini_Film_8 20 2004_____,0
The Bloody Benders_Adam Robitel_Film_4 16 2010__Polish___,3
"The Blues Brothers_Dan Aykroyd, John Landis_Film_6 6 1979_____",2
"The Body Snatchers_Philip MacDonald, Carlos Keith_Film______",2
The Bodyguard_Lawrence Kasdan_Film_2 1 1992__Clean Shooting Draft___,0
The Bone Orchard_M. D. Presley_Film_1 14 2009__3rd Revision___,3
The Bone Orchard_M. D. Presley_Film______,3
The Bonfire of the Vanities_Michael Cristofer_Film_4 2 1990__Tan 3rd Draft___,0
"The Book of Eli_Gary Whitta, Anthony Peckham_Film_11 10 2008_____",3
"The Book of Eli_Gary Whitta, Anthony Peckham_Film_5 23 2008_____",3
The Book of Eli_Gary Whitta_Film_6 21 2007_____,0
The Book of Henry_Gregg Hurwitz_Film______,0
The Boss Baby  The Family Business_Michael McCullers_Film_1 7 2021__Final Draft___,0
The Boston Stranglers_Alan Rosen_Film_10 9 2008__Rewrite___,3
The Bounty Hunter_Sarah Thorp_Film_9 28 2007__1st Draft_FKA -  Bounty Hunter Ex-Wife Project __,0
The Bourne Identity_Tony Gilroy_Film_5 18 2000__First Draft Polish___,3
The Bourne Identity_Tony Gilroy_Film_5 18 2000__First Draft Polish___1,3
The Bourne Identity_Tony Gilroy_Film_9 20 2000__Paris Draft___,0
The Bourne Identity_Tony Gilroy_Film_9 20 2000__Paris Draft___1,0
The Bourne Supremacy_Tony Gilroy_Film_1 13 2004__Green Shooting Script___,0
The Bourne Supremacy_Tony Gilroy_Film_1 14 2004__Green Shooting Script___,0
The Bourne Supremacy_Tony Gilroy_Film_10 13 2003_____,0
"The Bourne Ultimatum_Tony Gilroy, Scott Z. Burns, George Nolfi_Film_6 20 2007__Shooting Script___",2
"The Bourne Ultimatum_Tony Gilroy, Scott Z. Burns, George Nolfi_Film_6 20 2007__Shooting Script___1",2
The Boxer_Justine Juel Gillmer_Film_2 17 2017___FKA -  Harry Haft __,3
"The Boxtrolls_Irena Brignull, Adam Pava_Film______",0
The Boy Houdini_Matthew Tennant_Film______,0
The Boy Next Door_Barbara Curry_Film______1,2
"The Boy with Green Hair_Ben Barzman, Alfred Lewis Levitt_Film_3 28 1948__Shooting Script___",0
The Boys Are Back_Allan Cubitt_Film_6 13 2008_____,0
The Boy_Owen Egerton_Film_5 28 2015_____1,2
The Boy_Stacey Menear_Film_6 27 2014_____,0
The Boy_Stacey Menear_Film____FKA -  In a Dark Place __,0
"The Brady Bunch Movie_Sherwood Schwartz, Lloyd J. Schwartz_Film_12 29 1992__3rd Draft___",2
"The Brave One_Roderick Taylor, Bruce A. Taylor, Cynthia Mort_Film_8 29 2006__Full Pink___",3
The Brave_Matt Duffett_Film______,0
The Brazilian Job_David Twohy_Film_10 6 2006_____,2
The Breakfast Club_John Hughes_Film_1 1 1985__Shooting Draft___,3
The Breakfast Club_John Hughes_Film_4 18 1984__Final Draft___,0
The Breakfast Club_John Hughes_Film_4 19 1984__Final Draft___,0
The Breakfast Club_John Hughes_Film_4 19 1984__Final Draft___1,2
The Bridges of Madison County_Richard LaGravenese_Film_3 24 1994__1st Draft___,0
The Bridges of Madison County_Richard LaGravenese_Film_3 24 1994__1st Draft___1,0
The Bridges on the Fort Point Channel_Chuck MacLean_Film______,3
"The Bridge_Dominic Morgan, Matt Cameron Harvey_Film_12 1 2010_____",3
The Bridge_Peter J. Tomasi_Film______,0
The Broken_John Glosser_Film_12 16 2011_____,2
The Brothers Solomon_Will Forte_Film_3 28 2005_____,1
The Bucket List_Justin Zackham_Film_4 1 2005_____,2
The Bucket List_Justin Zackham_Film_4 1 2005_____1,2
The Builder_Tom Cartier_Film______,0
The Bunker_Clive Dawson_Film_6 1 2000__Final purchase draft___,3
The Bunker_Clive Dawson_Film_6 2 2000__Final purchase draft___,3
"The Burial_Doug Wright, Maggie Betts_Film_3 2 2022_____",0
The Burrowers_JT Petty_Film_7 11 2005_____,3
The Busboy_Elad Ziv_Film______,1
The Butler_Danny Strong_Film_1 1 2013__FYC___,0
The Butter Street Hitchhiker_Chris Hicks_Film__Short____,2
"The Butterfly Effect_J. Mackye Gruber, Eric Bress_Film_1 1 2004__Shooting Script___",3
"The Cabin at the End of the World_Steve Desmond, Michael Sherman_Film_3 6 2019_____",3
"The Cabinet of Dr. Caligari_Carl Mayer, Hans Janowitz_Film______",0
The Cable Guy_Judd Apatow_Film_10 31 1995__Shooting Script___,1
The Call Up_Charles Baker_Film______,3
The Card Counter_Paul Schrader_Film______1,2
The Caretaker_Duncan Samarasinghe_Film_Tue Jul 01 2014 00 00 00 GMT-0500 (Central Daylight Time)_____,3
The Cat People_Alan Ormsby_Film______,2
The Cat People_DeWitt Bodeen_Film______,1
"The Cellar_Josh Campbell, Matt Stuecken_Film_4 11 2012_____",3
The Cell_Mark Protosevich_Film______,0
The Chaser_Johnathan Mostow_Film_10 11 2011__Rewrite___,3
The Children of Men_Max Cusimano_Film__Beat Sheet____,3
"The City That Sailed_Cormac Wibberley, Marianne Wibberley, Andrew Niccol_Film_6 9 2009_____",0
"The Civilian_Rachel Long, Brian Pittman_Film_10 22 2013_____",3
The Cleopatra Club_Paul Schrader_Film_8 13 2004_Play____,0
The Cloud Factory_Angela L. Neale_Film_Tue Apr 22 2014 00 00 00 GMT-0500 (Central Daylight Time)_____,1
The Cloud Factory_Angela L. Neale_Film______,0
"The Cold Light of Day_Scott Wiper, John Petro, Richard Price_Film_8 11 2010_____",3
The Cold Warrior_Charles Mondry_Film______,3
"The Collection_Patrick Melton, Marcus Dunstan_Film_8 22 2010_____",3
"The Collector_Patrick Melton, Marcus Dunstan_Film_10 31 2007___FKA -  The Midnight Man __",3
"The Collector_Patrick Melton, Marcus Dunstan_Film_10 31 2007___FKA -  The Midnight Man __1",3
"The College Dropout_Thomas Aguilar, Michael Ballin_Film_2 5 2021_____",1
"The Comedian_Art Linson, Jeff Ross, Richard LaGravenese, Lewis Friedman_Film_3 31 2006__FYC___",1
"The Comedian_Art Linson, Jeff Ross, Richard LaGravenese, Lewis Friedman_Film______",1
"The Commuter_Byron Willinger, Philip de Blasi_Film_3 28 2008_____",1
The Company Man_Andrew Cypiot_Film_10 17 2013_____,0
The Competitors_Ruth Greenberg_Film______,3
The Confection Connection_Surjyakiran Das_Film______,0
"The Conjuring_Chad Hayes, Carey W. Hayes_Film______",0
The Contractor_J.P. Davis_Film____FKA -  Violence of Action __,2
The Conversation_Francis Ford Coppola_Film______,2
"The Cooler_Frank Hannah, Wayne Kramer_Film______",0
"The Cooler_Frank Hannah, Wayne Kramer_Film______1",0
"The Cooler_Frank Hannah, Wayne Kramer_Film______2",0
The Core_John Rogers_Film_7 6 2001__7th Revision Writer's 1st Draft___,2
The Corruptor_Robert Pucci_Film______,0
The Counselor_Cormac McCarthy_Film______,0
The Counselor_Cormac McCarthy_Film______1,0
The Counselor_Cormac McCarthy_Film______2,0
The Couriers_Javier Grillo-Marxuach_Film_4 20 2008_____,0
"The Courier_Michael Brandt, Derek Haas_Film_12 5 1997_____",2
"The Courier_Michael Brandt, Derek Haas_Film_3 8 2002_____",2
The Covenant_J. S. Cardone_Film_8 8 2005__White___,2
"The Crazies_Scott Kosar, Ray Wright_Film_2 20 2007_____",3
"The Crazies_Scott Kosar, Ray Wright_Film_2 20 2007_____1",3
The Crazy Ones -  Pilot _David E. Kelley_Film_1 8 2013__Writer's Draft___,2
"The Croods_Kirk DeMicco, Chris Sanders_Film_12 12 2012_____",0
The Crook Factory_Nicholas Meyer_Film______1,0
The Crow  2037_Robert W. Zombie_Film_7 24 1997_____,3
The Crow 3  Resurrection_Steven E. de Souza_Film_4 19 1997__Revised Draft___,3
The Crow 3  Salvation_Chip Johannessen_Film_4 16 1998_____1,2
The Crowd_JH_Film______,0
The Crow_Cliff Dorfman_Film_1 31 2013_____,0
The Crow_David Schow_Film_9 14 1992_____,3
The Crow_David Schow_Film_9 14 1992_____2,3
The Crying Game_Neil Jordan_Film______,0
The Culling_Stephen Herman_Film______,2
The Curious Case of Benjamin Button_Eric Roth_Film_10 30 2007__White-Tan Revisions Shooting Script___,2
The Current War_Michael Mitnick_Film_10 17 2011_____1,0
"The Curse of La Llorona_Mikki Daughtry, Tobias Iaconis_Film_6 6 2015__Draft 8_FKA -  La Llorona __",0
"The Curse of Medusa_J Lee, Tom Welch_Film_7 1 2009_____",3
The Curse of the Cat People_DeWitt Bodeen_Film_9 4 1943__Final Script___1,0
The Damned United_Peter Morgan_Film_7 2 2008_____,1
The Danish Girl_Lucinda Coxon_Film_4 27 2007__Revised___,1
The Danish Girl_Lucinda Coxon_Film______1,1
The Dark Crystal II by Annette Duffy and David Odell April 15 2005__Film______,0
"The Dark Knight Rises_Jonathan Nolan, Christopher Nolan_Film______1",3
"The Dark Knight Rises_Jonathan Nolan, Christopher Nolan_Film______3",3
The Dark Knight_Unlisted_Film__Contour Structure Report____,2
The Dark Knight_Unlisted_Film__Production Notes____,1
The Darkening_J. G. Pile_Film______1,3
The Dark_Chad Handley_Film______,0
"The Dawn Patrol_Seton I. Miller, Dan Totheroh_Film_3 14 1930__Revised Shooting Script___",2
The Day the Clown Cried_Jerry Lewis_Film_3 1 1972__Shooting Script___,3
"The Day the Clown Cried_Joan O'Brien, Charles Denton_Film______1",3
The Day the Earth Stood Still_Scott Derrickson_Film______1,2
The Day the Earth Stood Still_Scott Derrickson_Film______2,2
The Days Before_Chad St. John_Film_1 17 2009_____,3
The Days Before_Chad St. John_Film_1 9 2009_____,3
The Days Before_Chad St. John_Film___2nd Draft___1,3
The Days We Met_Sarah Tarkoff_Film______,1
The Death Artist_Unlisted_Film______,0
"The Death of Stalin_Armando Iannucci, David Schneider_Film_5 20 2016__Production Draft___",3
"The Debt_Matthew Vaughn, Jane Goldman, Peter Straughan_Film_2 1 2008_____",0
"The Debt_Matthew Vaughn, Jane Goldman, Peter Straughan_Film_2 1 2008_____1",0
"The Debt_Matthew Vaughn, Jane Goldman, Peter Straughan_Film_3 26 2009__Pink Revisions Shooting Script___",2
The Debt_Unlisted_Film_2 1 2008_____,0
"The Decoy Bride_Neil Jaworski, Sally Phillips_Film_4 1 2010_____",2
"The Decoy Bride_Sally Phillips, Neil Jaworski_Film______1",2
"The Deep Blue Good-By_Dennis Lehane, Scott Frank, James Mangold_Film_1 27 2015__Revised___",0
"The Deep Blue Good-By_Dennis Lehane, Scott Frank_Film_8 25 2014__Revised___",2
The Deer Hunter_Deric Washburn_Film_1 1 1978__Shooting Script___,0
The Deer Hunter_Michael Cimino_Film_6 7 1977__Final Draft___1,3
The Defender_E. Nicholas Mariani_Film_Wed Aug 01 2018 00 00 00 GMT-0500 (Central Daylight Time)_____,1
"The Demolished Man_Brian DePalma, John Farris_Film______1",3
"The Demolished Man_Brian DePalma, John Farris_Film______5",3
The Departed_William Monahan_Film_7 7 2006__Tan Revisions Shooting Script___,3
The Departed_William Monahan_Film_9 1 2006__Shooting Script___,2
"The Descendants_Alexander Payne, Nat Faxon, Jim Fash_Film_4 11 2010__Pink Revisions Shooting Script___",1
The Descent  Part 2_James Watkins_Film_1 26 2008__Revised_FKA -  The Descent 2 __,3
The Descent_Neil Marshall_Film_9 3 2004__Revised_FKA -  The Dark __,3
The Descent_Neil Marshall_Film_9 3 2004__Revised_FKA -  The Dark __1,3
The Descent_Neil Marshall_Film_9 3 2004__Revised_FKA -  The Dark __2,3
The Descent_Neil Marshall_Film______1,3
The Details_Jacob Aaron Estes_Film_4 26 2009__2nd Production Draft___,3
The Detail_Jacob Aaron Estes_Film_6 12 2008__2nd Draft___,1
The Devil and the Deep Blue Sea_Mark Hogan_Film______2,2
The Devil and the Deep Blue Sea_Robbie Pickering_Film______,3
The Devil Herself_Colin Bannon_Film______,3
The Devil in the White City_Christopher Kyle_Film_1 11 2005__Revised___,1
The Devil in the White City_Graham Moore_Film_3 16 2013_____,0
The Devil in the White City_Graham Moore_Film_3 16 2013_____1,0
The Devil Wears Prada_Aline Brosh McKenna_Film_12 9 2005__Salmon Revisions Shooting Script___,0
"The Devil's Advocate_Jonathan Lemkin, Tony Gilroy_Film_1 18 1997__Revised Shooting Script___",1
"The Devil's Advocate_Jonathan Lemkin, Tony Gilroy_Film_1 18 1997__Revised Shooting Script___1",1
The Devil's Breath_James Moorer_Film______,0
"The Devil's Punchbowl_Alex Schenker, Max Schenker_Film______",0
The Devil's Rejects_Rob Zombie_Film______,3
The Devil's Workshop_Katherine Botts_Film_Tue Mar 01 2016 00 00 00 GMT-0600 (Central Standard Time)_____,3
The Devils complete__Film______,2
"The Devvil All the Time_Antonio Campos, Paulo Campos_Film_7 22 2018_____",3
The Diamond as Big as the Ritz_Cody Behan_Film_11 23 2018_____,0
The Dionaea House_Eric Heisserer_Film____FKA -  The Occupants __1,0
The Disappearance Of Alice Creed_J Blakeson_Film_1 12 2009_____,3
"The Disappointments Room_Wentworth Miller, D. J. Caruso, Dean Georgaris_Film_8 8 2013__Revised___",0
The Disappointments Room_Wentworth Miller_Film_5 4 2011__1st Draft___,0
The Disappointments Room_Wentworth Miller_Film_5 4 2011__1st Draft___1,0
"The Disaster Artist_Scott Neustadter, Michael H. Weber_Film______",0
The Disciple Program_Tyler Marceca_Film_4 23 2012_____1,2
The Distinguished Gentleman_Marty Kaplan_Film_3 17 1992__Production Draft___,1
The Divide_Karl Mueller_Film____FKA -  Shelter __1,1
The Diving Bell and the Butterfly_Ronald Harwood_Film______,1
The Dogs of Babel_Jamie Linden_Film_1 15 2009___FKA -  Babel Crowley __,2
The Doom Generation_Gregg Araki_Film______,3
The Doors of Perception_Paul Schrader_Film_1 1 2000_____,0
"The Double Hour_Alessandro Fabbri, Ludovica Rampoldi, Stefano Sardo_Film_3 18 2014___FKA -  La doppia ora __",2
The Dreamers_Orson Welles_Film______1,0
The Drop_Dennis Lehane_Film_1 15 2013___FKA -  Animal Rescue __,2
The Eagle of the Ninth_Jeremy Brock_Film_1 1 2007_____,0
"The East_Zal Batmanglij, Brit Marling_Film_3 15 2010__2nd Draft___",2
"The East_Zal Batmanglij, Brit Marling_Film_8 19 2011__Draft 2.4___",2
The Echo_Eric Bernt_Film_4 5 2007_____,3
The Eden Project Part One  Eve_Christina Hodson_Film______,3
The Eden Project_Christina Hodson_Film______,3
The Edge of Seventeen_Kelly Fremon Craig_Film_1 3 2011___FKA -  Besties __,1
The Eel_Roberto Bentivegna_Film______1,2
"The Electrical Life of Louis Wain_Simon Stephenson, Will Sharpe_Film______",1
"The Elephant Man_Christopher De Vore, Eric Bergren, David Lynch_Film______",1
The End of the Tour_Donald Margulies_Film_3 8 2013_____1,1
The Escort_Justin Adler_Film___1st Draft___,0
The Escort_Justin Adler_Film______,0
The Evil Dead_Sam Raimi_Film_10 13 1979___FKA -  Book of the Dead __,3
The Evil Eye_Nick Morris_Film______,0
The Exorcist_William Peter Blatty_Film_1 1 1973__Shooting Script___,0
The Exorcist_William Peter Blatty_Film_1 1 1973__Shooting Script___1,0
The Exorcist_William Peter Blatty_Film_1 1 1973__Shooting Script___2,0
The Exorcist_William Peter Blatty_Film______,0
The Expandables_Sylvester Stallone_Film_12 4 2008__1st Draft___,3
The Expansion Project_Leo Sardarian_Film_9 20 2017_____,3
"The Expendabelles_Karen McCullah, Kirsten Smith_Film_10 16 2013_____",0
"The Expendables 3_Creighton Rothenberger, Katrin Benedikt, Sylvester Stallone_Film_7 22 2013__Working Draft___",3
"The Expendables 3_Creighton Rothenberger, Katrin Benedikt, Sylvester Stallone_Film_7 22 2013__Working Draft___1",3
The Expendables_unlisted_Film_5 11 2009_____,3
"The Extra Man_Robert Pulcini, Jonathan Ames, Shari Springer Berman_Film_12 10 2008_____",0
"The Fabelmans_Steven Spielberg, Tony Kushner_Film______",0
"The Factory_Morgan O'Neill, Paul Leyden_Film______",0
"The Faculty_Kevin Williamson, David Wechter, Bruce Kimmel_Film_3 3 1997_____",3
The Fallen Sparrow_Warren Duff_Film___Shooting Script___,0
The Fall_Christopher Cosmos_Film______,2
The Family Plan_David Coggeshall_Film_1 10 2021_____,0
The Family_Luc Besson_Film_1 31 2012___FKA -  Malavita __,1
The Farnsworth Invention_Aaron Sorkin_Film_4 7 2004_Play____,1
"The Fault in Our Stars_Scott Neustadter, Michael H. Weber_Film_8 21 2013__2nd Pink Revisions Shooting Script___",0
The Fifth Element_Luc Besson_Film______,0
The Fifth Nixon_Sharon Hoffman_Film______,1
"The Final Girls_M. A. Fortin, Joshua John Miller_Film_2 25 2011__Revised___",3
"The Final Girls_M. A. Fortin, Joshua John Miller_Film_2 25 2011__Revised___1",3
The Fire Inside_Barry Jenkins_Film______,1
The Fire Outside_Yumiko Fujiwara_Film______,0
The First Time_Jonathan Kasdan_Film_7 29 2010_____,1
The Fixer_Bill Kennedy_Film_12 6 2012_____,3
The Flamingo Thief_Michael LeSieur_Film_5 18 2011_____,1
The Flash_Chris Brancato_Film_9 4 2007__Studio Draft___,3
"The Flash_Greg Berlanti, Michael Green, Marc Guggenheim_Film_2 16 2011_____",0
The Flight of the Nez Perce_E. Nicholas Mariani_Film______,3
The Flight of the Nez Perce_E. Nicholas Mariani_Film______1,3
The Flintstones_Steven E. de Souza_Film_9 1 1987__Early Draft___,1
"The Florida Project_Sean Baker, Chris Bergoch_Film_7 31 2016__Final Production Draft___",2
The Fly Fisher_Michael L. Hare_Film______,2
"The Fly_David Cronenberg, Charles Edward Pogue_Film_11 1 1985_____",0
The Followed_Nolan Treaty_Film_8 25 2014_____,2
The Fourth Kind_Olatunde Osunsanmi_Film_9 12 2007__Revised___,3
The Fourty Year Old Version_Radha Blank_Film_8 4 2019_____,0
"The French Connection_Ernest Tidyman, William Friedkin_Film_4 26 1971_____",2
"The French Dispatch of the Liberty, Kansas Evening Sun_Wes Anderson_Film_5 29 2020__FYC___",2
The French Quarter Will Not Be Spared_Anthony Jaswinski_Film_Fri Sep 21 2018 00 00 00 GMT-0500 (Central Daylight Time)__1st Draft___,3
The French Teacher_Unlisted_Film______,3
"The Frighteners_Fran Walsh, Peter Jackson_Film_7 20 1994__3rd Draft___",2
The Fuck It List_C. Barbaret_Film______,0
The Fugitive_David Twohy_Film_2 1 1992__Early Draft___,2
The Fugitive_Jeb Stuart_Film_1 22 1993__Revised___,2
The Fugue_Paul Schrader_Film_7 7 2003__1st Draft_FKA -  Recall __,2
The Further Adventures of Doc Holliday_Chad St. John_Film_11 3 2007_____,3
"The Future King_Ethan Reiff, Cyrus Voris_Film_4 16 1999___FKA -  Nottingham __",3
The Gadabout_Ross Evans_Film_4 12 2017__2nd Draft___,3
The Gambler_William Monahan_Film_1 19 2004_____,0
The Gambler_William Monahan_Film_3 5 2012__1st Draft___,0
The Gambler_William Monahan_Film_3 5 2012__1st Draft___1,0
"The Game of 1940_David Seidler, Luca Manzi_Film_12 14 2011__First Draft___",0
"The Game_John Brancato, Michael Ferris, Larry Gross, Andrew Kevin Walker_Film_2 8 1996_____",3
"The Game_John Brancato, Michael Ferris, Larry Gross, Andrew Kevin Walker_Film_4 11 1996_____",2
"The Game_John Brancato, Michael Ferris_Film_1 7 1992_____",3
The Gardener_Alyssa Jefferson_Film____FKA -  The Gardener __,2
The Gary Coleman-Emmanuel Lewis Project_Dan Fogelman_Film_10 3 2008_____,0
"The Gentlemen_Guy Ritchie, Marn Davies, Ivan Atkinson_Film_9 29 2018___FKA -  Toff Guys __",2
"The German Lieutenant_Stanley Kubrick, Richard Adams_Film______",0
THE GETAWAY_Mario Kyprianou & Becky Leigh (1st Draft)_Film______,0
The Getaway_Walter Hill_Film_2 23 1972__Revised Shooting Script___,0
"The Ghost & The Wolf_Rylend Grant, Dikran Ornekian_Film______",3
"The Ghost and Mr. Chicken_Jim Fritzell, Everett Greenbaum_Film_6 17 1965_____",0
"The Ghost and the Wolf_Rylend Grant, Dikran Ornekian_Film______",3
The Ghost Ship_Donald Henderson Clarke_Film_8 17 1943__Shooting Script___,2
The Gift_Joel Edgerton_Film_5 1 2014___FKA -  Weirdo __,2
The Girl on the Train_Erin Cressida Wilson_Film______,3
"The Girl Who Played With Fire_Shaun Woods, Steven Zaillian_Film_Wed May 21 2014 00 00 00 GMT-0500 (Central Daylight Time)__1st Draft___",2
The Girl with Something Extra_Terrence Michael_Film______,0
The Girl With Something Extra_Terrence Michael_Film______1,0
The Girl with the Dragon Tattoo_Steven Zaillian_Film______,0
The Girl With The Red Riding Hood_David Leslie Johnson_Film_7 16 2009__Revised 1st Draft___1,3
The Girl_Gwyneth Hughes_Film_1 13 2012_____,2
The Girl_Gwyneth Hughes_Film_1 8 2012__Revised___,2
"The Giver_Vadim Perelman, Michael Mitnick_Film_1 20 2013_____",1
"The Godfather  Part II_Mario Puzo, Francis Ford Coppola_Film_9 24 1973__2nd Draft___",2
"The Godfather_Mario Puzo, Francis Ford Coppola_Film______",2
The Golden Compass_Chris Weitz_Film______,0
"The Golden Record_Aaron Kandell, Jordan Kandell_Film______1",1
The Good Dinosaur_Meg LeFauve_Film_10 26 2015_____,0
"The Good Neighbor_Mark Bianculli, Jeff Richard_Film_1 5 2012___FKA -  The Waiting __",2
"The Good Neighbour_Julie Gray, J. P. Smith_Film______",0
The Good Nurse_Krysty Wilson-Cairns_Film______,0
"The Good, The Bad and The Undead_John Heffernan_Film_7 28 2008_____",3
The Goonies II  Never Say Die_Brenton LaFleur_Film______,0
The Gorge_Zach Dean_Film______,2
The Graduate_Buck Henry_Film_3 29 1967__Final Draft___,2
The Grapes of Wrath_Nunnally Johnson_Film_1 1 1940__Shooting Script___,0
"The Gray Man_Joe Shrapnel, Anna Waterhouse_Film_10 29 2016__Revised 3rd Draft___",0
"The Great Gatsby_Baz Luhrmann, Craig Pearce_Film______",0
The Great Gilly Hopkins_David L. Paterson_Film_3 5 2014_____,0
The Great Pacman War of 1982_Joe Johnson_Film______,0
The Great Unknown_Paul Attanasio_Film_1 12 1996__Revised Draft___,1
"The Greatest Showman_Jenny Bicks, Jordan Roberts, Bill Condon, Jonathan Tropper_Film_4 20 2015__Revised Draft___",1
The Green Hornet_John Fusco_Film_3 21 2000__Revised___,0
The Green Hornet_John Fusco_Film_3 21 2000__Revised___1,0
"The Green Inferno_Eli Roth, Guillermo Amoedo_Film___Shooting Script___",3
The Green Knight_David Lowery_Film______,2
The Green Mile_Frank Darabont_Film_11 4 1997__1st Draft___,3
The Green Mile_Frank Darabont_Film_11 4 1997__1st Draft___1,3
"The Grey_Joe Carnahan, Ian Mackenzie Jeffers_Film_6 21 2007_____",3
"The Grey_Joe Carnahan, Ian Mackenzie Jeffers_Film_6 21 2007_____1",3
"The Grey_Joe Carnahan, Ian Mackenzie Jeffers_Film_6 21 2007_____2",3
The Grid_Charlie Stickney_Film______,2
The Group_Jake Wade Wall_Film_3 10 2008_____,3
The Grown Up_Natalie Krinsky_Film_8 11 2017_____,0
The Grudge_Stephen Susco_Film_1 26 2004__Blue Revisions Production Draft___,0
"The Guardians of Ga'Hoole_John Orloff, John Collee, Emil Stern_Film_11 6 2008_____",0
The Guard_John Michael McDonagh_Film_10 9 2009__Shooting Script___,0
"The Gun Eaters_Alex Paraskevas, Jordan Goldberg_Film_2 14 2011_____",3
"The Gunman_Pete Travis, Andrew Baldwin, Scott Silver_Film_5 1 2013___FKA -  Prone Gunman __",3
"The Gunman_Pete Travis, Andrew Baldwin, Scott Silver_Film_5 1 2013___FKA -  Prone Gunman __1",3
The Gunslinger_John Hlavin_Film______,2
"The Guys' Girl_Nick Confalone, Neal Dusedau_Film_2 9 2009_____",0
The Half of It_Alice Wu_Film_4 8 2019__Blue Revised Shooting Script___,1
The Half of It_Alice Wu_Film______,1
The Hand of God_Paolo Sorrentino_Film______,0
"The Hangover_Jon Lucas, Scott Moore_Film_9 30 2007_____1",0
"The Hangover_Jon Lucas, Scott Moore_Film_9 30 2007_____3",0
The Happy Prince_Rupert Everett_Film______,0
The Happytime Murders_Todd Berger_Film_11 24 2008__White Revision___,0
"The Harder They Fall_Jeymes Samuel, Boaz Yakin_Film______",3
"The Harvard Zombie Massacre_Dan Hernandez, Benji Samit_Film___2nd Revision 1st Draft___",3
The Harvester_Nick Morris_Film______,0
The Has-Been_Brad Ingelsby_Film_2 1 2017_____,0
The Haunted Mansion_David Berenbaum_Film_7 19 2002__1st Revised Draft___,0
The Haunting in Connecticut 2  Ghosts of Georgia_David Coggeshall_Film_5 26 2009___FKA -  The Haunting in Georgia __,3
The Hauntrepreneur_Scott Rosenberg_Film_5 1 2011_____,0
The Help_Tate Taylor_Film______,0
The Hidden_Jim Kouf_Film_1 12 1987__Shooting Script___,3
The Highest Bid_Gary Spinelli_Film______,3
"The Highwaymen_John Fusco, Scott Frank, John Lee Hancock_Film_5 28 2008__Revised Draft___",2
"The Hills Have Eyes II_Wes Craven, Jonathan Craven_Film_6 16 2006_____",1
The Hills Have Eyes_Wes Craven_Film_1 1 1976___FKA -  Blood Relations  The Sun Wars __,3
The Hills Have Eyes_West Craven_Film_1 1 1976___FKA -  Blood Relations  The Sun Wars __,3
"The Hitch-Hiker_Ida Lupino, Collier Young_Film_6 5 1952__2nd Revision Final Draft_FKA -  The Difference __",2
The Hitman's Bodyguard_Tom O'Connor_Film_2 7 2011_____2,0
The Hoax_William Wheeler_Film______,3
"The Hobbit  The Desolation of Smaug_Fran Walsh, Philippa Boyens, Peter Jackson_Film_11 22 2013__5th Draft___",2
The Holdovers Read The Screenplay__Film______,2
The Hole_Mark L. Smith_Film_12 17 2008__Yellow Revisions___,2
"The Holidater_Christina Huntington, Daniel Maddox_Film______",1
The Hollars_James C. Strouse_Film______,0
The Horror of Dracula_Jimmy Sangster_Film_1 1 1958_____,0
The Hospital_Paddy Chayefsky_Film_1 1 1971__Shooting Script___,2
The Hospital_Paddy Chayefsky_Film_1 1 1971__Shooting Script___1,3
The Hospital_Paddy Chayefsky_Film_1 1 1971__Shooting Script___2,2
The Hospital_Paddy Chayefsky_Film_1 1 1971__Shooting Script___3,3
"The Host_Andrew Niccol, Susanna White_Film_2 14 2011_____",0
The House in the Crooked Forest_Ian Shorr_Film_3 22 2022_____,3
The House is Not For Sale_Roy Parker_Film_1 27 2019_____,2
"The House of Usher_Jonathan Gems, Tim Burton_Film______",3
The House of Vile Spirits_Lon Turner_Film______,2
The House with the Purple Door_Nneka Samuel_Film______,1
The How-To Guide for Saving the World_BenDavid Grabinski_Film______,3
"The Hudsucker Proxy_Joel Coen, Ethan Coen, Sam Raimi_Film_9 1 1992_____",2
The Humans_Stephen Karam_Film______,1
The Hundred-Foot Journey_Steven Knight_Film_4 26 2013_____,0
The Hundred-Foot Journey_Steven Knight_Film_4 26 2013_____1,0
"The Hunger Games_Suzanne Collins, Billy Ray_Film_8 7 2010__1st Draft___",0
The Hungry Rabbit Jumps_Robert Tannen_Film______,3
The Hunted_JF Lawson_Film_3 8 94_____,3
The Hunting Party_Richard Shepard_Film_12 9 2005_____,0
The Hurt Locker_Mark Boal_Film_6 7 2007__Shooting Script___,0
The Hurt Locker_Mark Boal_Film___Revised 1st Draft___,0
"The Hustler_Sidney Carroll, Robert Rossen_Film_1 1 1961__Shooting Script___",1
"The Hypnotist_Tod Browning, Waldemar Young_Film_7 16 1927__2nd Draft_FKA -  London After Midnight __",2
"The Ice Harvest_Robert Benton, Richard Russo_Film_2 22 2004_____",2
"The Iceman_Morgan Land, Ariel Vroman_Film_7 20 2010_____",3
"The Iceman_Morgan Land, Ariel Vroman_Film_7 20 2010_____1",3
"The Idea of You_Michael Showalter, Jennifer Westfeldt_Film______",1
"The Ides of March_George Clooney, Grant Heslov, Beau Willimon_Film______",0
"The Ides of March_George Clooney, Grant Heslov, Beau Willimon_Film______1",0
The Illusionist_Neil Burger_Film_10 2 2003_____,0
"The Imaginarium of Doctor Parnassus_Terry Gilliam, Charles McKeown_Film_5 26 2007_____",0
"The Imaginarium of Doctor Parnassus_Terry Gilliam, Charles McKeown_Film______",0
The Imitation Game_Graham Moore_Film______,2
The Imitation Game_Graham Moore_Film______1,2
The Imitation Game_Graham Moore_Film______2,2
"The Inbetweeners_Damon Beesley, Iain Morris_Film_2 5 2011__Pink Revisions Shooting Script___",1
The Incredible Hulk_Zak Penn_Film_5 13 2007__1st Draft___,0
"The Incredible Shrinking Man_Richard Matheson, Richard Alan Simmons_Film______",2
The Infiltrator_Ellen Furman_Film_1 26 2015__Director's Draft___,1
The Infiltrator_Joshua Zetumer_Film_4 9 2007_____2,2
The Infiltrator_Joshua Zetumer_Film_6 5 2007__Revised___,2
The Infiltrator_Joshua Zetumer_Film_6 5 2007__Revised___1,2
The Infinity Reel_Adam D'Alba_Film______,3
The Informant!_Scott Z. Burns_Film______1,2
"The Informers_Bret Easton-Ellis, Nicholas Jarecki_Film______",2
"The Innocents_Truman Capote, William Archibald_Film_2 1 1961_____",2
The Insider_Eric Roth_Film_8 26 1997__1st Draft___,0
The Instigators_Chuck MacLean_Film______,0
"The Internship_Vince Vaughn, Jared Stern_Film_3 16 2012___FKA -  Interns __",1
The Intern_Nancy Meyers_Film_1 1 2014_____,1
The Interview_Dan Sterling_Film______,3
The Introvert's Playlist_Rachel Woolley_Film______,0
"The Invention of Lying_Ricky Gervais, Matthew Robinson_Film_6 8 2007___FKA -  This Side of the Truth __",0
"The Invisible Boy_Alessandro Fabbri, Ludovica Rampoldi, Stefano Sardo_Film_1 16 2013__3rd Draft___",2
The Invisible Man_David S. Goyer_Film_1 26 2010__Revised___,3
The Invisible Woman_Abi Morgan_Film_6 11 2012__Blue Revisions___,1
"The Invitation_Phil Hay, Matt Manfredi_Film_6 13 2014__FYC - Green Revisions___",1
"The Invitiation_Phil Hay, Matt Manfredi_Film_1 8 2010_____",1
The Irishman_Steve Zaillian_Film_9 15 2009_____,2
The Irishman_Steven Zaillian_Film___Final Shooting Script___,0
"The Iron Giant_Tim McCanlies, Brad Bird, Brent Forrester_Film_7 11 1997__Revised___1",0
The Iron Lady_Abi Morgan_Film___FYC___,1
The Iron Man_Jeff Vintar_Film_8 1 1997__2nd Draft___1,2
"The Island of Dr. Moreau_Richard Stanley, Michael Herr, Walon Green_Film_4 26 1994__Revised___",0
The Isolate Thief_Kevin Lefler_Film______1,3
"The Italian Job_Donna Powers, Wayne Powers_Film_12 21 2001_____",2
"The Italian Job_Donna Powers, Wayne Powers_Film_12 21 2001_____1",2
The Jacket_Massy Tadjedin_Film_4 15 2003_____,0
The Jaguar's Fang_Mikko Tormala_Film______,0
The Jehovah contract_Victor Koman_Film_9 1 2007_____,3
The Jetsons_Adam F. Goldberg_Film_3 30 2007_____,1
The Join_Justin Rhodes_Film______,2
The Jumper of Maine_Andrew Lanham_Film______,0
The Junior Executive_Noah Haidle_Film______,0
The Karate Kid Part III_Alan Ormsby_Film_1 17 1988__1st Draft_FKA -  Karate Kid III __,2
The Keeping Room_Julia Hart_Film_12 16 2013_____,3
The Keeping Room_Julia Hart_Film_6 9 2012_____,3
The Keep_Ehren Kruger_Film_7 9 2008_____,0
The Key Man_Joby Harold_Film_1 28 2011_____,0
"The Keys to the Streets_Christopher Nolan, Michael Stokes, Andrew Shaw_Film_8 28 2012_____",0
"The Keys to the Street_Christopher Nolan, Michael Stokes_Film_8 18 2000__Revised Draft___",0
"The Keys to the Street_Christopher Nolan, Michael Stokes_Film_8 19 2000__Revised Draft___",0
"The Kids are All Right_Lisa Cholodenko, Stuart Blumberg_Film_3 1 2009_____",1
"The Kids are All Right_Lisa Cholodenko, Stuart Blumberg_Film_3 1 2009_____1",1
"The Kids are All Right_Lisa Cholodenko, Stuart Blumberg_Film_8 3 2009__Goldenrod Revision___",0
"The Kids are All Right_Lisa Cholodenko, Stuart Blumberg_Film_Mon Aug 03 2009 00 00 00 GMT-0500 (Central Daylight Time)__Goldenrod Revision___1",0
"The Kids are All Right_Lisa Cholodenko, Stuart Blumberg_Film______",1
The Kid_Kevin Lewis_Film_4 28 2009__Pink Pages Shooting Script___,0
"The Killer Inside Me_John Curran, Michael Winterbottom_Film_10 6 2018__2nd Draft___",0
The Killer Inside Me_John Curran_Film_10 6 2018__2nd Draft___,0
The Killer_Walter Hill_Film_4 6 1992_____,3
The Killer_Walter Hill_Film_4 6 1992_____1,3
The Killing Gene_Unlisted_Film______,3
"The Killing of a Sacred Deer_Yorgos Lanthimos, Efthymis Filipou_Film______",1
The Killing of Apollo_Jorge Osvaldo_Film_Tue Aug 20 2013 00 00 00 GMT-0500 (Central Daylight Time)__9th Draft___,3
The Kindergarten Teacher_Sara Colangelo_Film_Thu Aug 10 2017 00 00 00 GMT-0500 (Central Daylight Time)__Revised Green Version___,1
The King of Comedy_Paul D. Zimmerman_Film_12 15 1976_____,1
The King of Comedy_Paul D. Zimmerman_Film_5 22 1981__Final___,1
The King of Comedy_Paul D. Zimmerman_Film_7 22 1981__Final Draft___,0
"The King of Late Night_Patti Vasquez, Kevin Cleary_Film______",1
The King of LA_Chris Bremner_Film______,0
"The King of Staten Island_Judd Apatow, Pete Davidson, Dave Sirus_Film_6 3 2019_____",0
The King's Fool_Marcos Vaz_Film______,0
The King's Speech_David Seidler_Film_1 1 2010__FYC___,1
The King's Speech_David Seidler_Film_9 17 2008_____,0
"The Kingbreaker_Andrew Bozalis, Derek Mether_Film______",0
"The Kingbreaker_Andrew Bozalis, Derek Mether_Film______1",0
The Kingdom_Matthew Michael Carnahan_Film_4 26 2006_____,3
The Kingdom_Matthew Michael Carnahan_Film_8 18 2006___FKA -  Kingdom __,3
The Kings of Maine_Kathy Charles_Film______,0
"The King_David Michod, Joel Edgerton_Film______",3
"The Knick -  For Headache and Exhaustion _Jack Amiel, Michael Begler_Film_12 16 2012__Writers' Final Draft__1x01_",1
"The Knights Templar_Adam Torchia, Justin Stanley_Film______",3
"The Knights Templar_Adam Torchia, Justin Stanley_Film______1",3
"The Knoll_Christopher Cantwell, Christopher Rogers_Film_8 5 2011_____",3
"The Knoll_Christopher Cantwell, Christopher Rogers_Film_8 5 2011_____1",3
The Laborer_Jared Anderson_Film_11 11 2019_____,1
THE LADY IN RED__Film______,3
The Lady in the Van_Alan Bennett_Film______,2
The Lady in the Van_Alan Bennett_Film______1,2
The Lake House_David Auburn_Film_12 12 2003_____,0
The Land of Steady Habits_Nicole Holofcener_Film_Wed Aug 09 2017 00 00 00 GMT-0500 (Central Daylight Time)__Buff Revisions Shooting Script___,0
"The Last Airbender  Legend of Korra -  Beginnings, Part 1 _Mike DiMartino_Film_10 12 2011_Premise___2x07_",2
The Last Alchemist_Jake Disch_Film_5 8 2015_____,0
"The Last Black Man In San Francisco_Joe Talbot, Robert Richert_Film_4 11 2018_____",0
The Last Boy Scout_Shane Black_Film______,3
"The Last Castle_David Scarpa, Graham Yost_Film_8 21 2000__Polish___",2
The Last DJs_J. Patrick Rigney_Film___Final Draft___,3
"The Last Drop_Brandon Murphy, Phil Murphy_Film_9 29 2010___FKA -  Sobered Up __",1
"The Last Exorcism_Huck Botko, Andrew Gurland_Film______",0
"The Last of the Mohicans_Michael Mann, Christopher Crowe, John L. Balderston, Paul Perez, Daniel Moore_Film______",3
"The Last of the Mohicans_Michael Mann, Christopher Crowe_Film_11 29 1990__Revised 2nd Draft___",3
"The Last of the Mohicans_Michael Mann, Christopher Crowe_Film______",3
The Last of Us_Scott Lupar_Film_1 21 2015__2nd Draft___,3
The Last Ones Out_Avishai Weinberger_Film______,3
The Last Photograph_Kurt Johnstad_Film_10 10 2008_____,3
The Last Queen_Tim Macy_Film______,2
"The Last Samurai_John Logan, Edward Zwick, Marshall Herskovitz_Film_2 28 2003__Revised Final Shooting Draft___",3
The Last Seduction_Steve Barancik_Film_3 12 1993__Revised 1st Draft___,2
The Last Shot_Trevor Lanz_Film______,0
The Last Showgirl_Kate Gersten_Film_10 25 24_____,1
The Last Son of Isaac LeMay_Greg Johnson_Film_7 13 2010_____,3
The Last Son of Isaac LeMay_Greg Johnson_Film_7 13 2010_____1,3
"The Last Song_Nicholas Sparks, Jeff Van Wie_Film______",2
The Last Statesman_David Lambertson_Film______,0
The Last Station_Michael Hoffman_Film___FYC___,1
THE LAST TOWER_Aaron Sala_Film______,2
The Last Witch Hunter_Cory Goodman_Film_7 19 2013_____,3
"The Lazarus Effect_Luke Dawson, Jeremy Slater_Film_5 10 2013__Revised_FKA -  Lazarus __",3
"The Legend of Conan_Will Beall, Andrea Berloff_Film___3rd Studio Draft___1",3
The Legend of Spyro by The Altiere Bros. November 18 2008__Film______,0
"The Lego Movie_Chris Miller, Phil Lord_Film______",0
The Leonardo Job_David Twohy_Film_4 16 2011_____,2
The Leopard Man_Ardel Wray_Film_2 25 1943__Revised Shooting Script___,2
The Life of David Gale_Charles Randolph_Film_3 1 1998__1st Draft___,0
THE LIGHT AT THE END_Arun Croll_Film______1,2
The Light Between Oceans_Derek Cianfrance_Film_2 27 2014__2nd Draft___,1
The Lighthouse_Eric Kirsten_Film______2,1
"The Lighthouse_Robert Eggers, Max Eggers_Film___FYC___1",3
The Limey_Lem Dobbs_Film_8 3 1998_____,2
The Lincoln Lawyer_John Romano_Film_5 29 2009_____,0
"The Lion King_Irene Mecchi, Jonathan Roberts_Film_8 20 1993__Working Draft___",0
The Lionhunters_Will Beall_Film______,3
"The Little Mermaid_Ron Clements, John Musker_Film_7 9 1987_____",0
The Little Shop of Horrors_Howard Ashman_Film_2 14 1985__Revised___,2
The Little Shop of Horrors_Howard Ashman_Film_2 14 1985__Revised___1,2
The Little Things_John Lee Hancock_Film_11 19 2019__Green Draft___,2
"The Living Daylights_Richard Maibaum, Michael G. Wilson_Film_5 22 1986_____",2
"The Lobster_Yorgos Lanthimos, Efthimis Filippou_Film_4 30 2013_____",0
The Locket_Sheridan Gibney_Film_5 6 1946__Revised Final Draft_FKA -  What Nancy Wanted __,2
The Lonely Man_Sally J. Walker_Film_1 1 1998_____,3
The Long Good Friday_Barrie Keefe_Film____FKA -  The Paddy Factor __,0
The Long Kiss Goodnight_Shane Black_Film_2 24 1995__Revised___,3
The Long Night_John Wexley_Film_9 30 1946__Revised Shooting Script_FKA -  A Time to Kill __,2
The Long Run_Stephen Belber_Film_8 15 2007_____,1
The Long Shot_Dan Sterling_Film____FKA -  Flarsky __1,1
"The Lorax_Cinco Paul, Ken Daurio_Film_1 6 2012_____",0
"The Lord of the Rings  The Fellowship of the Ring_Fran Walsh, Philippa Boyens, Peter Jackson_Film______",3
"The Lord of the Rings  The Fellowship of the Ring_Fran Walsh, Philippa Boyens, Peter Jackson_Film______1",3
"The Lord of the Rings  The Return of the King_Fran Walsh, Philippa Boyens, Peter Jackson_Film_10 1 2003__Revised Final Draft___",0
"The Lord of the Rings  The Return of the King_Fran Walsh, Philippa Boyens, Peter Jackson_Film___Revised Final Draft___",0
"The Lord of the Rings  The Two Towers_Fran Walsh, Philippa Boyens, Peter Jackson, Stephen Sinclair_Film______",0
The Lost Boys  The Beginning_Eric Red_Film______,0
The Lost Boys_Jeffrey Boam_Film___Revised___,2
The Lost City of Z_James Gray_Film______,0
The Lost Daughter_Maggie Gyllenhaal_Film______,1
The Lost World  Jurassic Park_David Koepp_Film______,2
The Lost World  Jurassic Park_David Koepp_Film______1,3
The Lottery Ticket_Brian Jagger_Film_1 1 2013_____,1
The Low Dweller_Brad Ingelsby_Film_2 15 2008_____1,1
The Lunchbox_Ritesh Batra_Film______,2
"The Lusty Men_Horace McCoy, David Dortort_Film___Shooting Script_FKA -  This Man is Mine __",0
"The Magnificent Seven_Nic Pizzolatto, John Lee Hancock_Film_7 25 2013_____",3
The Magnificent Seven_Walter Newman_Film__Dialogue Continuity Script____,2
The Maiden Heist_Mike LeSieur_Film____FKA -  The Lonely Maiden __,2
The Maiden Heist_Mike LeSieur_Film______,2
The Majestic Fool_Richard Williams_Film_9 1 1969_____,0
"The Majestic_Michael Sloane, Frank Darabont_Film_6 18 2001__Revised Draft___",0
The Majestic_Michael Sloane_Film_10 14 1997__Revised Draft_FKA -  The Bijou __,1
The Man From Tomorrow_Jordan Barel_Film______,0
"The Man From U.N.C.L.E._Guy Ritchie, Lionel Wigram_Film_8 1 2012_____",0
"The Man in the Woods_Darren Grodsky, Danny Jacobs_Film______",2
The Man Who Knew Too Much_John Michael Hayes_Film_5 7 1955__Final Draft___,2
"The Manchurian Candidate_Dean Georgaris, Daniel Pyne_Film_8 18 2003_____",2
The Many Deaths of Barnaby James_Brian Nathanson_Film______,0
The Mark_Rob Liefeld_Film______,0
The Martian_Drew Goddard_Film_11 25 2013_____,0
The Martian_Drew Goddard_Film___Shooting Script___,0
"The Mask of Zorro_Ted Elliott, Terrio Rossio_Film_7 1 1996_____",0
"The Mask of Zorro_Ted Elliott, Terrio Rossio_Film_7 1 1996_____1",0
"The Masked Singer_Mike Jones, Nicholas Sherman_Film______",0
THE MASQUE OF THE RED DEATH_Charlie Polinger_Film______,0
"The Master's Will_Serita Stevens, Jim Potts_Film______",2
"The Matrix Coverage_Lana Wachowski, Lilly Wachowski_Film_2 4 1994_Script Coverage____",2
"The Matrix Reloaded_Lana Wachowski, Lilly Wachowski_Film_4 8 1999_____",3
"The Matrix_Lana Wachowski, Lilly Wachowski_Film_3 29 1998__Numbered Shooting Script___",3
"The Matrix_Lana Wachowski, Lilly Wachowski_Film_3 29 1998__Numbered Shooting Script___1",3
"The Matrix_Lana Wachowski, Lilly Wachowski_Film______",3
"The Mauritanian_M. B. Traven, Rory Haines, Sohrab NNoshirvani_Film_1 1 2020_____",2
"The Mayfly_Ryan Curtin, Todd Kirby_Film______",3
The Maze Runner_Noah Oppenheim_Film_6 10 2011_____,3
The Mechanic_Karl Gajdusek_Film_7 12 2009_____,2
The Meddler_Lorene Scafaria_Film_4 1 2015_____,1
The Meddler_Lorene Scafaria_Film_7 8 2014_____,1
"The Menu_Seth Reiss, Will Tracy_Film_10 29 2021__Goldenrod Revised Draft___",1
"The Menu_Seth Reiss, Will Tracy_Film_3 24 2019_____",1
"The Menu_Seth Reiss, WIll Tracy_Film______",0
The Mermaid_Noelle Liljedahl_Film_12 9 2019_____,2
The Middle Ages_Julie O'Hora_Film___5th Draft___,1
The Midnight Meat Train_Jeff Buhler_Film______,2
The Midnight Meat Train_Jeff Buhler_Film______1,2
The Midnight Pool_Jonathan Easley_Film______,2
The Mighty Ducks_Steven Brill_Film_8 9 1991__4th Rev._FKA -  Bombay __,0
"The Miracle Club_Jimmy Smallhorne, Timothy Prager, Josh Maurer_Film_7 19 2022_____",0
"The Miseducation of Cameron Post_Desiree Akhavan, Cecilia Frugiuele_Film______",1
The Missouri Breaks_Thomas McGuane_Film_5 6 1976__Combined Continuity Script___,2
The Mist_Dennis Etchison_Film______,2
The Mist_Frank Darabont_Film_12 5 2006__Revised 2nd Draft___1,1
"The Mitchells vs. The Machines_Mike Rianda, Jeff Rowe_Film______",1
The Modern Ocean_Shane Carruth_Film_6 27 2015_____,2
"The Monuments Men_George Clooney, Grant Heslov_Film_7 15 2012__4th Draft___",0
"The Moon and the Sun_Barry Berman, Laura Harrington, James Schamus_Film______",1
The Moon is a Harsh Mistress_Tim Minear_Film_10 20 2005_____,0
The Moskow Double_Edward Topol_Film___Draft___,2
"The Most Annoying Man in the World_Kevin Kopelow, Heath Seifert_Film_5 16 2008_____",0
The Most Dangerous Game_Christopher Godfrey_Film______,3
The Mother_Michael Notarile_Film______,3
The Mother_Misha Green_Film______,3
The Mother_Misha Green_Film______1,3
The Mouse Who Would Be King_Michael K. Snyder_Film______,1
"The Mummy  Curse of the Dragon_Alfred Gough, Miles Millar_Film_3 19 2007_____",0
"The Mummy  Curse of the Dragon_alfred Gough, Miles Millar_Film_3 19 2007_____1",0
The Mummy_Jon Spaihts_Film______,3
The Mummy_Stephen Sommers_Film______,3
The Muppet Man_Christopher Weekes_Film______,0
The Muppet Man_Christopher Weekes_Film______1,1
"The Muppets_Jason Segel, Nicholas Stoller_Film_10 30 2009___FKA -  The Greatest Muppet Movie of All Time __",1
"The Muppets_Jason Segel, Nicholas Stoller_Film_10 30 2009___FKA -  The Greatest Muppet Movie of All Time __1",1
The Murderer Among Us_Lori Gambino_Film_8 1 2008_____,3
The Museum of Broken Relationships_Natalie Krinsky_Film_5 17 2011_____,1
The Mysteries of Pittsburgh_Rawson Marshall Thurber_Film_3 17 2006_____,0
"The Natural_Roger Towne, Phil Dusenberry_Film_7 7 1983_____",2
"The Negotiator_James DeMonaco, Kevin Fox_Film_4 15 1996_____",3
The Neutral Corner_Justin Piasecki_Film______,2
The New Daughter_John Travis_Film_8 27 2007_____,3
The Next Three Days_Paul Haggis_Film_9 10 2009_____,2
The Night of The Hunter_James Agee_Film_1 1 1955_____,0
The Night Watch_Unlisted_Film_11 3 2010_____,2
The Nightmare Before Christmas_Caroline Thompson_Film_8 5 1991_____,0
The Nines_John August_Film_11 1 2006_____,0
"The Ninth Gate_Enrique Urbizu, Roman Polanski, John Brownjohn_Film_1 1 1999__Final Draft___",2
The Normal Heart_Larry Kramer_Film______,3
"The November Man_Michael Finch, Karl Gajdusek_Film_3 19 2013_____",2
THE NOWHERE GAME__Film______,3
The Number 23_Fernley Phillips_Film______,3
The Nun_Gary Dauberman_Film_Sun Jan 22 2017 00 00 00 GMT-0600 (Central Standard Time)_____,3
The Occasionally Interesting Anti-Adventures of an Unnamed Girl_Brian Nathanson_Film______,0
The Occasionally Interesting Anti-Adventures of an Unnamed Girl_Brian Nathanson_Film______1,0
The Old Man and the Gun_David Lowery_Film_2 8 2016_____,1
The Olsen0Gang  Egon Has a Plan_Joe Johansson_Film_9 12 2016__Production Script 3rd Draft___,1
"The Olympian_Alyssa Alexandria, Henry Gilroy_Film______",3
The Omega Man_John William Corrington_Film_7 18 1970_____,3
The Omega Man_Unlisted_Film______,3
The Only Lemon Tree on Mars_Chad Rouch_Film______,2
The Only Living Boy in New York_Allan Loeb_Film_1 27 2005_____,0
The Only Living Boy in New York_Allan Loeb_Film______,1
The Operative_Dax Messer_Film______,3
"The Oranges_Ian Helfer, Jay Reiss_Film______2",2
The Order_Zach Baylin_Film_4 30 23_____,3
The Other Boleyn Girl_Peter Morgan_Film_2 6 2006_____,1
The Other Boleyn Girl_Peter Morgan_Film______,1
"The Other Guys_Chris Henchy, Adam McKay_Film____FKA -  The Back Ups __",0
"The Other Guys_Chris Henchy, Adam McKay_Film____FKA -  The Back Ups __1",0
The Other Lamb_C. S. McMullen_Film______1,0
The Other Princess_Romi Moondi_Film______,1
The Other Side of the Wind_Orson Welles_Film______,1
The Others - Spanish_Alejandro Amenabar_Film______,1
"The Outlaw King_David Harrower, James MacInnes, David Mackenzie, Bathsheba Doran_Film_1 1 2017_____",3
"The Outrun_Nora Fingscheidt, Amy Liptrot_Film______",0
The Outsider_Andrew Baldwin_Film_6 1 2011___FKA -  Gaijin __,3
The Outsider_Andrew Baldwin_Film_6 1 2011_____,3
The Overlook Hotel_Glen Mazzara_Film______,0
The Overnight_Patrick Brice_Film_11 26 2012_____,1
"The Pack_Rose Gilroy, Alexander Skarsgard_Film_10 13 2022__Revised Draft___",1
"The Paperboy_Pete Dexter, Pedro Almodovar, Lee Daniels_Film_4 26 2011_____",3
"The Paradine Case_David O. Selznick, Ben Hecht_Film_1 1 1947__Shooting Script___",3
The Parallax View_David Giler_Film_1 13 1973__1st Draft___,2
The Patriot_Robert Rodat_Film_10 9 1998_____,3
The Patriot_Robert Rodat_Film_3 26 1999_____,0
The Patriot_Robert Rodert_Film_10 9 1998_____,3
The Patriot_Robert Rodert_Film_3 26 1999_____,0
The Pawn_Panagiotis Giokas_Film_3 3 2010_____,0
The Peak of Fear_Kevin Bachar_Film_Tue Nov 18 2014 00 00 00 GMT-0600 (Central Standard Time)_____,2
The Peak_Arthur Hills_Film______,3
"The Peanut Butter Falcon_Tyler Nilson, Michael Schwartz_Film______",0
"The Peanuts Movie_Craig Schulz, Bryan Schulz, Cornelius Uliano_Film_9 1 2015__Final Draft___",0
THE PEASANT_Will Dunn_Film______,3
The Perfect Bride 2_Rick Garman_Film_3 1 2018_____,1
The Perks of Being a Wallflower_Stephen Chbosky_Film_1 1 2012__Final Draft___,1
The Perks of Being a Wallflower_Steven Chbosky_Film_2 5 2010_____,1
THE PERSIAN VERSION _Maryam Keshavarz_Film______,0
"The Personal History of David Copperfield_Simon Blackwell, Armando Iannucci_Film_8 1 2018__Shooting Script___",0
"The Phantom of the Opera_Elliot Clawson, Raymond L. Schrock_Film_11 1 1924__5th Revised Shooting Script___",3
The Phantom_Jeffrey Boam_Film_8 24 1994__5th Draft___,0
The Pianist_Ronald Harwood_Film_1 1 1998__Final Draft___,3
The Piano_Jane Campion_Film_1 1 1991__4th Draft_FKA -  The Piano Lessons __,2
"The Place Beyond The Pines_Derek Cianfrance, Ben Coccio, Darius Marder_Film_9 26 2011__Final Draft___",0
"The Place Beyond The Pines_Derek Cianfrance, Ben Coccio_Film_Wed Apr 13 2011 00 00 00 GMT-0500 (Central Daylight Time)__D27___",0
The Plan_Berkley Johnson_Film_5 24 2005_____,1
"The Poison Squad_Joey DePaolo, Dreux Moreland_Film______",0
The Pool_Sam Hooper_Film______,2
The Postman Always Rings Twice_David Mamet_Film______,2
"The Postman_Brian Helgeland, Eric Roth_Film_11 4 1996__Early Production Draft___",0
The Power of One_Robert Mark Kamen_Film_2 1 1990_____,0
The Power of the Dog_Jane Campion_Film______,0
"The Predator_Shane Black, Fred Dekker_Film_4 17 2016__Revised Draft___",3
The Price is Right_Barry Schwartz_Film_7 22 2015_____,1
The Price of Liberty_Michael Russell Gunn_Film______,0
The Prince of Motor City_Jessica Goldberg_Film_3 26 2008_____,2
The Princess Bride_William Goldman_Film_1 1 1987__Shooting Draft___,3
The Prisoner_Unlisted_Film______,2
"The Private Life of Sherlock Holmes_Billy Wilder, I. A.L. Diamond_Film_8 25 1969__Original Roadshow Edition___",2
"The Private Life of Sherlock Holmes_Billy Wilder, I. A.L. Diamond_Film_8 25 1969__Original Roadshow Edition___1",2
"The Private Life of Sherlock Holmes_Billy Wilder, I. A.L. Diamond_Film_8 25 1969__Original Roadshow Edition___2",2
"The Producers_Mel Brooks, Thomas Meehan_Film_1 1 2005_____",1
The Producers_Mel Brooks_Film_3 1 1967_____,1
THE PROFIT_Ferguson WL_Film______,0
"The Promised Land_Judalina Neira, Jeff Perreca_Film______",0
The Promise_Christopher Morad Salmanpour_Film______,3
The Promotion_Steve Conrad_Film_4 4 2004___FKA -  Quebec __,0
The Promotion_Steve Conrad_Film_4 4 2004_____,1
"The Prom_Bob Martin, Chad Beguelinn_Film___FYC___",1
The Proposal_Pete Chiarelli_Film_6 16 2006_____,1
The Prospect_Ben Epstein_Film_2 25 2017_____,1
The Public_Emilio Estevez_Film_1 1 2017__Revised Shooting Draft___,0
The Purge  American Experiment_James DeMonaco_Film_4 4 2017_____,3
The Purge_James DeMonaco_Film_12 14 2011___FKA -  Vigilandia __,3
The Purge_James DeMonaco_Film_7 6 2011_____,3
The Pursuit of Happyness_Steve Conrad_Film_4 25 2005__Revised 1st Draft___,2
The Pursuit of Happyness_Steve Conrad_Film_4 25 2005_____,2
The Pursuit_Matt Johnson_Film_9 1 2011_____,3
The Quartermass Experiment_Nigel Kneale_Film______,2
"The Queen Mary_Jill Mazursky, John K Anderson_Film_5 1 2009_____",0
The Queen_Peter Morgan_Film______,2
The Quench_Kyle Marvin_Film______,0
The Quiet Ones_Tom de Ville_Film_5 29 2012_____,0
The Rabbit_Micah Barnett_Film______,3
"The Racket_William Wister Haines, W. R. Burnett_Film_Thu Jun 14 1951 00 00 00 GMT-0500 (Central Daylight Time)__Revised Shooting Script___",2
"The Raven_Hannah Shakespeare, Ben Livingston_Film_11 20 2006_____",3
The Relic_Amy Holden Jones_Film_3 16 1995_____,3
The Remains -  The Pilot _Randall Alexander_Film______,2
"The Rental_Dave Franco, Joe Swanberg_Film______",1
The Report_Scott Z Burns_Film___As-Produced Script___,2
The Repossession_Megan Amram_Film______,1
The Return of a Man Called Horse_Unlisted_Film_7 26 1976__Continuity Script___,2
The Revenant_Mark L. Smith_Film_8 9 2010_____,3
The Revenant_Mark L. Smith_Film_9 26 2007_____,2
The Revenant_Mark L. Smith_Film_9 26 2007_____1,2
The Revenant_Mark L. Smith_Film_Mon Mar 03 2008 00 00 00 GMT-0600 (Central Standard Time)_____,2
The Revisionist_Unlisted_Film______,1
The Rise of Theodore Roosevelt_Alex Ross Perry_Film______,0
The Rite_Michael Petroni_Film_4 12 2008_____,2
The Rite_Michael Petroni_Film_Wed Apr 16 2008 00 00 00 GMT-0500 (Central Daylight Time)_____,2
The Ritual_Joe Barton_Film_11 23 2015_____,3
The Ritual_Joe Barton_Film_7 24 2016__Fourth Draft___,3
"The Rocky Horror Picture Show  Let's Do the Time Warp Again_Jim Sharman, Richard O'Brien_Film______",0
The Rocky Horror Picture Show 2  Revenge of the Old Queen_Unlisted_Film______,1
"The Rocky Horror Picture Show_Jim Sharman, Richard O'Brien_Film______",1
"The Rock_David Weisberg, Douglas S. Cook_Film_10 10 1995__Revised___",3
The Rock_Jonathan Hensleigh_Film_10 10 1995__Revised___,3
The Romantics_Galt Diederhoffer_Film______,1
The Room Next Door_Pedro Almodovar_Film______,1
The Roommate_Sonny Mallhi_Film_11 19 2008_____1,0
The Roommate_Sonny Mallhi_Film_Wed Nov 19 2008 00 00 00 GMT-0600 (Central Standard Time)_____,0
The Room_Tommy Wiseau_Film______,2
The Room_Tommy Wiseau_Film______1,1
The Rosenthaler Suite_Wes Anderson_Film_Mon Aug 03 2009 00 00 00 GMT-0500 (Central Daylight Time)___FKA -  My Best Friend __,1
"The Royal Tenenbaums_Wes Anderson, Owen Wilson_Film_7 27 2000_____",2
"The Royal Tenenbaums_Wes Anderson, Owen Wilson_Film______",2
The Ruins_Scott Smith_Film_1 19 2007_____,2
The Rules of Attraction_Roger Avary_Film_3 3 2001_____,1
The Rules of Flushing_Joelle Sellner_Film______,3
The Runaways_Floria Sigismondi_Film_7 25 2008_____1,0
The Runaways_Floria Sigismondi_Film_Fri Jul 25 2008 00 00 00 GMT-0500 (Central Daylight Time)_____,0
The Runner_Jeffrey Doka_Film______,1
The Saint_Jonathan Hensleigh_Film_2 8 1995_____,0
The Salesman_Asghar Farhadi_Film___Shooting Script___,2
"The Samurai_Gavin O'Connor, Michael J. Wilson_Film_8 11 2011_____",3
"The Sandlot_David Mickey Evans, Robert Gunter_Film_6 10 1992_____",0
"The Saturday Night Ghost Club_Steve Desmond, Michael Sherman_Film_8 13 2020_____",0
The Savage South_Matt Williams_Film______,0
The Savages_Tamara Jenkins_Film_4 10 2006__Revised Draft___,0
"The Saviors_Kevin Hamedani, Travis Betz_Film_10 5 2017_____",0
The Science of Love and Laughter_Sam Baron_Film_4 28 2014_____,1
The Sea Kings_William Goldman_Film______,3
The Sea Kings_William Goldman_Film______1,3
The Sea of Trees_Chris Sparling_Film_1 1 2012_____1,0
The Searchers_Frank Nugent_Film_1 1 1956__Shooting Script___,2
"The Second Life of Ben Haskins_Matt Kic, Mike Sorce_Film______",1
"The Second Life of Ben Haskins_Matthew Kic, Mike Sorce_Film______",1
The Secret in Their Eyes_Billy Ray_Film______,3
"The Secret Life of Pets_Cinco Paul, Ken Daurio, Brian Lynch_Film______",0
The Secret Life of Walter Mitty_Steve Conrad_Film_3 16 2011_____,1
"The Secret Scripture_Jim Sheridan, Johnny Ferguson_Film______",0
The Seeker_Camrus Johnson_Film_6 12 2022_____,0
The Senator's Wife_Katherine Fugate_Film_3 17 2005__2nd Draft___,2
The Sessions_Ben Lewin_Film______,1
"The Seventh Victim_Charles O'Neal, DeWitt Bodeen_Film_4 30 1943__Shooting Script___",2
"The Shape of Water_Guillermo del Toro, Vanessa Taylor_Film_1 1 2016_____",0
The Shark Is Not Working_Richard Cordiner_Film______,3
The Shark is Not Working_Richard Cordiner_Film______1,3
"The Shave_Tom White, Miles Hubley_Film_6 11 2015_____2",3
The Shawshank Redemption_Frank Darabont_Film_1 1 1994__Shooting Draft___,0
The Shawshank Redemption_Frank Darabont_Film______,0
The Shawshank Redemption_Frank Darabont_Film______1,0
"The Shining_Stanley Kubrick, Diane Johnson_Film_7 1 1980__Post-Production Script___",3
The Shining_Stanley Kubrick_Film_Tue Jul 01 1980 00 00 00 GMT-0500 (Central Daylight Time)__Post Production Script___,3
The Showrunner_Cosmo Carlson_Film______,2
The Sidekick_Evan D. James_Film______,1
The Silence of the Hams_Ezio Greggio_Film_3 29 1993__Final Draft___,0
The Silence of the Lambs_Ted Tally_Film_10 6 1989__Shooting Script 4th Draft___,3
The Silence of the Lambs_Ted Tally_Film_7 28 1989__2nd Draft___1,0
The Silence of the Lambs_Ted Tally_Film______,3
The Silent Storm_Corinna Villari-McFarlane_Film_1 1 2013_____,0
The Simple Man_Derek Kolstad_Film___1st draft___,3
"The Sisters Brothers_Jacques Audiard, Thomas Bidegain_Film_Mon Mar 13 2017 00 00 00 GMT-0500 (Central Daylight Time)_____",2
"The Sisters Brothers_Jacques Audiard, Thomas Bidegain_Film______",2
The Sisters_Alexander Thompson_Film______,3
"The Sitter_Brian Gatewood, Alessandro Tanaka_Film_1 23 2009__1st Draft___",0
The Six Million Dollar Man_Kevin Smith_Film_9 1 1996__1st Draft___,0
The Six Million Dollar Man_Kevin Smith_Film_9 1 1996_____,0
The Sixth Sense_M. Night Shyamalan_Film______,0
The Sixth Sense_M. Night Shyamalan_Film______1,0
"The Skeleton Twins_Craig Johnson, Mark Heyman_Film_1 19 2012_____",0
The Slackfi Project_Hower Overman_Film_2 1 2011_____,3
The Sleep of Reason_Unlisted_Film______,2
The Sleeper Awakes_Matt Tente_Film_4 21 2017_____,0
The Social Network_Aaron Sorkin_Film_11 5 2009_____,2
The Social Network_Aaron Sorkin_Film______,2
The Soldier That Wagged Her Tail_Daniel Miska_Film______,0
The Something_Rodney Rothman_Film______,1
The Song of Names_Jeffrey Caine_Film_9 20 2018__Blue Draft___,2
"The Son_Florian Zeller, Christopher Hampton_Film______",1
The Sound of Christmas_Rick Garman_Film______,1
The Sound_Jared Battaglia_Film______,0
The Sound_William Wheeler_Film_8 8 2008__1st Draft___,2
The Space Between Us_Allan Loeb_Film____FKA -  Out of This World __,0
The Spanish Prisoner_David Mamet_Film_9 5 1996_____,1
The Special Program_Debora Cahn_Film_5 20 2013_____,2
"The Spectacular Now_Scott Neustadter, Michael H. Weber_Film_7 1 2012_____",1
"The Spectacular Now_Scott Neustadter, Michael H. Weber_Film_8 24 2010__2nd Draft___",1
"The Spellman Files_Bobby Florsheim, Josh Stolberg_Film_8 26 2008_____",0
"The Spellman Files_Bobby Florsheim, Josh Stolberg_Film_8 26 2008_____1",1
"The Spy Who Dumped Me_Susanna Fogel, David Iserson_Film_8 1 2016__1st Draft___",3
The Stand -  The Plague _Stephen King_Film_7 7 1992__1st Draft__1x01_,2
The Stand Part 1_Josh Boone_Film_Sun Mar 01 2015 00 00 00 GMT-0600 (Central Standard Time)_____,3
The Stand_Dave Kajganich_Film_5 17 2013__1st Draft___,0
The Stand_Dave Kajganich_Film_9 16 2013__1st Draft___,0
The Stand_Rospo Pallenberg_Film_3 1 1990__2nd Draft___,0
The Stanford Prison Experiment_Tim Talbott_Film_10 27 2005__1st Draft___,3
The Stepfather_Unlisted_Film_3 4 2008_____,0
The Stepford Wives_William Goldman_Film_3 27 1974__Shooting Script___,2
"The Still_Darren Brooks, Evan Brooks_Film_12 2 2011_____",0
"The Stoning of Soraya M._Betsy Giffen Nowrasteh, Cyrus Nowrasteh_Film_10 31 2007_____",0
The Storm_Brandon Bestenheider_Film______,3
"The Storm_Richard Taylor, Bryan Bagby_Film_5 13 2009_____",3
"The Straight Story_Mary Sweeney, John Roach_Film______",2
The Strangers  Prey at Night_Bryan Bertino_Film_4 7 2009___FKA -  The Strangers  Part 2 __1,3
The Strangers_Bryan Bertino_Film_10 31 2004__1st Draft___,2
The Strangers_Bryan Bertino_Film_10 31 2004__1st Draft___1,2
The Strangers_Bryan Bertino_Film_10 31 2004__1st Draft___2,2
"The Stranger_Anthony Veiller, Orson Welles, John Huston_Film_1 1 1946__Shooting Script___",2
THE STRATFORD WIFE_Sarah E. Sinclair_Film______,1
"The Stunt Man_Lawrence B. Marcus, Richard Rush_Film___Shooting Script_FKA -  The Stuntman __",3
The Stunt Man_Richard Rush_Film_3 14 1972_Script Notes__FKA -  The Stuntman __,0
The Stunt Man_Richard Rush_Film_6 16 1971_Structural Notes__FKA -  The Stuntman __,3
The Substance_Coralie Fargeat_Film______,0
The Substance_Coralie Fargeat_Film______1,0
The Sun Ghost_Arun Croll_Film_9 25 2018_____,3
The Sun Is Also A Star_Tracy Oliver_Film_12 10 2017_____,1
The Sunshine Ward_Neal McLaughlin_Film______,0
"The Superconducting Supercollider of Sparkle Creek_David Koepp, John Kamps_Film_9 21 2016_____",0
The Super_Sam Simon_Film_9 4 1990_____,0
"The Surrogate_Roderick Taylor, Bruce A. Taylor_Film_3 31 2008_____",3
The Survivalist_Stephen Fingleton_Film_3 3 2012_____1,2
The Survivalist_Stephen Fingleton_Film_3 30 2012_____,2
The Sweet Hereafter_Atom Egoyan_Film_1 1 1997_____1,0
The Swimsuit Issue_Randall Green_Film______1,1
The Talented Mr. Ripley_Anthony Minghella_Film_11 1 1999_____,1
The Talented Mr. Ripley_Anthony Minghella_Film_6 25 1998_____,1
The Tall Man_Pascal Laugier_Film_4 1 2010__Final Draft___,0
The Teller_Ben Ripley_Film_9 27 2023_____,2
"The Ten_Ken Marino, David Wain_Film_5 31 2006__Revised Pre-Prep Draft___",1
"The Ten_Ken Marino, David Wain_Film_5 31 2006_____",1
The Ten_Scott Rosenberg_Film______,3
"The Texas Chainsaw Massacre_Scot Kosar, Eric Bernt_Film_7 16 2002__Revised Draft___",2
"The Texas Chainsaw Massacre_Scot Kosar, Eric Bernt_Film_7 31 2002__Revised Draft___",2
The Thallus_Matthew Hirschhorn_Film_1 3 2014_____,0
The Theory of Everything_Anthony McCarten_Film_11 1 2013__Shooting Script___,1
The Theory of Invisibility_Aimee Pitta_Film______,0
"The Thief and the Cobbler_Richard Williams, Margaret French_Film_8 1 1990__Shooting Script___",0
The Thin Red Line_Terrence Malick_Film______,3
The Thin Red Line_Terrence Malick_Film______1,3
The Thing About Jellyfish_Molly Smith Metzler_Film_10 6 2017__Writer's 2nd Draft___,0
The Thing from Another World_Charles Lederer_Film_8 29 1950__Revised 1st Draft_FKA -  The Thing __1,2
The Thing from Another World_Charles Lederer_Film_8 29 1950__Revised 1st Draft_FKA -  The Thing __2,0
The Third Man_Graham Greene_Film______1,2
The Three Misfortunes of Geppetto_Michael Vukadinovich_Film______,0
"The Three Musketeers_David Loughery, Harley Peyton_Film_1 5 1993__Revised Draft___",0
"The Time Traveler's Wife_Bruce Joel Rubin, Dana Stevens_Film_7 13 2007__Revised Production Draft___",2
The Tip of the Spear_Martin Neilan_Film______,2
The Tip_Cooper McMains_Film_5 10 2019_____,0
The Toe_Mallory Westfall_Film______,0
"The Tokarev_James Agnew, Sean Keller_Film______",3
The Tomorrow War_Zach Dean_Film______,3
"The Tony Clifton Story_Andy Kaufman, Bob Zmuda_Film_1 1 1980__2nd Draft___",1
The Tourist_Clair Noto_Film_2 4 1981_____,1
"The Tourist_Julian Fellows, William Wheeler, Jeffrey Nachmanoff_Film_6 9 2008__Revised Draft___",0
"The Tourist_Julian Fellows, William Wheeler, Jeffrey Nachmanoff_Film_6 9 2008__Revised Draft___1",0
"The Tourist_Julian Fellows, William Wheeler, Jeffrey Nachmanoff_Film_6 9 2008_____",0
The Tower of Terror _DJ MacHale_Film______,0
The Town That Dreaded Sundown_Roberto Aguirre-Sacasa_Film_2 25 2013_____,3
"The Town_Peter Craig, Chuck Hogan, Ben Affleck, Aaron Stockard_Film_1 5 2009__Revised Draft___",3
"The Town_Peter Craig, Chuck Hogan, Ben Affleck, Aaron Stockard_Film_1 5 2009__Revised Draft___1",3
"The Town_Peter Craig, Chuck Hogan, Ben Affleck, Aaron Stockard_Film_5 20 2010__Revised Shooting Script___",2
The Toymaker's Secret_Alex Garland_Film_11 3 2017__Version 2___,2
The Tragedy of Macbeth_Joel Coen_Film_1 16 2020__Blue Revised Draft___,3
The Transformers -  The Movie _Ron Friedman_Film_4 27 1985__Completed Draft___,2
The Translation_Aaron Coffman_Film_5 3 2010_____,2
The Trial of the Chicago 7_Aaron Sorkin_Film_10 17 2007__3rd Pass 2nd Draft___,3
The Trial of the Chicago 7_Aaron Sorkin_Film______,2
"The Trouble with Bliss_Douglas Light, Michael Knowles_Film______",0
The Truman Show_Andrew M. Niccol_Film___Shooting Script___,2
The Truman Show_Andrew M. Niccol_Film______,2
The Twelve Dancing Princesses_Becca Gleason_Film_6 23 2022_____,0
The Twilight Saga  New Moon_Melissa Rosenberg_Film_12 21 2008__2nd Draft___,0
The Twilight Saga  New Moon_Melissa Rosenberg_Film_12 21 2008__2nd Draft___1,0
The Twin_Ellen Starkweather_Film______,0
The Two Jakes_Robert Towne_Film_2 27 1985__Revised 2nd Draft___,2
The Two Popes_Anthony McCarten_Film______,2
The U.S.P.S._Perry janes_Film______,0
The Umbra_Steven Karczynski_Film______,2
The Umbra_Steven Karczynski_Film______1,2
The Umbrella Academy_Mark Bomback_Film_9 3 2009_____2,0
"The Unbearable Weight of Massive Talent_Tom Gormican, Kevin Etten_Film_7 15 2019_____",1
The Unbelievable Truth_Hal Hartley_Film___Shooting Script___,0
The Unbelievables_Ed Solomon_Film_12 9 1987__1st Draft___,1
The Unborn_David S. Goyer_Film_11 4 2007___FKA -  Born __,0
The Unbound_Sam West_Film______,0
The United States vs Billie Holiday_Suzan-Lori Parks_Film___Final Picture Script___,1
The Usual Suspects_Christopher McQuarrie_Film_6 11 1994__Pink Revised___,3
The Usual Suspects_Christopher McQuarrie_Film_6 11 1994__Yellow Revised___,3
The Vault_Brian K. Vaughn_Film_1 1 2010_____,3
The Verdict_David Mamet_Film_1 27 1982__Final Draft with Revisions___,0
The Very Last Girl_Michael Duignan_Film_9 10 2012_____,2
The Villain_Andrew Ferguson_Film_11 1 2021_____,0
The Virginian_Michael Russell Gunn_Film______3,3
The Voices_Michael R. Perry_Film_7 24 2012__Production Draft Revised___,0
The Wackness_Jonathan Levine_Film______1,0
"The Walking Dead_Ewart Adamson, Peter Milne, Robert Hardy Andrews, Lillie Hayward_Film_1 1 1936__Shooting Script___",2
"The Ward_Michael Rasmussen, Shawn Rasmussen_Film_3 5 2009_____",3
The Watchers_Ishana Night Shyamalan_Film_1 2 2023_____,2
The Watch_Jared Stern_Film_8 7 2009___FKA -  Neighborhood Watch __,0
The Watch_Tim Guinee_Film______1,2
The Water Man_Emily Needell_Film______3,3
"The Way Back_Keith R. Clarke, Peter Weir_Film______1",0
The Way to Santiago_Orson Welles_Film_Tue Mar 25 1941 00 00 00 GMT-0600 (Central Daylight Time)__3rd Revision Continuity Draft___,2
The Way West_Unlisted_Film___Combined Continuity Draft___1,0
The Way You Remember Me_Geoff Roth_Film_4 9 2020_____,1
"The Wedding Crashers_Steve Faber, Bob Fisher_Film_8 1 2003_____",0
The Wedding_Andrew Goldberg_Film_9 14 2011__Studio Draft___,1
The Well_David Abram Nahmod_Film_12 2 2009_____,0
The Well_Raza Rizvi_Film_9 18 2019_____,3
The West is Dead_Andrew Baldwin_Film_8 3 2008_____2,3
"The Whale_Craig Mazin, Tim Talbott_Film___Writing as The Robotard 8000___1",1
The Whale_Samuel D. Hunter_Film_2 8 2014_____,2
The Whale_Samuel D. Hunter_Film_4 14 2021__Buff Draft___,0
The Wheelman_Frank Mugavero_Film_1 1 2000_____,3
"The Whistleblower_Eilis Kirwan, Larysa Kondracki_Film_8 3 2007_____1",2
"The White Circus_Chris Lavis, Maciek Szczerbowski_Film_5 11 2013_____",3
"The White Circus_Chris Lavis, Maciek Szczerbowski_Film__Presentation____1",2
The White Company_Nicholas Meyer_Film______1,2
The White Devils_Leon Hendrix III_Film______,3
The White Ribbon_Michael Haneke_Film______1,0
The White Room_Bryce McGuire_Film_2 27 2018_____,2
The Wife_Jane Anderson_Film_12 16 2016__Final Shooting Script___,1
"The Wild Bunch_Walon Green, Sam Peckinpah_Film_1 1 1969__Continuity Script___",3
The Wild Guns_T.S. Nowlin_Film_3 1 2011__1st Draft___,3
The Wild Ones_Tyler Shields_Film______2,1
The Wild Robot_Chris Sanders_Film______,0
The Wild Robot_Chris Sanders_Film______1,0
The Wild Wild West_Shane Black_Film______,0
The Wilding_Silka Luisa_Film_8 1 2015_____,2
The Wildness_Evan Dickson_Film______2,2
The Will O' Wisp_Evan Cooper_Film______,3
The Willow Groves_Nabil Chowdhary_Film_1 18 2015__3rd Draft___,2
The Window_Mel Dinelli_Film_Tue Oct 14 1947 00 00 00 GMT-0600 (Central Daylight Time)__Shooting Script___,2
The Winter Kills_Ben Carney_Film______2,3
The Witches of Eastwick_Michael Cristofer_Film_5 1 1986__Revised 2nd Draft___,0
The Witch_Robert Eggers_Film_10 11 2013___FKA -  The VVitch  A New-England Folktale __,3
"The Wizard of Oz_Noel Langley, Florence Ryerson, Edgar Allen Woolf_Film_1 1 1939__Shooting Script___",3
"The Wizard of Oz_Noel Langley, Florence Ryerson, Edgar Allen Woolf_Film_3 15 1939_____",0
The Wolf of Wall Street_Terrance Winter_Film______3,0
The Wolfman_Aaron Guzikowski_Film______,3
The Wolverine_Christopher McQuarrie_Film______1,3
The Woman in Black_Jane Goldman_Film_3 9 2010_Sales Pack_Revised 2nd Draft___,3
The Woman in Black_Jane Goldman_Film_8 3 2010_Sales Pack_2nd Draft___1,3
The Woman in Black_Jane Goldman_Film_Tue Aug 03 2010 00 00 00 GMT-0500 (Central Daylight Time)_Sales Pack_2nd Draft___,3
The Woman King_Dana Stevens_Film______,0
"The Woman on the Beach_Frank Davis, Jean Renoir, Michael Hogan_Film_5 7 1946__Final_FKA -  Desirable Woman __",2
The Woman With Red Hair_Michael Schatz_Film______,0
The Woman With Red Hair_Michael Schatz_Film______2,0
The Women of Route 40_Erin Kathleen_Film______,0
"The Woodsman_Steven Fechter, Nicole Kassell_Film_7 30 2002_____",0
"The Words_Brian Klugman, Lee Sternthal_Film_1 18 2011_____",1
"The World's End_Simon Pegg, Edgar Wright_Film______1",2
"The Worst Guy of All Time, and The Girl Who Came to Kill Him_Michael Waldron_Film______",3
"The Worst Guy of All Time, and The Girl Who Came to Kill Him_Michael Waldron_Film______1",3
The Wrong Side of the Rainbow_Dan Woodward_Film______,1
The Wunderkind_Patrick Aison_Film_5 17 2012_____1,2
The X-Files  Fight the Future_Chris Carter_Film_6 30 1997_____,2
The X-Files  Fight the Future_Chris Carter_Film_6 30 1997_____2,2
The Yakuza_Paul Schrader_Film______,0
The Year of Living Biblically_David Russell_Film______,1
The Year of Wonders_Timothy Scott BOgart_Film_10 31 2006_____,1
The Year of Wonders_Timothy Scott Bogart_Film_10 31 2006_____1,1
The Yellow Wallpaper_Taylor Streitz_Film_4 1 2022_____,0
"The Young and Prodigious T.S. Spivet_Jean-Pierre Jeunet, Guillaume Laurant_Film_6 1 2012_____",2
The Young Hollywood Party Massacre_Michael Voyer_Film______,3
The Young Victoria_Julian Fellowes_Film_5 4 2007_____,1
The Zero Theorem_Pat Rushin_Film_8 14 2012__Production Draft___,2
The Zero Theorem_Pat Rushin_Film______,3
The Zoo Plane_Garry Trudeau_Film_3 31 1980__1st Draft___,2
The Zoo Story_Edward Albee_Film__Play____,1
THE-AWAKENING-Carly-Feingold-Brooke-Fisher-05_04_11,0
The-Back-Nine,0
THE-BADGE-Finegan-and-Parker,2
THE-BEARD,1
The-Catch_May2012,3
The-Chess-Chronicles-Aaron-Pope,0
The-Christmas-Code-Altiere-Brothers-4-15-11,0
THE-CONTRACT-by-Joseph-Muscat,0
THE-CONTROLLER-by-morgan-amp_harvey,3
The-Darkness-by-Tasha-Huo,0
THE-DEATH-OF-ARCHER-NEWMAN,2
THE-DEFECTOR,0
The-Devil__s-Belly-Mike-Le,3
The-Disengagement-Hernandez-Samit,1
The-Do-Over1,1
The-Domain,2
THE-DRAGONS-Vik-Weet,3
THE-DUELIST_Lane-Shadgett,3
THE-ENVOY-New,3
THE-EVIL-INSIDE-Sean-Wathen-and-Eric-Wehr,3
THE-FAMILY-COP,0
THE-FOURTH-DAY-Alyssa-Alexandria-01-01-11,3
The-Friend-Zone,1
The-Greys-Adam-Cohen-03-18-11,2
The-Haitian-Vacation-Feb-2012,0
THE-HEATH,2
THE-HUM,0
The-Hunt_Nick-Cuse-Damon-Lindelof_Film_2_14_2018,3
The-Ice-Man-Craig-Stiles-Steve-Warren,3
THE-INN-Eden-Hile,0
THE-LAST-THING-THEY-DO-2013,0
The-Memory-Thief,0
THE-MINE-by-Chuck-Hustmyre,3
THE-MOUNT-Zach-Zerries,2
The-Musketeer-and-the-Prince-of-Thieves-2,0
THE-NEVER-LAND-John-Swetnam,3
The-New-Favorite-by-Ben-Bolea,1
The-Oregon-Trail,0
THE-PASSENGER-William-Keaton,3
THE-PERFECT-COUPLE-Hank-Nelken,1
the-prestige-beats,2
The-Reductionist,3
THE-REPEAT-YEAR,1
The-Replacement,0
THE-RIFT-6-16-11,3
The-Sellout-Daniel-Lee,0
The-Seven-Sisters-Michael-Caissie,3
The-Shadow-(Howard-Franklin)-07-31-1987-2nd-Unprod.-Scan,3
The-Shape-of-Water_Guillermo-del-Toro-Vanessa-Taylor_Film,0
THE-SNOWMEN_Swanson-and-Dart,3
the-steps-Robyn-Harding-June-10,0
The-Survivors-Mark-William-Stein-03-28-11,3
THE-THIRTEENTH-HOUR-Mark-Jonathan-Stanley-Justin-Stanley,3
THE-UNHOLY,3
THE-VAGABOND-PRINCE-by-Charles-Peirce,0
THE-VANISH-MAN_Denison-Hatch,2
The-Veil-Mike-Flanagan-Jeff-Howard,0
The-Vicious-Kind,3
The-Watching-Hour-Carey-Van-Dyke-Shane-Van-Dyke,0
The-Way-Between-Jennifer-Lee-01-26-11,0
The-Way-Station-Gill-and-Broadhurst,1
THE-WEDDING-DRESS-Freeman-Lauren,1
THE-WIDOW-Ray-Wright,3
THE-WRATH,2
The-Young-The-Hot-and-The-Bothered-Leah-Rachel,1
Thelma and Louise_Callie Khouri_Film___Shooting Script___,0
Thelma_Josh Margolin_Film_10 31 2022_____,2
Them!_Unlisted_Film_9 4 53_____,2
There Was a Little Girl_Nick Moris_Film______,0
There You Are_Brooke Baker_Film_10 6 2022_____,0
They Came From a Broken World_Vanessa Block_Film______,3
"They Cloned Tyrone_Juel Taylor, Tony Rettenmaier_Film______",3
"They Live By Night_Charles Schnee, Nicholas Ray_Film_8 12 1948__Cutting Continuity Script___",2
They Won't Believe Me_Jonathan Latimer_Film_5 27 1946__Revised Shooting Script___,2
The_Devil's_Jokebook_Phil_Clarke_Jr._Film,0
THE_EVER_AFTER_PART_Umansky__Hyatt,1
The_Homestead_Bradley_Kaaya_Jr._Film,2
"The_Northman_Sjon,_Robert_Eggers_Film_12_18_2020_Goldenrod_Draft_",3
The_Parallax_View_Lorenzo_Semple_Jr._Film,2
The_Rider_Chloe_Zhao_Film_,0
The_Transformers_The_Movie_Ron_Friedman_Film_4_27_1985_,2
The_War_of_the_Worlds_Barre_Lyndon_Film_12_18_1951_Final_White_Draft_,2
THE_WOLF_IN_CHIEFS_CLOTHING11_Film_,3
Thick Water_Prince Domonick_Film_3 21 2018_____,0
Thicker than Ice_Tara Tomicevic_Film______,0
Thief_Michael Mann_Film_3 6 1980__Final Draft___,3
Thin-Man-(Billy-Ray)-04-18-2012-1st-Unprod.-122p-Digital,0
Thing-The-(2011),2
Things To Do In Denver When You're Dead_Scott Rosenberg_Film______,3
Things We Lost in the Fire_Allan Loeb_Film______,0
THINK-POSITIVE-Doug-Tenaglia,1
Third Person_Paul Haggis_Film_7 28 2011_____,2
"Thirst_Park Chan-wook, Chung Seo-kyung_Film_1 4 2008___FKA -  The Bat , FKA -  Park Chan-Wook's Untitled Project __",3
Thirteen Days_David Self_Film_12 12 1997_____,0
"Thirteen Ghosts_Neal Marshall Stevens, Todd Acott, Richard D'Ovidio, James Gunn_Film_11 4 2000_____",3
"Thirteen Ghosts_Neal Marshall Stevens, Todd Acott, Richard D'Ovidio, James Gunn_Film_11 4 2000_____1",3
"Thirteenth Grade_Evan Endicott, Mark Phinney_Film______",1
This Boy's Life_Robert Getchell_Film_3 1 1992_____,1
This Is 40_Judd Apatow_Film______,1
This Is Us -  Us _Dan Fogelman_Film_4 12 2022__White Production Draft__6x18_,1
This Is Where I Leave You_Jonathan Tropper_Film_1 20 2011_____,0
This Is Working_K.C. Scott_Film______,1
"This Land Is Mine_Dudley Nichols, Jean Renoir_Film_10 2 1942__Shooting Script___",0
Thomas and The Magic Railroad_Britt Allcroft_Film_8 9 1999__Revised Script___,0
"Thor  Ragnarok_Eric Pearson, Craig Kyle, Christopher L. Yost_Film______",0
Thoroughbreds-(2017)-fka-Thoroughbread-3-11-16,0
"Thor_Ashley Edward Miller, Zack Stentz, Don Payne_Film_3 26 2010__Revised Draft___",3
"Those Who Walk Away_Robert Rippberger, Spencer Moleda_Film_8 9 2020_____",2
Those-Who-Wish-Me-Dead-(2021),3
Threads_Unlisted_Film______,3
"Three Billboards Outside Ebbing, Missouri_Martin McDonagh_Film______",2
"Three Days of the Condor_Lorenzo Semple Jr, David Rayfiel_Film_2 3 1975__Revised Draft___",2
"Three Days of the Condor_Lorenzo Semple Jr, David Rayfiel_Film_2 3 1975__Revised Draft___1",2
Three Heavens_Andrew Wankier_Film______,0
Three Hit Men and a Baby_David Matalon Matthew Altman_Film______,0
Three Hundred Years_Peter Hirschmann_Film_2 25 2012_____,0
Three Kings_David O. Russell_Film_2 17 1999__Revised Final Draft___,3
Three Kings_David O. Russell_Film_6 22 1998_____,3
Three Kings_John Ridley_Film_7 26 1995__1st Draft_FKA -  Spoils of War __,3
"Three Men and a Baby_Coline Serreau, James Orr, James Cruickshank_Film_11 1 1986_____",3
"Three Thousand Years of Longing_George Miller, Augusta Gore_Film______",1
Three-Percent_Andy-Friedhof-1,0
"Throne of Blood_Shinobu Hashimoto, Ryuzo Kikushima, Akira Kurosawa, Hideo Oguni_Film______",2
Through The Cracks_David Rocchio_Film_5 15 2011__1st Draft___,1
Thu Jul 22 2021 00 00 00 GMT-0500 (Central Daylight Time)_Paul Greengrass_Film_Fri Aug 03 2018 00 00 00 GMT-0500 (Central Daylight Time)__Shooting Script_FKA -  Norway __,3
Thu Oct 24 2002 00 00 00 GMT-0500 (Central Daylight Time)_Connor McKnight_Film______,3
Thumb_Cesar Vitale_Film_4 19 2024_____,0
Thunderbolt and Lightfoot copy__Film______,0
Thy Enemy_Brett Martin_Film______,2
"Tick Tock_Anthony Bagarozzi, Charles Mondry_Film_12 21 2004_____",2
"tick, tick... BOOM!_Steven Levenson_Film______",1
Ticker_Paul B. Margolis_Film_11 10 1997_____,0
Ticket-to-Paradise-(2022),1
Tickets_John Hughes_Film_7 26 1996_____,0
Tickets_John Hughes_Film_7 26 1996_____2,0
Tickle Me Elmo_Aaron Karo_Film______,1
Tiger-s-Child-2011-Nicholl-Winner,2
Til Death_Jessica Knoll_Film_1 14 2019_____,0
Tillman_Sean Thomas_Film______,0
"Till_Michael Reilly, Keith Beauchamp, Chinonye CHukwu_Film_8 29 2021__Pink Draft___",0
"Timber Falls_Daniel Kay, Tony Giglio_Film_10 17 2006__Revised Draft___",3
Time After Time -  Pilot _Kevin Williamson_Film_1 10 2016__2nd Revised Network Draft__1x01_,1
"Time of Death_Karen Struck, Jim Buck_Film______",3
Time Shark!_Enrique Bertran_Film_2 1 2015_____,3
Time-Zone-Manhattan-(Bill-Marsilii-Terry-Rossio)-05-09-2021-1st-Digital-Dev.,3
TIMELOCK-Terry-Miles,0
"Tin Cup_John Norville, Ron Shelton_Film_12 1 1995_____",0
Tin Men_Barry Levinson_Film_6 1 1986__Shooting Draft___,2
Tin Roof Rusted_Michelle Harper_Film_1 30 2020_____,1
"Tinker Tailor Soldier Spy_Bridget O'Connor, Peter Straughan_Film_12 17 2010_____",1
"Tinker Tailor Soldier Spy_Bridget O'Connor, Peter Straughan_Film_12 17 2010_____1",1
Tinker Tailor Soldier Spy_Peter Morgan_Film______,1
TIN_MAN,2
Tipping-Point-Todd-Stein-March-2011,3
"Tipsy_Barry Galperin, Memo Noriega_Film_3 10 2024_____",1
Titan A.E_Ben Edlund_Film_1 5 1998__Revised Draft_FKA -  Planet Ice __,0
Titanic_James Cameron_Film______,0
TMNT_Kevin Munroe_Film_8 5 2005__2nd Revision___,0
To All The Boys I've Loved Before_Sofia Alvarez_Film______,1
To Boldly Go_Jack McAuley_Film______,1
To Kill a Mockingbird_Horton Foote_Film_2 8 1962__Final Screenplay___,2
To Rome With Love - Production Document_Unlisted_Film__Production Document____,1
"To the White Sea_David Peoples, Janet Peoples_Film_7 12 1996_____",2
"To the White Sea_David Peoples, Janet Peoples_Film_7 12 1996_____1",2
To Walk Invisible_Sally Wainwright_Film_4 26 2016__Shooting Script___,2
Together_Henry Pincus_Film_4 14 2009__2nd Draft___,1
Toluca Lake_Mark Fleming_Film______,1
Tom-Brown_s-Schooldays-2005-TVM,0
Tomb Raider_Brent V. Friedman_Film_7 7 1998__1st Draft___,0
Tomb-Raider-(10.8.99)-Outline,2
Tombstone_Kevin Jarre_Film_3 15 1993__4th Draft___,0
Tombstone_Kevin Jarre_Film_3 15 1998__4th Draft___,0
Toni Erdmann_Maren Ade_Film______,2
Too_Ned Benson_Film_1 12 2010_____,0
Top Five_Chris Rock_Film_5 2 2013__Revised Draft_FKA -  Untitled Chris Rock Movie __,0
"Top Gun  Maverick_Ehren Kruger, Eric Warren Singer, Christopher McQuarrie_Film_11 25 2019__Cherry Draft___",0
Torso_Ehren Kruger_Film_9 19 2008_____,0
Torso_Ehren Kruger_Film_9 19 2008_____1,0
"Torso_Marc Andreyko, Brian Michael Bendis_Film_1 31 2000__1st Draft___",3
"Total Recall_Kurt Wimmer, Mark Bomback_Film_1 14 2011__Revised Draft___",0
"Total Recall_Ronald Shusett, Dan O'Bannon, Gary Goldman, Steven Pressfield_Film_8 22 1989__Revised Final Draft___",3
"Total Recall_Ronald Shusett, Dan O'Bannon, Gary Goldman_Film_8 22 1989__Final Script___",3
"Total Recall_Ronald Shusett, Dan O'Bannon, Steven Pressfield_Film___5th Revision___",2
Totem_Evan Dickson_Film______,0
"Tough Guys_James Orr, James Cruickshank, Timothy Harris, Herschel Weingrod_Film_12 23 1985__Final Draft___",0
Tourist Trap_Jose Prendes_Film______,3
Towelhead_Alan Ball_Film_2 7 2006_____,1
Tower Block_James Moran_Film_7 1 2011__Locked Shooting Script___,3
"Tower Heist_Adam Cooper, Bill Collage, Russell Gewirtz, Rawson Thurber, Ted Griffin, Leslie Dixon_Film_1 28 2010__Revised Draft_FKA -  Untitled Trump Heist Project __",0
"Tower Heist_Adam Cooper, Bill Collage, Russell Gewirtz, Rawson Thurber, Ted Griffin, Leslie Dixon_Film_1 28 2010__Revised Draft_FKA -  Untitled Trump Heist Project __1",0
Towers_Aaron Rabin_Film______,0
Toy Story 3 _Unlisted_Film______,2
Toy Story 3_Michael Arndt_Film______,0
Toy Story 4_Ben Karlin_Film_5 17 2013__1st Draft___,0
Toy's House_Chris Galletta_Film_9 9 2009_____,0
Toy's House_Chris Galletta_Film_9 9 2009_____1,0
"Tracers_Matt Johnson, Leslie Bohem, Kevin Lund, T.J. Scott_Film______",0
"Trackdown_Ron Mita, Jim McClain_Film_4 25 1995_____",3
"Trackdown_Ron Mita, Jim McClain_Film_6 9 1995_____",3
TRACKER-Dennis-Venter,0
"Trader Games_Paul Besson, Fabrice Genestal_Film_1 1 2009_____",2
Traffic_Stephen Gaghan_Film______,0
Traffic_Stephen Gaghan_Film______2,0
Trail of the Dragon_Ehren Kruger_Film______,2
Train-Dreams-(2025)-FYC,2
Training Day_David Ayer_Film_4 1 2001_____,3
Trainspotting_John Hodge_Film___Shooting Draft___,3
Trainwreck_Amy Schumer_Film______,1
Trainwreck_Amy Schumer_Film______1,1
"Train_Gideon Raff_Film_4 12 2007___FKA -  Terror Train, __",3
"Trance_Joe Ahearne, John Hodge_Film_6 7 2011_____",3
"Trance_Joe Ahearne, John Hodge_Film_7 12 2011_____",0
TRANQUILITY-BASE-Daniel-Turkewitz-2013-spec,2
Transference_Andy Garland_Film______,0
Transformers - Outline_Unlisted_Film_3 28 1985__Revised___,3
Transformers One_Unlisted_Film_4 24 24_____,0
Transformers_Ron Friedman_Film_8 6 1985_____,2
Transformers_Unlisted_Film______,2
TRANSGRESSION__PERRY__04_MARCH_2013,1
"Transporter 2_Luc Besson, Robert Mark Kamen_Film______",2
Trap Door_Sean Dickson_Film_5 8 2005_____,2
Trapped in Paradise_George Gallo_Film_8 17 1993___FKA -  It Happened in Paradise __,0
Trapped_Jill Blankenship_Film_2 28 2024_____,3
Trap_Julie Lipson_Film______,3
Travel Buddies_Cameron Fay_Film______,1
Treasure_Brian De Palma_Film______,2
Treasure_Brian De Palma_Film______1,2
Tremble_Larry Lasky_Film______,3
Tremors-(1990)-aka-Dead-Silence,3
"Tremors_S.S. Wilson, Brent Maddock_Film_6 21 1988___FKA -  Beneath Perfection __",3
Trespasser_Gabe Hobson_Film_12 20 2019_____,3
Triangle of Sadness_Ruben Ostlund_Film_8 31 2020__Green Draft___,1
Triangle_Christopher Smith_Film_1 22 2008_____,3
Trick 'r Treat_Michael Dougherty_Film_3 21 2003_____,0
Trick 'r Treat_Michael Dougherty_Film_3 21 2003_____1,3
Trigger-10-5-123,3
Triple 9_Matt Cook_Film_8 31 2013_____,3
Triple-Frontier-(2019)-3-16-16,0
"Tripoli_Lee Batchler, Janet Scott Batchler_Film_6 25 1998__1st Draft___",3
Tron  Grid Locked_Nicolas Potvin_Film_1 1 2011_____,0
Tron 2.0_Richard Jefferies_Film____FKA -  TR2N __,0
Tron 2.0_Richard Jefferies_Film____FKA -  TR2N __1,0
"Tron _Steven Lisberger, David Rimmer_Film_1 26 1981_____",0
Tron_Charlie Haas_Film_4 6 1981__4th Draft___,0
"Tropic Thunder_Etan Cohen, Ben Stiller, Justin Theroux_Film_1 12 2007__Revised Draft___",1
"Trouble in Paradise_Samson Raphaelson, Grover Jones_Film______",1
Troy_David Benioff_Film_2 21 2003_____,3
Troy_David Benioff_Film_2 21 2003_____1,3
True  Mermaid Story_Matthew Carnahan_Film______,1
True Believers_Doug Richardson_Film______,0
True Confessions of Charlotte Doyle_Danny DeVito_Film_2 7 2006_____,0
True Crime_Stephen Schiff_Film_5 11 1998__1st Revision___,3
"True Grit_Joel Coen, Ethan Coen_Film_3 9 2010__Revised Shooting Draft___",2
"True Grit_Joel Coen, Ethan Coen_Film_3 9 2010__Revised Shooting Draft___1",2
"True Grit_Joel Coen, Ethan Coen_Film_6 12 2009_____1",0
True Lies 2_Jeff Eastin_Film______,0
True Lies 2_Jeff Eastin_Film______1,0
True Lies_James Cameron_Film______,0
True Romance_Quentin Tarantino_Film_3 1 1991__Revised Draft___,3
True Romance_Quentin Tarantino_Film_3 1 1991__Revised Draft___1,3
True Romance_Quentin Tarantino_Film_8 1 1991__Revised Draft___,0
True Romance_Quentin Tarantino_Film_8 1 1992_____,3
Trumbo_John McNamara_Film___Revised_FKA -  Dalton Trumbo __,0
Trumbo_John McNamara_Film______,0
"Trust_Andy Bellin, David Schwimmer_Film_5 13 2009__2nd Draft___",0
"Truth or Consequences, New Mexico_Kit Anderson_Film______",0
Truth_James Vanderbilt_Film______,2
Truth_James Vanderbilt_Film______1,2
"Tucker and Dale vs. Evil_Eli Craig, Morgan Jurgenson_Film_4 9 2009_____1",3
Tully_Diablo Cody_Film______,1
"Turkey in the Straw_Barlow Jacobs, Craig Zobel_Film_1 1 2005_____",1
Turnaround_Elyse Hollander_Film_2 15 2024_____,3
"Turning Tide_Christophe Offenstein, Jean Cottin, Frederic Petitjean, Pierre Marcel, Marc Guilbert_Film______",0
Turpentine_Justin Varava_Film______,0
Tusk_Kevin Smith_Film_7 23 2013__2nd Draft___,3
Tusk_Kevin Smith_Film_7 23 2013__2nd Draft___1,3
TWAINS,0
Tween-the-Ropes-2016-Nicholl-Winner,0
"Twelve Monkeys_David Peoples, Janet Peoples_Film_6 27 1994__Production Draft___1",0
"Twelve Monkeys_David Peoples, Janet Peoples_Film_6 27 1994__Production Draft___2",2
"Twenty Times a Lady_Gabrielle Allan, Jennifer Crittenden_Film_7 10 2008_____",1
"Twin Peaks - Fire Walk With Me_David Lynch, Robert Engels_Film______",0
Twin Soul_Dani Feito_Film_6 24 2024_____,3
Twisters_Mark L Smith_Film_6 16 2022_____,2
"Twister_Michael Crichton, Anne-Marie Martin_Film______",2
Two For The Money_Dan Gilroy_Film_10 29 2004__Final Draft___,0
Two Minutes to Midnight_Sheldon Turner_Film_12 3 2008_____,2
Two Minutes To Midnight_Sheldon V. Turner_Film_12 3 2008_____,2
Two Night Stand_Mark Hammer_Film______2,1
Two-Days-to-Live-Sept15,0
Two-Faced_Cat Wilkins_Film______,1
Two-Funerals_by_Katie-Robbins,1
Typee_Kent Sariano_Film______,3
"U-Turn_John Ridley, Richard Rutowski, Oliver Stone_Film____FKA -  Stray Dogs __",3
"U-Turn_John Ridley, Richard Rutowski, Oliver Stone_Film____FKA -  Stray Dogs __1",1
U.P.S.E.T. _Ben Bolea_Film______,0
"Udaan_Vikramaditya Motwane, Anurag Kashyap_Film_7 7 2009__Shooting Draft___",2
Ultra_Colin Bannon_Film______,3
"Un Prophete_Jacques Audiard, Thomas Bidegain_Film_7 1 2008__5th Draft___",2
Unbreakable_M. Night Shyamalan_Film_10 8 1999_____1,2
"Unbroken_Joel Coen, Ethan Coen, Richard LaGravenese, William Nicholson_Film______",0
Uncharted - Drake s Fortune_David O. Russell_Film______,3
Uncle Wick_Gabe Delahaye_Film______,3
Uncontacted-The,3
"Uncut Gems_Josh Safdie, Benny Safdie_Film_4 17 2015_Director's Statement____",2
"Uncut-Gems_Ronald-Bronstein-Josh-Safdie,-Benny-Safdie_Film_11_17_2018_FYC",0
Under Siege 2 - Dark Territory_Brian Helgeland_Film_5 26 1994_____,3
"Under The Skin._Walter Campbell, Jonathan Glazer_Film______",2
Under the Vultures_Scott Eames_Film______,3
UNDER-PRESSURE-Eric-W-Carlson,0
Under-the-Greenwood-Tree-2005-TVM,0
"Underage_Scott Neustadter, Michael H. Weber_Film___1st Draft___1",0
"Underground_Jackson Lanzing, Collin Kelly_Film______",3
"Underling_Ben Shiffrin, Dave Stoller_Film______",3
Undertow-Pablo-Fenjves-Feb-2011,0
Underworld 3 - Rise Of The Lycans_Danny McBride_Film______,3
Undone,3
UNDYING- 10-6-23__Film______,0
Unforgiven_David Webb Peoples_Film_1 1 1992__Shooting Script___,3
Unforgiven_David Webb Peoples_Film______,3
Unhinged-(2020),0
Unicorn Store_Samantha McIntyre_Film___3rd Draft___,1
Unicorn_Matthew Murphy_Film_3 21 2006_____,0
Unidentified-Brian-Hurwitz,3
UNIDENTIFIEDPHENOM,3
Unlawful_Carver Gray_Film_6 6 2015_____,0
Unplugged-Jared-Ingram-Brian-Sharp,0
"Unstoppable _Eric Champnella, Alex Harris, John Hindman_Film______",0
"Unstoppable _Eric Champnella, Alex Harris, John Hindman_Film______1",0
UNT. MISSING KID__Film______,2
Unthinkable_Peter Woodward_Film_4 17 2007__Revised 8th Master Draft___,3
Until You_Cameron Ali Fay_Film______,1
Untitled Aja Project_Franck Khalfoun_Film_3 8 2010_____,3
Untitled Channing Tatum Project_Doug Jung_Film_9 26 2008__Studio Draft___,3
Untitled Coast Guard_Alex Sohn_Film______,2
Untitled Cops Script_Blake McCormick_Film_9 4 2012_____,3
Untitled Gary Coleman-Emmanuel Lewis Project_Dan Fogelman_Film_10 3 2008_____,0
"Untitled James Gray Project_James Gray, Richard Menello_Film_1 30 2012__Blue Draft___",2
"Untitled John Chu Great Gatsby Project_Amy Andelson, Emily Berk_Film_2 12 2007_____",1
"Untitled Mallusionist Comedy_Jase Ricci, Robbie Pickering_Film______",0
Untitled Monster Project_Andrew Hyatt_Film_9 13 2007_____,0
Untitled Steven Knight Project_Steve Knight_Film_10 31 2013__2nd Option___,0
Untitled Syria Project_Stephanie Carrie_Film______,2
"Untitled Teen Pregnancy Roadtrip Movie (With Zombies)_Steve Barr, Casey Whelan_Film______",3
UNTITLED-Joe-Gazzam,3
Untogether_Emma Forrest_Film_6 12 2015__8th Draft___,1
"Untraceable_Robert Fyvolent, Mark R. Brinker_Film_6 5 2006_____",3
Up In The Air_Jason Reitman_Film_8 19 2008_____2,1
Upgrade_Leigh Whannell_Film_4 1 2013___FKA -  Stem __,3
Upside Down_Unlisted_Film______,1
Upstream Color_Shane Carruth_Film___Revision 1___,0
Up_Unlisted_Film______,0
Urinal-Vinyl-Jay-Eden,0
USS Nikola Tesla_Unlisted_Film______,0
Us_Jordan Peele_Film___FYC___,3
V For Vendetta_Larry and Andy Wachowski_Film_1 1 2004_____,0
V For Vendetta_Larry and Andy Wachowski_Film_4 29 1997_____,0
V H S 2 -  A Ride In The Park _Jamie Nash_Film______1,3
V.I.N._Chiara Towne_Film_8 19 2017__3rd Draft___,1
Vacancy_Mark L Smith_Film_3 23 2006_____,3
VACATION-FRIENDS,1
"Valdez Is Coming_Roland Kibbee, David Rayfiel_Film_12 17 1970_____",2
Valedictorian_Cosmo Carlson_Film______,2
Valet-Untitled-Michael-Bay-Taylor-Lautner-Project-Jason-Dean-Hall-02-08-11,3
Vampire-Asset-The-6.10.21,3
Van Damme vs. Seagal_da drooz_Film_4 2 2007_____,0
Van Damme vs. Seagal_da drooz_Film_4 2 2007_____1,0
"Van Helsing_Jon Spaihts, Eric Heisserer_Film_8 1 2016_____",3
Van Helsing_Stephen Sommers_Film______1,3
Vanish Man_Denison Hatch_Film_3 22 2012_____,2
"Vanished_Samuel Franco, Evan Patrick Kilgore_Film_7 11 2024_____",0
Vanishing On 7th Street_Anthony Jaswinski_Film_9 22 2009__Blue Revisions___,3
Vanishing On 7th Street_Anthony Jaswinski_Film_9 22 2009__Blue Revisions___1,3
Vanishing Point_G. Cain_Film_6 1 1969__1st Draft___,1
Vantage Point_Barry L. Levy_Film_11 4 2005__3rd Draft___,0
Vapor_Neil LaBute_Film_8 28 2003__3rd Draft___,1
VARIANT-2013-Mike-Hurst,3
Vehicle 19_Michael Mukunda Dewil_Film_10 22 2010_____,3
Vehicle 19_Michael Mukunda Dewil_Film______1,3
Vengar_Rhett Willman_Film___5th Rewrite___,2
Vengeance_B.J. Novak_Film_5 25 2018_____,1
Vengeful Virgins_Shelby Farrell_Film_10 16 2018_____,1
Vernon God Little_Andrew Birkin_Film_Wed Aug 07 2013 00 00 00 GMT-0500 (Central Daylight Time)_____,0
Vertigo_Alec Coppel and Samuel Taylor_Film_9 12 1957_____1,2
Vertigo_Alec Coppel and Samuel Taylor_Film_9 12 1957_____2,2
Very Bad Things_Peter Berg_Film_9 2 1997_____,0
Viceland_Chris Parizo_Film______,0
Vice_111213,3
Vice_Adam McKay_Film______1,3
Vicky_Alessandra Clark_Film_10 3 2024_____,1
Victor Frankenstein_Max Landis_Film_5 23 2011__2nd Draft_FKA -  Frankenstein __,3
Victor Frankenstein_Max Landis_Film_5 23 2011__2nd Draft_FKA -  Frankenstein __1,3
Victoria and Abdul_Lee Hall_Film______1,0
"Villains_Dan Berk, Robert Olsen_Film______",0
"Villains_Dan Berk, Robert Olsen_Film______3",0
Villains_Max Landis_Film_5 6 2013_____,0
Violent-Night-(2022),3
VIRGIN-TERRITORY-Adam-Davis-Tex,3
Virtuosity_Eric Bernt_Film_8 24 1994__4th Revision___,3
Virulence_Jesse Zamorano_Film______,3
Virulents_John Cox_Film_7 29 2008__First Revision___,3
VISIONS-OF-JONAH-final,0
"VISION_Alex Pastor, David Pastor_Film_4 29 2015_____",3
Visiting Hours_Brian Taggert_Film_7 21 1980_____,2
Visitor-The-(2007),1
Vital Parts_Hal Ashby_Film_7 1 1987_____,1
Vitus_Julian Wayser_Film_2 1 2022_____,3
Vivacious Lady_P. J. Wolfson and Ernest Pagano_Film_2 21 1938__Revised Final Script___,2
Vivarium_Garret Shanley_Film_5 5 2017_____,0
Vlad_Charlie Hunnam_Film______1,0
Voice-of-Hind-Rajab-The-(2025)-FYC,2
VOICES-OF-THE-DEAD-J-Michael-Straczynski1,3
Voltron_Justin Marks_Film_5 23 2007_____,1
Voltron_Justin Marks_Film_5 23 2007_____1,1
Vox Lux_Brady Corbet_Film_9 21 2016_____,0
Vultures 'n' Doves_Lawrence Lamovec_Film______,3
"W.E._Madonna, Alek Keshishian_Film_5 7 2010__Green Revisions Shooting Script___",1
Wadjda_Haifaa Al Mansour_Film______1,0
"Wag the Dog_Hilary Henkin, David Mamet_Film_10 14 1996_____",2
Wait for It_Anya Engel_Film______1,1
Waiting For Helen_Kevin Pollak_Film___2nd Draft___1,2
Waitlist_Carly Hallman_Film_6 1 2021_____,2
Wake-Cycle-aka-AIR,3
Wake-Up-Dead-Man-(2025)-Final-Shooting-147-pp.,3
Wake-Up-Dead-Man-A-Knives-Out-Mystery-(2025),0
"Waketime_Jay Beattie, Dan Dworkin_Film______1",3
Wake_Christopher Borrelli_Film______1,3
Waking up the Day_Mark Lee_Film______1,0
Walk of Shame_Christopher Baldi_Film___1st Draft___,3
"Wall Street  Money Never Sleeps_Allan Loeb, Stephen Schiff_Film______",2
Wall Street  Money Never Sleeps_Allan Loeb_Film_2 20 2009_____,1
Wall Street  Money Never Sleeps_Allan Loeb_Film_2 20 2009_____1,1
Wall Street 2 - Money Never Sleeps_Allan Loeb_Film_2 20 2009_____,1
"Wall Street_Stanley Weiser, Oliver Stone_Film_4 23 1987__Revised 3rd Draft___",0
"Wallace and Gromit  Vengeance Most Fowl_Nick Park, Mark Burton_Film______",0
Wally's Wonderland_G.O. Parsons_Film_5 1 2019_____,0
"Wanderlust_Ken Marino, David Wain_Film_1 21 2010_____",1
"Wanted_Michael Brandt, Derek Haas, Dean Georgaris_Film_2 23 2007__Revised___",3
"Wanted_Michael Brandt, Derek Haas, Dean Georgaris_Film_2 23 2007__Revised___1",3
War Dogs_Stephen C. Chin_Film_1 27 2012__2nd Draft_FKA -  Arms & the Dudes __,0
War Face_Mitchell LaFortune_Film_10 14 2020_____,3
"War for the Planet of the Apes_Mark Bomback, Matt Reeves_Film_11 30 2015__Final Shooting Script___",3
"War Games 2000_Willard Huyck, Gloria Katz_Film_4 24 1998_____",3
"War Horse_Lee Hall, Richard Curtis_Film______1",0
"War of the Worlds_Josh Friedman, David Koepp_Film_Thu Mar 31 2005 00 00 00 GMT-0600 (Central Standard Time)__Revised Final Draft___",2
War of the Worms_Andrew Kurtzman_Film_1 25 2010_____,3
"War, Inc._Mark Leyner, Jeremy Pikser, John Cusack_Film_2 14 2006_____",0
WAR-GODS,2
Ward 8_Tasha Huo_Film______,3
Ward-4-Michael-Calladine,0
"Warfare_Ray Mendoza, Alex Garland_Film_5 13 2024__Shooting Script 2___",3
"WarGames_Noah Oppenheim, Zak Penn_Film_6 6 2013__Revised___",2
Warm Bodies_Jonathan Levine_Film_7 12 2011_____,0
Warning Shot_Breanne Mattson_Film______2,3
"Warpath_Christian Johnson, Angelo Mastantuono, Athena Bowyer, John Tuddle_Film_4 11 2012__Revised 1st Draft___",3
"Warrior_Gavin O'Connor, Anthony Tambakis, Cliff Dorfman_Film_1 15 2009__Revised___",0
War_of_the_Worlds_Barre_Lyndon_Film_12_18_1951_,2
Watch Roger Do His Thing_Michael Starrbury_Film_9 1 2010_____,3
Watcher-in-the-Woods-(1980),2
Water for Elephants_Richard LaGravenese_Film_4 16 2009__Revised 2nd Draft___,0
Water Works_Darryl Wharton-Rigby_Film______1,1
Water-Tower-The-by-Bobak-Esfarjani,3
Waves_Trey Edward Shults_Film___FYC___1,1
"Wayne's World_Mike Myers, Bonnie Turner, Terry Turner_Film_Sun Apr 07 1991 00 00 00 GMT-0600 (Central Standard Time)_____1",1
Ways To Hide in Winter_Jenny Halper_Film______,2
Wayward_Andrew Zilch_Film______,0
"We Are Marshall_Jamie Linden (Rev. - Christopher Markus, Stephen McFeely)_Film_2 22 2006_____",0
We Are Nowhere_Peter Hoare_Film______,1
WE GOT NEXT__Film______,1
"We Need to Talk About Kevin_Lynne Ramsay, Rory Kinnear_Film_11 23 2007_____",1
"We Need to Talk About Kevin_Lynne Ramsay, Rory Kinnear_Film______3",0
We Own the Night_James Gray_Film______1,0
We Should Date_Laura Sandler_Film_7 7 2016_____,1
We Summon the Darkness_Alan Trezza_Film_8 28 2015_____1,3
We're No Angels_David Mamet_Film_Thu Jun 01 1989 00 00 00 GMT-0500 (Central Daylight Time)__Final Shooting Script___,0
"We're the Millers_Bob Fisher, Steve Faber, Sean Anders, John Morris, Rawson Marshall Thurber_Film_7 8 2011__Revised___",1
WE-HATE-YOUR-GIRLFRIEND,1
Weapons-(2025)-Salmon-Revised-6-24-2024-FYC,2
Weary Ride the Belmonts_Josh Corbin_Film_9 1 2022_____,3
Wed May 25 1977 00 00 00 GMT-0500 (Central Daylight Time)_Patrick Read Johnson_Film_2 22 2000_____,0
"Wedding Banned_Jake Amiel, Michael Begler_Film_Mon May 19 2008 00 00 00 GMT-0500 (Central Daylight Time)_____",1
WEDDING_OF_WARCRAFT-_red_hour,0
"Weep, Crave, Loathe_Stephanie Jones_Film_12 2 2015_____",2
Welcome to Christmas_Rick Garman_Film______1,1
Welcome to Christmas_Rick Garman_Film______4,1
Welcome to Me_Eliot Laurence_Film_Thu Aug 01 2013 00 00 00 GMT-0500 (Central Daylight Time)_____,1
"Welcome to the Neighborhood_Ross Lazar, Sebastian Shepard_Film______",0
Welcome to the Punch_Eran Creevy_Film______1,3
Welcome to the Rileys_Ken Hixon_Film______,3
"Wenceslas Square_Christopher Markus, Stephen McFeely_Film_5 14 2009__2nd Draft___",0
Wendi_Amy Wang_Film_11 1 2018__4th Draft___,1
Wendy and Lucy__Film______,2
Werewolves-of-Reseda-Brian-Frank-aka-Wolfpack-of-Reseda,1
Wes Craven's New Nightmare_Wes Craven_Film____FKA -  A Nightmare on Elm Street 7 The Ascension __,3
West is West_Ayub Khan Din_Film_1 1 2009_____,2
West Side Story_Tony Kushner_Film___FYC___,0
Westlake High School_Kim Ray_Film_2 28 2012_____,2
WetHouse-March19,2
Whalemen_Tucker Parsons_Film_1 1 2012_____,0
Whalemen_Tucker Parsons_Film______1,0
What About Bob_Tom Schulman_Film_7 26 1990_____,0
What About Bob_Tom Schulman_Film___Shooting Draft___1,0
What Doesn't Kill You_Shawn Davis_Film______,3
What Doesn't Kill You_Shawn Davis_Film______2,3
What Ever Happened to Victor Buono_Iaeger Soderbergh Mele_Film_3 1 2007_____,3
What Happened to Monday _Max Botkin_Film_9 9 2010_____,3
What Is Life Worth_Max Borenstein_Film_7 30 2008_____,1
What Lies Beneath_Clark Gregg_Film_6 14 1999_____,2
What They Had_Elizabeth Chomko_Film______3,2
What We Become_Amy Jo Johnson_Film______,0
"What We Did On Our HOliday_Guy Jenkin, Andy Hamilton_Film_5 20 2013__Shooting Script___",0
"What We Do in Shadows_Jemaine Clement, Taika Waititi_Film_11 22 2011__Working Draft___",0
"What We Do In the Shadows_Jermaine Clement, Taika, Waititi_Film______",0
What Would Kenny Do_Christopher Baldi_Film_4 1 2008___FKA -  WWKD __,1
What's Love Got to Do With It_Unlisted_Film______,2
WHAT'S MY AGE AGAIN__Film_9 7 2022_____,1
What's the Matter with Helen_Henry Farrell_Film_11 27 1970__Final Draft___,2
Wheels Come Off_Kryzz Gautier_Film______,0
"When a Stranger Calls_Steve Feke, Fred Walton_Film_1 1 1978__Shooting Script___",0
When Corruption Was King_Frank Baldwin_Film_9 2 2009_____,0
"When Harry Met Sally_Nora Ephron, Rob Reiner, Andrew Scheinman_Film_8 23 1988__Pink___",1
When Horror Met Sally_Ervin V. Anderson_Film______,0
"When In Doubt, Seduce_Allie Hagan_Film_11 26 2016__1st Draft___",1
When Lightning Strikes_Anna Klassen_Film______,0
"When The Bough Breaks_Jack Olsen, Karl Gajdusek_Film_3 31 2011_____",1
WHEN-DOVES-DIE,3
When-Thunder-Sleeps-2012-Nicholl-Finalist,3
Where Angels Die_Alexander Felix_Film______4,0
Where Angels Die_Alexander Felix_Film______6,0
Where Danger Lives_Charles Bennett_Film_1 18 1950__Shooting script_FKA -  A White Rose for Julie __,2
Where I End_Imran Zaidi_Film______,2
Where the Day Takes You_Michael Hitchcock_Film______,2
Where the Sidewalk Ends_Tasha Huo_Film______2,0
"Where the Wild Things Are_Spike Jonze, Dave Eggers_Film_11 21 2008__Buff Revised___",1
WHERE-THE-DEAD-LIE-DOWN-Nathan-Shepherd-HitList-2013,3
Which Way Is Up_Carl Gottlieb_Film______,0
While Rome Burns_Alex Hollister_Film______,3
While She Was Out_Susan Montford_Film_12 20 2006__5th Production Draft___,3
While She Was Out_Susan Montford_Film_12 20 2006__5th Production Draft___1,3
While We're Young_Noah Baumbach_Film_10 15 2010_____,1
While We're Young_Noah Baumbach_Film_9 30 2013__Pink Revisions___,1
Whip It!_Shauna Cross_Film_2 14 2006__3rd Revision___,1
Whip It!_Shauna Cross_Film_7 14 2006_____,1
Whiplash_Damien Chazelle_Film______1,0
Whispers from the Watchtower_Jai Brandon_Film______,0
White Jazz_Matt Carnahan (Rev. - Joe Carnahan)_Film______,3
"White Jazz_Matthew Michael Carnahan, Joe Carnahan_Film_9 16 2007_____",3
White Label_Jay Eden_Film______,0
"White Mountains_Mario Kyprianou, Becky Leigh_Film______",3
White Noise_Noah Baumbach_Film______,2
"White Water_Michael S. Bandy, Eric Stein_Film_10 1 2014_____",0
White-Girl-2008-TVM,2
Who Killed Bambi_Roger Ebert_Film_7 1 1977__2nd Draft_FKA -  Anarchy In The U.K __,3
Who Made the Potato Salad _Kyle Drew_Film______,3
Why Should White Guys Have All The Fun_Stephen Belber_Film_11 20 2011_____,1
Wichita_Patrick O'Neill_Film_9 14 2005_____,3
Wicked-For-Good-(2025)-FYC,0
"Wicked_Winnie Holzman, Dana Fox_Film______",1
Wicker-Man-The-(1973)-Ingrid-Pitt-s-script-147-scenes-127-pp.,2
WILCOX-by-Rene-Ambruso,1
Wild Card_William Goldman_Film_2 7 2012___FKA -  Heat __,0
Wild Cherry_Chris Charney_Film_4 23 2008__Pink Script___,1
Wild Tales_Damian Szifron_Film_1 1 2012___FKA -  Savage Tales __,0
"Wild Things_Stephen Peters, Kem Nunn_Film______",2
Wild Things_Stephen Peters_Film_1 21 1997_____,0
Wildfire_Chaya Doswell_Film_10 26 2022_____,0
"Wildlife_Paul Dano, Zoe Kazan_Film_10 31 2015_____",0
Wild_Michael Burgner_Film______,2
Willie-Francis-Must-Die-Again-Allan-Durand-2012-Nicholl-Winner,0
Willow_Bob Dolman_Film______1,0
Win Win_Tom McCarthy_Film_5 15 2010_____,1
"Wind Chill_Joe Gangemi, Steven A. Katz_Film_2 23 2005__Yellow Revisions___",3
Wind River_Taylor Sheridan_Film______1,3
"Windfall_Justin Lader, Andrew Kevin Walker_Film_2 23 2021__Pink Revised Draft___",2
Winner Kills All_Jimmy Mosqueda_Film______1,0
Winter's Discontent_Paul Fruchbom_Film______2,0
Witchblade_J.D. Zeik_Film_12 9 1999__Shooting Script___,3
Wither_Stephanie Koff_Film______2,2
Within The Woods_Sam Raimi_Film_5 1 1979_____1,2
Without Remorse_Taylor Sheridan_Film_6 16 2019_____,3
"Wolf Creek 2_Aaron Sterns, Greg McLean_Film_9 5 2010_____",3
Wolverine and the X-Men_Gary Goldman_Film_6 18 1991_____,0
Wolverine and the X-Men_Gary Goldman_Film_6 18 1991_____1,0
Woman-Under-Glass-May-2013,3
Women In Business_Laura Steinel_Film_3 5 2016_____,3
Women Talking_Sarah Polley_Film_8 16 2021__Double Pink Draft___,0
Wonder Boys_Steve Kloves_Film_Thu Jan 21 1999 00 00 00 GMT-0600 (Central Standard Time)__Pink Revision___,0
Wonder Woman_Allan Heinberg_Film_Sun Jan 01 2017 00 00 00 GMT-0600 (Central Standard Time)__Final Shooting script___,3
Wonder Woman_Matthew Jennison and Brent Strickland_Film_Thu Jan 01 2009 00 00 00 GMT-0600 (Central Standard Time)_____,0
Wonka Read The Screenplay Redacted__Film______,1
WOODWORK_Abiel Bruhn_Film______,3
Work-Release,0
WORK-SPOUSE-Geoff-Barbanell-Arland-DiGirolamo-9_19_11,1
World Trade Center_Andrea Berloff_Film_11 9 2004___FKA -  Detroit __,2
World War Z_Matthew Michael Carnahan_Film______1,2
World's Greatest Dad_Bob Goldthwait_Film_10 28 2007__4th Draft___,0
Worldbreaker_Joshua Rollins_Film______1,3
Worst. Dinner. Ever._Jack Waz_Film______,0
Worst.Honeymoon.Ever._Brian Duffield_Film_4 4 2011_____,3
WorstBest-9-9-11,1
Wrath-of-the-Titans-(2012)-(UNTITLED-CLASH-OF-THE-TITANS-SEQUEL)-(Dan-Mazeau-David-Leslie-Johnson)-(11-21-2010)-(Digital),0
Wreck-It Ralph_Unlisted_Film______1,0
WRECKING BALL_Susan Brightbill_Film______,1
Wretched Emily Derringer_Chris Thomas Devlin_Film______1,3
"Wrong Turn 2_Turi Meyer, Al Septien_Film_10 4 2005__Writers' 1st Revision___",3
Wrongful Termination_Brett Martin_Film______,0
Wyler_Michael Moskowitz_Film______,0
X-2012-Nicholl-Finalist,1
X-COUNTRY-Alex-Daltas,0
X-Men  Days of Future Past_Simon Kinberg_Film______,3
X-Men  Fear the Beast_Byron Burton_Film______,3
X-Men 3_Dan Marcus_Film_11 7 2006__6th Draft___,0
X-Men_Andrew Kevin Walker_Film_6 7 1994__2nd Revision___,3
X-Men_Andrew Kevin Walker_Film_6 7 1994__2nd Revision___1,3
"X-Men_Ed Solomon, Chris McQuarrie, Tom DeSanto, Bryan Singer_Film______",0
"X-Men_Ed Solomon, Chris McQuarrie_Film_2 15 1999_____",2
"X-Men_Gerry Conway, Roy Thomas_Film_6 21 1984__First Draft___",2
X-Ryan-Belenzon-Jeffrey-Gelber-01-01-11,1
Xxoxia_Phil Golub_Film______,2
"xXx  The Return of Xander Cage_John Brancato, Michael Ferris_Film_6 5 2009__Revised Draft___",2
xXx_Rich Wilkes_Film_8 26 2001__3rd Draft___,2
"Y  The Last Man_Matthew Federman, Stephen Scaia_Film_6 29 2012_____",0
Y - The Last Man_Brian K. Vaughn_Film______,3
Y - The Last Man_Brian K. Vaughn_Film______1,3
Y - The Last Man_Brian K. Vaughn_Film______2,3
Y Tu Mama Tambien_Unlisted_Film______,2
Year 12_Edward Ricourt_Film______,3
"Year of the Sex Olympics, The Stone Tape, The Road_Nigel Kneale_Film______",2
Year of Wonders_Pip Karmel_Film_6 9 2006_____,0
Yellowstone Falls_Daniel Kunka_Film_2 10 2014_____,2
Yo-Lets-Save-Jesus,0
"Yogi Bear_Jeffrey Ventimilia, Joshua Sternin, Brad Copeland_Film_10 6 2009_____",1
Yom Kippur_Brett Melnick_Film______,0
"You Again_Moe Jelline, Dave Johnson_Film_12 15 2008_____",1
"You Again_Moe Jelline, Dave Johnson_Film_12 15 2008_____1",1
You Can Count on Me_Kenneth Lonergan_Film_1 1 2000_____,0
You Were Never Really Here_Lynne Ramsay_Film_8 29 2016_____,2
"You're Dead Meat, Piplowski_Alex Drummond_Film______",2
"You're My Best Friend_Mary Beth Barone, Erin Woods_Film______",1
You're Not Real_Jay Russell_Film______,3
"You've Got Mail_Nora Ephron, Delia Ephron_Film_2 2 1998_____",1
"You've Got Mail_Nora Ephron, Delia Ephron_Film______",2
Young Adult_Diablo Cody_Film_4 10 2010_____,1
Young Adult_Diablo Cody_Film______,1
Young Frankenstein_Gene Wilder_Film______,0
Young Woman and the Sea_Jeff Nathanson_Film_3 3 22_____,2
YOUNG-AGATHA-12-25-12-Jamie-Dawson,0
Young-Ex-Cons-Curt-Burdick-and-Jeff-Burdick,0
"Young.Wild.Free_Tony Rettenmaier, Juel Taylor_Film______",3
Youngblood_Rob Liefeld_Film_8 22 2016_____,3
your boy._Matt Whitaker_Film_11 30 2017_____,1
Your Boy._Matt Whitaker_Film_2 28 2018_____,1
Your Bridesmaid is a Bitch_Brian Duffield_Film______,1
Your Bridesmaid is a Bitch_Brian Duffield_Film______1,1
Your Voice In My Head_Unlisted_Film______,0
Your Writing Coach_Jurgen Wolff_Film______,1
YOUR-NEW-BEST-FRIEND-Donohue-Eirene,1
Youre_Dead_to_Me,0
YOU__LL-BE-THE-DEATH-OF-ME-Mark-Hammer-1,0
Yuba_Eamon O'Sullivan_Film_7 20 2016_____,3
"Zabriski Point_Michelangelo Antonioni, Franco Rossetti, Sam Shepard, Tonino Guerra, Clare Peploe, Fred Gardner_Film_1 1 1970__Shooting Script___",0
Zaddy_Sarah Ramos_Film_3 6 2024_____,1
Zapper_Jim Strain_Film______,0
Zathura_David Koepp_Film_5 6 2004_____,2
Zero Dark Thirty_Mark Boal_Film_10 3 2011_____,2
Zero Dark Thirty_Mark Boal_Film_10 3 2011_____1,2
ZERO-HOUR-Nathan-Marshall,2
Zodiac (aka Chronicles),2
Zodiac_Jamie Vanderbilt_Film_7 5 2006__Shooting Script_FKA -  Chronicles __,2
Zoe_Rich Greenberg_Film_10 1 2016_____,1
"Zola_Andrew Neel, Mike Roberts, Jeremy O. Harris, Janicza Bravo_Film_6 24 2018_____",3
"Zola_Janicza Bravo, Jeremy O. Harris_Film_11 1 2018_____",2
Zombie Baby_Andy Jones_Film______,3
Zombie-Pet-Shop-E-L-Katz-09-22-10,0
zombie-prom,0
Zombie-Wedding-9-23-12,3
"Zombieland 2_Rhett Reese, Paul Wernick_Film_1 15 2018_____",0
Zombieland-(2009)-2007-02-15,0
ZONE-THE,3
"Zookeeper_Jay Sherick, David Ronn_Film_4 18 2007_____",1
Zootopia-2-(2025)-FYC,0
"Zootopia_Jared Bush, Phil Johnston_Film___FYC___",0
"Zorro_Matthew Federman, Stephen Scaia_Film_8 8 2012_____",0
